Name,Group,Plate,Round,RBS,RBS6,Rep1,Rep2,Rep3,Rep4,Rep5,Rep6,AVERAGE,STD
RBS_1by1_0,Reference,First_Plate,0,TTTAAGAAGGAGATATACAT,AGGAGA,2.2557000016670234,1.5657422490908748,2.285849173015578,1.6964061862748532,1.5183466564405097,1.3386628855500693,1.7767845253398182,0.3995615276943995
RBS_1by1_1,BPS-NC,First_Plate,0,CTTAAGAAGGAGATATACAT,AGGAGA,1.5285053089090745,1.0730346616313404,1.8867979215168311,0.9989830066050257,1.1936847732607296,1.1414711147451522,1.303746131111359,0.3391227229002507
RBS_1by1_2,BPS-NC,First_Plate,0,GTTAAGAAGGAGATATACAT,AGGAGA,0.7383660054054261,0.546823860531177,1.2805934198134044,0.20114488462583408,0.22187807488569172,0.36279413940114585,0.5586000641104465,0.40822169021715266
RBS_1by1_3,BPS-NC,First_Plate,0,ATTAAGAAGGAGATATACAT,AGGAGA,1.6131909138882519,1.2008918374698216,1.722904363438435,0.8598083335969154,0.8897915172251576,0.6880529817797801,1.1624399912330603,0.4265539582715303
RBS_1by1_4,BPS-NC,First_Plate,0,TCTAAGAAGGAGATATACAT,AGGAGA,1.5199553962493189,1.3158414568556007,1.6156275505578936,1.090032570903246,0.9046816258476417,1.2585320406691045,1.2841117735138006,0.2641287542830016
RBS_1by1_5,BPS-NC,First_Plate,0,TGTAAGAAGGAGATATACAT,AGGAGA,0.35435988247518807,0.17768541966684653,0.9246827865158906,0.025794551531525586,0.05931464355094094,0.1371346816020552,0.2798286608904078,0.3362577345849092
RBS_1by1_6,BPS-NC,First_Plate,0,TATAAGAAGGAGATATACAT,AGGAGA,1.286057033197438,0.8647585846632118,1.2799981123104076,0.46231313239545363,0.6095796293042202,0.9591254465854249,0.910305323076026,0.338659995191606
RBS_1by1_8,BPS-NC,First_Plate,0,TTGAAGAAGGAGATATACAT,AGGAGA,1.4869211024359505,1.078419142983904,,1.1240350690953769,0.9158827459612562,1.3114032761639243,1.1833322673280824,0.22057908557002456
RBS_1by1_9,BPS-NC,First_Plate,0,TTAAAGAAGGAGATATACAT,AGGAGA,0.6170745724561365,0.4616007530615353,1.595864509232444,0.182770331377541,0.10257404894229213,0.19783369994036928,0.5262863191683863,0.5588990389943653
RBS_1by1_10,BPS-NC,First_Plate,0,TTTCAGAAGGAGATATACAT,AGGAGA,1.4570716218679465,0.6516336058598738,1.0557190267076446,0.8422573743552026,0.6016226653300338,1.1179957282942012,0.9543833370691505,0.32199477356581285
RBS_1by1_11,BPS-NC,First_Plate,0,TTTGAGAAGGAGATATACAT,AGGAGA,1.710993948289638,1.2749193935079477,1.5905568789180058,0.9997948066888306,0.9435717662070862,1.0329920562105044,1.258804808303669,0.3262647959275808
RBS_1by1_12,BPS-NC,First_Plate,0,TTTTAGAAGGAGATATACAT,AGGAGA,1.7636213983369893,0.975607684711418,1.7646444258759124,0.7936339485085444,0.6312609650166886,1.019618352188732,1.1580644624397143,0.4893726147261296
RBS_1by1_13,BPS-NC,First_Plate,0,TTTACGAAGGAGATATACAT,AGGAGA,1.5192072190865071,0.9459125962509775,1.761064359351629,0.9439494860408829,0.683066653254367,1.2075883438345696,1.176798109636489,0.402704963996073
RBS_1by1_14,BPS-NC,First_Plate,0,TTTAGGAAGGAGATATACAT,AGGAGA,1.316127285808073,0.9248451211681699,1.7804375423624876,0.8215362579106137,0.5181202966615739,0.806863676737913,1.027988363441472,0.4497391195655295
RBS_1by1_15,BPS-NC,First_Plate,0,TTTATGAAGGAGATATACAT,AGGAGA,0.6475334471903967,0.2882799874814261,1.4341882620868984,0.21189174472001082,0.012767636518227547,0.06177212260716668,0.44273886676735436,0.5351769019298024
RBS_1by1_16,BPS-NC,First_Plate,0,TTTAACAAGGAGATATACAT,AGGAGA,0.911879500089027,0.5909648738943885,1.0672328487939828,0.3403511226374247,0.36949985557886034,0.6055562952576425,0.647580749375221,0.29074117469523403
RBS_1by1_17,BPS-NC,First_Plate,0,TTTAAAAAGGAGATATACAT,AGGAGA,0.7972574907839841,0.35199141235370784,0.737832345558375,0.22560464902318003,0.1794434921561897,0.5266186614793053,0.469791341892457,0.26081228528876826
RBS_1by1_18,BPS-NC,First_Plate,0,TTTAATAAGGAGATATACAT,AGGAGA,0.8547260910544608,0.5155080570238681,0.8555969169491481,0.34563604755528676,0.24338838963719406,0.4272449276388676,0.5403500716431375,0.2598932650543889
RBS_1by1_19,BPS-NC,First_Plate,0,TTTAAGCAGGAGATATACAT,AGGAGA,0.46660323304574497,0.17616252932510756,1.0156749924355966,0.09870422142714937,0.07761022027280316,0.2618634126031524,0.3494364348515923,0.3555420899285386
RBS_1by1_20,BPS-NC,First_Plate,0,TTTAAGGAGGAGATATACAT,AGGAGA,0.8629994512380936,1.0051458465295084,1.0305681563221534,0.5322220052102039,0.1163502438405984,0.7495006397345036,0.7161310571458436,0.3460183970367014
RBS_1by1_21,BPS-NC,First_Plate,0,TTTAAGTAGGAGATATACAT,AGGAGA,0.2441062216990599,0.25992618247843996,1.1120721468701154,0.14299689125442608,-0.14547891107381813,0.10852228479250026,0.2870241360034539,0.42963847838278557
RBS_1by1_22,BPS-C,First_Plate,0,TTTAAGACGGAGATATACAT,CGGAGA,0.7090700969469912,0.6115159778376593,0.7151938516344035,0.368717069231933,0.30816708504643037,0.6068942969075376,0.5532597296008258,0.17372183836860475
RBS_1by1_23,BPS-C,First_Plate,0,TTTAAGAGGGAGATATACAT,GGGAGA,-0.42750151778052053,-0.19837670634687463,1.0308373850275112,-0.3717455136830594,-0.3175526330667253,-0.33799583846794995,-0.1037224707196031,0.5609745203903135
RBS_1by1_24,BPS-C,First_Plate,0,TTTAAGATGGAGATATACAT,TGGAGA,1.149788254855303,0.6261166532172929,0.3924787520157123,0.3868489998256864,0.5554088728783827,0.33120229975569554,0.5736406387580122,0.3038155028027595
RBS_1by1_25,BPS-C,First_Plate,0,TTTAAGAACGAGATATACAT,ACGAGA,1.1706575485293047,0.7535994863412702,1.588169421634494,0.5923361385854123,0.5191123258406926,0.9082299053797926,0.9220174710518277,0.40128726891060473
RBS_1by1_26,BPS-C,First_Plate,0,TTTAAGAAAGAGATATACAT,AAGAGA,0.05393362544597968,-0.09934983859466583,1.4225514011406835,-0.3649068538494761,-0.35847593686363166,-0.2484193997874892,0.06755549958190005,0.6829968447386345
RBS_1by1_27,BPS-C,First_Plate,0,TTTAAGAATGAGATATACAT,ATGAGA,-0.47911374077440627,-0.2812256675273479,0.5154702529680317,-0.4292620508986138,-0.4451806940564468,-0.9899074036806819,-0.3515365506615775,0.48892702568539353
RBS_1by1_28,BPS-C,First_Plate,0,TTTAAGAAGCAGATATACAT,AGCAGA,-0.28587579273372515,-0.3325742784295589,0.36049564588807775,-0.35702886373677784,-0.6104833892287201,-0.8907326764318502,-0.3526998924454257,0.41700568926360165
RBS_1by1_29,BPS-C,First_Plate,0,TTTAAGAAGAAGATATACAT,AGAAGA,-1.4042025747760927,-0.5680928037397619,0.11393856610429764,-0.8910758208052142,-0.6987584636755716,-0.9107400937566276,-0.7264885317748284,0.5005017099012354
RBS_1by1_30,BPS-C,First_Plate,0,TTTAAGAAGTAGATATACAT,AGTAGA,-0.6588792631676494,-1.2102933489175938,-0.9947501581869695,-0.6043397605445631,-0.8743523515027551,-1.0590694865952632,-0.9002807281524655,0.23527608139108347
RBS_1by1_31,BPS-C,First_Plate,0,TTTAAGAAGGCGATATACAT,AGGCGA,-1.4249385295243884,-0.9663179610425972,-0.668890322827714,-0.6400058553550695,-0.7100203958159006,-0.9054553761037963,-0.8859380734449109,0.29526352782967913
RBS_1by1_32,BPS-C,First_Plate,0,TTTAAGAAGGGGATATACAT,AGGGGA,-0.10296101880669825,0.024141161686701898,-0.462272194258759,-0.1892858015915331,-0.38642753895900456,-0.18108119880769177,-0.21631443178949747,0.18004083224386555
RBS_1by1_33,BPS-C,First_Plate,0,TTTAAGAAGGTGATATACAT,AGGTGA,-0.07401686935019468,0.04308486837256645,0.445512868214465,-0.2149788843580233,-0.3563482112303275,-0.04579661550559486,-0.03375714064285148,0.2735969845112035
RBS_1by1_34,BPS-C,First_Plate,0,TTTAAGAAGGACATATACAT,AGGACA,0.26380367930858545,0.07381447701657229,0.46158290967180293,0.09315946408886544,-0.19236557290671083,0.16134744677120683,0.14355706732505366,0.217331152497696
RBS_1by1_35,BPS-C,First_Plate,0,TTTAAGAAGGAAATATACAT,AGGAAA,0.05826880626493312,0.027085046464428903,0.5744482005034787,-0.2355020547467346,-0.21603411325941663,-0.11801949250998318,0.015041065452784384,0.2996073240698585
RBS_1by1_36,BPS-C,First_Plate,0,TTTAAGAAGGATATATACAT,AGGATA,1.0863420050507875,0.7832357118411724,0.7636060732919787,0.4929639413971249,0.5219056361353368,0.3624173774150661,0.6684117908552443,0.2618361054108662
RBS_1by1_37,BPS-C,First_Plate,0,TTTAAGAAGGAGCTATACAT,AGGAGC,0.4071645311576563,0.16516154684339676,1.5216769783274382,0.04439215272145966,-0.08666084585218502,0.03990442529726929,0.3486064647491725,0.5984106354930753
RBS_1by1_38,Consensus,First_Plate,0,TTTAAGAAGGAGGTATACAT,AGGAGG,0.2767305806337527,0.2180908152651191,0.8881540761608712,-0.08414161572396925,-0.1253206637993804,-0.02746694141934528,0.191007708519508,0.37883952429004025
RBS_1by1_39,BPS-C,First_Plate,0,TTTAAGAAGGAGTTATACAT,AGGAGT,0.25833559473436396,-0.08159580181587976,0.8386052747204892,-0.14194246931798016,-0.15738354041077116,-0.06246983371690017,0.108924870698887,0.38840337793126295
RBS_1by1_40,BPS-NC,First_Plate,0,TTTAAGAAGGAGACATACAT,AGGAGA,0.44749711993451097,0.3473322181823703,0.6703689520114663,0.5863280210209014,0.19903718929942188,0.44202758338944304,0.4487651806396857,0.16776858184196036
RBS_1by1_41,BPS-NC,First_Plate,0,TTTAAGAAGGAGAGATACAT,AGGAGA,0.7276799772456329,0.3650007456525096,0.7986389935139104,0.4298737325641395,0.16871517839321024,0.4517272668260331,0.4902726490325726,0.2348097417904564
RBS_1by1_42,BPS-NC,First_Plate,0,TTTAAGAAGGAGAAATACAT,AGGAGA,-1.4501687910347525,-0.9239586398295095,0.7655894624976245,-0.8853730780787658,-0.9488535973963816,-0.9723138864675005,-0.7358464217182142,0.7646697990711353
RBS_1by1_43,BPS-NC,First_Plate,0,TTTAAGAAGGAGATCTACAT,AGGAGA,-1.3848271658143245,-0.9401100762907029,-0.5461243165718593,-0.9561131631861917,-0.9149833331045587,-0.8554847433587813,-0.9329404663877363,0.2686032567657349
RBS_1by1_44,BPS-NC,First_Plate,0,TTTAAGAAGGAGATGTACAT,AGGAGA,0.9672953905009247,0.9380738236490918,-1.153031974809104,0.5010410858465439,0.40218106219957467,0.9063825058764979,0.4269903155439215,0.8106197939946423
RBS_1by1_45,BPS-NC,First_Plate,0,TTTAAGAAGGAGATTTACAT,AGGAGA,0.5964330406790159,0.5208416027776662,1.1403295816459138,0.3382140736324545,0.1070576099592163,0.3848692477642252,0.514624192743082,0.3499445592557188
RBS_1by1_46,BPS-NC,First_Plate,0,TTTAAGAAGGAGATACACAT,AGGAGA,0.7470183977590126,0.39532930792404547,0.9012930106544778,0.47020260100639794,0.1635572778828884,0.4514806081181079,0.5214802005574883,0.2633163308859626
RBS_1by1_47,BPS-NC,First_Plate,0,TTTAAGAAGGAGATAGACAT,AGGAGA,1.2183084110147813,0.9082837587006736,0.9265745250336243,0.707606552475963,0.5886671635786935,0.7337510661015524,0.8471985794842146,0.2222382560305541
RBS_1by1_48,BPS-NC,First_Plate,0,TTTAAGAAGGAGATAAACAT,AGGAGA,1.9791089076305073,1.2126540876702654,1.5416335984647744,1.2727952848555237,0.9640342218030161,1.099177740158831,1.3449006400971528,0.36580084432307075
RBS_1by1_49,BPS-NC,First_Plate,0,TTTAAGAAGGAGATATCCAT,AGGAGA,1.2535748552641113,0.6352033262538078,1.9183339893123714,0.7957927466791243,0.6094203483027961,0.8730980875862139,1.014237225566404,0.4999710205155785
RBS_1by1_50,BPS-NC,First_Plate,0,TTTAAGAAGGAGATATGCAT,AGGAGA,0.47214866815729395,0.3049630585738375,1.5239006951889784,0.06869909962248949,-0.07472341268812867,0.1440132572554629,0.4065002276849889,0.5792734281917667
RBS_1by1_51,BPS-NC,First_Plate,0,TTTAAGAAGGAGATATTCAT,AGGAGA,1.1059616437960582,0.5531737941506518,0.7417301924519294,0.4303101578484317,0.19569380524735291,0.34747299906598106,0.5623904320934008,0.3242895238074486
RBS_1by1_52,BPS-NC,First_Plate,0,TTTAAGAAGGAGATATAAAT,AGGAGA,0.7808941681618004,0.4192160890903327,1.1293743498721118,0.4992701662213532,0.4920627771958043,0.7637922213362873,0.6807682953129484,0.2665057053440843
RBS_1by1_53,BPS-NC,First_Plate,0,TTTAAGAAGGAGATATAGAT,AGGAGA,0.7141685482751534,0.4479840549698083,0.7469491501270737,0.47650047331896545,0.19222137067902012,0.47451287987040347,0.5087227462067375,0.2024997265485887
RBS_1by1_54,BPS-NC,First_Plate,0,TTTAAGAAGGAGATATATAT,AGGAGA,0.8107693181832167,0.4103279255237971,0.8228256337781522,0.5820435640108789,0.1445515423194624,0.6426930128886446,0.5688684994506921,0.2583849326024921
RBS_1by1_55,BPS-NC,First_Plate,0,TTTAAGAAGGAGATATACCT,AGGAGA,0.7732979314348339,0.5263649970320975,0.7618655097127929,0.47190506165619217,0.29605595742711854,0.8046144633078266,0.6056839867618103,0.20597002526717642
RBS_1by1_56,BPS-NC,First_Plate,0,TTTAAGAAGGAGATATACGT,AGGAGA,0.9084783585055746,0.7368381063224114,1.0879125499959856,0.6785802176461292,0.22080977213915548,0.7284828667107408,0.7268503118866662,0.29047001161772207
RBS_1by1_57,BPS-NC,First_Plate,0,TTTAAGAAGGAGATATACTT,AGGAGA,0.975177114578294,0.6652826376979001,1.1394025905481924,0.565421769535873,0.19866221641406748,0.5790851235492079,0.6871719087205892,0.3325917309167193
RBS_1by1_58,BPS-NC,First_Plate,0,TTTAAGAAGGAGATATACAC,AGGAGA,1.0745157867565223,0.5642499218969267,1.1434934178961467,0.6772464124540086,0.5130172166694165,0.9060008782648682,0.8130872723229815,0.2670433791867915
RBS_1by1_59,BPS-NC,First_Plate,0,TTTAAGAAGGAGATATACAG,AGGAGA,-0.06068732256405546,-0.386355378546784,1.185675564596483,-0.31041073616284715,-0.22937943710977443,-0.31049510030565,-0.01860873501543801,0.6003464370890754
RBS_1by1_60,BPS-NC,First_Plate,0,TTTAAGAAGGAGATATACAA,AGGAGA,2.045077675541876,1.2046170582196278,0.6719170707346849,1.2073966268880292,1.2946690497022788,1.343481960904945,1.2945265736652403,0.44023665192710615
RBS_RU_0,UNI,First_Plate,0,TTTAAGAGTTGACTATACAT,GTTGAC,1.1141511900419498,0.7879855259424977,2.0917567743291183,0.521645459632939,0.465384235990471,0.7975452902605124,0.963078079366248,0.5995596896497726
RBS_RU_1,UNI,First_Plate,0,TTTAAGATACCTGTATACAT,TACCTG,-0.737065507212243,-0.7246470233508304,1.512648704472493,-0.4073999616728396,-0.9503561315879288,-0.4326644310298907,-0.2899140583968733,0.9064804489314616
RBS_RU_2,UNI,First_Plate,0,TTTAAGAGAAGCGTATACAT,GAAGCG,-0.7303070575159332,-0.9931815460592078,0.348056182628431,-0.6090293068397378,-1.0799183913905903,-0.8671767375498299,-0.6552594761211447,0.5203550950029358
RBS_RU_3,UNI,First_Plate,0,TTTAAGAGTATGCTATACAT,GTATGC,-0.3642715439390242,-0.7704553054067859,-0.7763033293863583,-0.8266898428164936,-0.6733441170483758,-0.7133145345858618,-0.6873964455304833,0.16702381628554253
RBS_RU_4,UNI,First_Plate,0,TTTAAGATCACTTTATACAT,TCACTT,-1.5647061114194236,-0.8284256050967066,-0.7795853186424766,-0.7643358936519299,-0.5962030197981074,-1.0756507385448855,-0.934817781192255,0.34517638204546974
RBS_RU_5,UNI,First_Plate,0,TTTAAGAGAAGCCTATACAT,GAAGCC,-1.544105662308717,-0.4927675005846915,-0.18368121421663755,-0.9637164057999779,-0.5932081516911052,-0.5523261690159355,-0.7216341839361774,0.4737077033217113
RBS_RU_6,UNI,First_Plate,0,TTTAAGAATAGAATATACAT,ATAGAA,-1.305859221937125,-0.8388339501691467,-0.6293867509318579,-0.5873806318308643,-0.5896618070471809,-0.9905954341249937,-0.823619632673528,0.2859856490179049
RBS_RU_7,UNI,First_Plate,0,TTTAAGATCTGACTATACAT,TCTGAC,-1.4525999853382003,-0.39971386667304837,-0.5658200392630615,-0.5795037519940125,-0.6028545106394244,-0.8333790117878737,-0.7389785276159367,0.3760886492954488
RBS_RU_8,UNI,First_Plate,0,TTTAAGATAAGTATATACAT,TAAGTA,-0.7505659144680151,-0.42837665765910504,-0.45193937416909563,-0.849528723045784,-0.7395734592886446,-0.5475121589440045,-0.627916047929108,0.1754258181607172
RBS_RU_9,UNI,First_Plate,0,TTTAAGAGATAAATATACAT,GATAAA,-0.4687953227496141,-0.49044332355901277,-0.5113187802873997,-0.8716198833883335,-0.5229338633911486,-0.8368463465125406,-0.6169929199813415,0.18501993284939786
RBS_RU_10,UNI,First_Plate,0,TTTAAGAGGTCAATATACAT,GGTCAA,-0.03260946585230919,-0.08569932736563113,0.36550127239170743,-0.1029245422407133,-0.2669002851943589,-0.2508927633691698,-0.06225418527174582,0.2295743160435275
RBS_RU_11,UNI,First_Plate,0,TTTAAGACGATCCTATACAT,CGATCC,0.27916747923240925,0.014789138177325415,0.8430594779029057,-0.2099053942026492,-0.07935156596599104,-0.29767062283259454,0.09168141871856761,0.41891152606620863
RBS_RU_12,UNI,First_Plate,0,TTTAAGAACAGACTATACAT,ACAGAC,-0.27452985886979875,-0.41459339562073944,0.9425505722547027,-0.4503217729182885,-0.5317572044971389,-0.7196131435128459,-0.24137746719401812,0.5982434150682147
RBS_RU_13,UNI,First_Plate,0,TTTAAGAGTTATATATACAT,GTTATA,-0.12848425242550138,-0.3980613358869571,0.5079351416722899,-0.526627485479742,-0.5721818215980665,-0.8421096311427304,-0.32658823081011795,0.4705054898014143
RBS_RU_14,UNI,First_Plate,0,TTTAAGAGGAACATATACAT,GGAACA,-0.23777858369566865,-0.4788059764162719,0.359955028879996,-0.6460513252266796,-0.7398376078564118,-0.6727138559365888,-0.40253872004193747,0.4148307719369837
RBS_RU_15,UNI,First_Plate,0,TTTAAGACCCGAATATACAT,CCCGAA,0.7167242627248156,0.40440114364093643,-0.6840240881512432,0.27889211540952774,0.0764587824242641,0.3128139632717604,0.18421102988667684,0.47391982841012154
RBS_RU_16,UNI,First_Plate,0,TTTAAGAAATGTCTATACAT,AATGTC,-1.513827373167489,-0.42738059733072764,0.7054949531238768,-0.6421550006495524,-0.7636612761195379,-0.7772595765972933,-0.569798145123454,0.72439010228031
RBS_RU_17,UNI,First_Plate,0,TTTAAGACGTACCTATACAT,CGTACC,-0.3905209301784935,-0.46673869305215726,-0.803792293470535,-0.49495096800507443,-0.49678360980791286,-1.1413018817043035,-0.6323480627030794,0.28691100432044536
RBS_RU_18,UNI,First_Plate,0,TTTAAGAACCGTGTATACAT,ACCGTG,-0.1850721859017853,-0.4435139688398716,0.1889379959753795,-0.533204208560546,-0.525246423529889,-0.6762534326949202,-0.3623920372586054,0.3150222936721711
RBS_RU_19,UNI,First_Plate,0,TTTAAGAGGACACTATACAT,GGACAC,-1.7111648757983695,-0.3137473458879778,0.3651335635597898,-0.5911152725787711,-0.5042509083742285,-0.4550396230791067,-0.5350307436931107,0.6712741721411509
RBS_RU_20,UNI,First_Plate,0,TTTAAGAATCCCATATACAT,ATCCCA,-0.20400372221773153,-0.23879458033744272,0.3393090130829596,-0.5115597229779535,-0.5126437919630211,-0.47799788161268225,-0.26761511433764523,0.3277324709401156
RBS_RU_21,UNI,First_Plate,0,TTTAAGAGAGCGATATACAT,GAGCGA,-0.35306924462995487,-0.6366129128316185,0.4682701902719973,-0.45868507229551253,-0.5129197633477609,-0.4255308886845094,-0.31975794858622647,0.39756639840020613
RBS_RU_22,UNI,First_Plate,0,TTTAAGAATATGCTATACAT,ATATGC,1.0539966409159391,0.4640257925096369,0.57200330470726,0.356716588621314,0.2546997400356134,0.551089814771347,0.5420886469268517,0.2778757618530091
RBS_RU_23,UNI,First_Plate,0,TTTAAGACAACATTATACAT,CAACAT,0.5633703438646539,0.09001069098017832,1.3506137962491536,-0.09653046331871237,0.005045393291140797,-0.22808389407495885,0.2807376444985759,0.5895981333590176
RBS_RU_24,UNI,First_Plate,0,TTTAAGAGCTACATATACAT,GCTACA,0.849638725170913,0.3997101706985617,1.1989910840249363,0.15924985364646177,0.38635362819393615,0.35541246454830594,0.5582259877138525,0.38742326857015724
RBS_RU_25,UNI,First_Plate,0,TTTAAGAGAAGACTATACAT,GAAGAC,-0.04334937735884951,-0.10901994006005056,1.3496345959678977,-0.28079467066024255,-0.13851426515284207,-0.23976127344958154,0.0896991782143886,0.6233008455017045
RBS_RU_26,UNI,First_Plate,0,TTTAAGACTCCGTTATACAT,CTCCGT,0.3656465567876815,-0.02653762298930906,0.7645723466532409,-0.1092066937468451,-0.09837177747429712,-0.23957462242610977,0.10942136446739355,0.3810861901074872
RBS_RU_27,UNI,First_Plate,0,TTTAAGATTACTATATACAT,TTACTA,0.0897940427049442,-0.11357291931160071,1.0566405695837093,-0.30358453896399473,-0.1597463285341617,-0.28680318352856315,0.04712127365838888,0.5146002550853535
RBS_RU_28,UNI,First_Plate,0,TTTAAGACGAGACTATACAT,CGAGAC,0.010766516745448948,-0.17669890087743897,0.5796848382029823,-0.37968223131544876,-0.09269123094392707,-0.2657586847671806,-0.054063282159260685,0.33858937958220486
RBS_BA_00,Bandit-0,Second_Plate,0,TTTAAGACGGATTTATACAT,CGGATT,0.9379092399193323,0.5904732326292281,1.216649995733157,0.2890885026031116,0.4445834157810912,0.22761787304726855,0.6177203766188648,0.38784927041563516
RBS_BA_01,Bandit-0,Second_Plate,0,TTTAAGATTCGGATATACAT,TTCGGA,0.6172838538375881,0.5138060079727578,1.1023293633836777,0.1447120779670666,0.1486986298455751,-0.1468351346889214,0.39666579971962407,0.44288076955738526
RBS_BA_02,Bandit-0,Second_Plate,0,TTTAAGACTCGGATATACAT,CTCGGA,0.7516719400818683,0.3820261406968228,1.0286651486419918,0.11577489375521795,0.030771005518839347,-0.12076240342851041,0.364691120877705,0.4472232602888811
RBS_BA_03,Bandit-0,Second_Plate,0,TTTAAGAACCGGATATACAT,ACCGGA,0.682584476708581,0.1810447685326123,0.9511709988486917,0.09881627549926654,0.04095971243071736,-0.33790946064022087,0.26944446189660803,0.46764266160455803
RBS_BA_04,Bandit-0,Second_Plate,0,TTTAAGAGCCGGATATACAT,GCCGGA,0.7007148932277865,0.4495990025329901,0.922503605262955,0.15319548753439594,-0.03221302351485534,-0.22058861345421832,0.32886855859817565,0.4400891332575509
RBS_BA_05,Bandit-0,Second_Plate,0,TTTAAGAATCGGATATACAT,ATCGGA,0.43850353455982155,0.4765528469356502,0.7982962761758768,-0.04744451071402578,-0.024053530969940038,-0.2756737418657156,0.22769681235361117,0.40605798750116673
RBS_BA_06,Bandit-0,Second_Plate,0,TTTAAGACCGGATTATACAT,CCGGAT,0.7069107888956047,0.5048470188008264,0.9394006510521997,0.08219579863151194,0.03828952649339585,-0.1966933204874215,0.3458250772310196,0.43963793154628256
RBS_BA_07,Bandit-0,Second_Plate,0,TTTAAGATAAAGATATACAT,TAAAGA,0.37770917508491375,0.10682259826362907,0.6770749536803955,-0.03946249917791708,-0.18143136114620384,-0.333636433084763,0.10117940560334239,0.3733282860339434
RBS_BA_08,Bandit-0,Second_Plate,0,TTTAAGACGATAATATACAT,CGATAA,0.061477695596524294,0.26890069195190025,0.5408682622153689,-0.12500833674834613,-0.28322395848617743,-0.2606082753495465,0.03373434652995389,0.32420891337005453
RBS_BA_09,Bandit-0,Second_Plate,0,TTTAAGAACACACTATACAT,ACACAC,0.28958684718563016,0.06906839052738965,0.6149343072249239,-0.09717570432313542,-0.23847573050099513,-0.4845824068819155,0.025559283871982946,0.39089370050974576
RBS_BA_10,Bandit-0,Second_Plate,0,TTTAAGATATATATATACAT,TATATA,0.5700534442760914,0.3024324278927109,0.7596197840886916,0.04968753816331356,-0.12317319983099446,-0.16691537828417907,0.2319507693842723,0.3784554913741951
RBS_BA_11,Bandit-0,Second_Plate,0,TTTAAGACTCTCTTATACAT,CTCTCT,1.3810353244518538,0.5412696451202226,1.3148463353981865,0.33479564116643534,0.24028847531458503,0.13703689001127337,0.6582120519104261,0.5510352859987575
RBS_BA_12,Bandit-0,Second_Plate,0,TTTAAGAGTGTGTTATACAT,GTGTGT,0.19822424350800105,0.304152090782725,0.9414109961491862,-0.06929059352195949,0.17658070850312535,-0.35341580332125544,0.19961027368330378,0.43356086159988755
RBS_BA_13,Bandit-0,Second_Plate,0,TTTAAGAATATATTATACAT,ATATAT,0.00422029798547875,0.0844744118227727,0.5398981932469067,-0.05460983400956945,-0.06921389334725152,-0.37808105056782726,0.021114687521751663,0.29889359105394886
RBS_BA_14,Bandit-0,Second_Plate,0,TTTAAGATGTGTGTATACAT,TGTGTG,0.07531290702108359,-0.089457907941385,0.5663260057576255,-0.1352387690346656,-0.12895784804114926,-0.506266640932812,-0.03638037552855047,0.3514780985085188
RBS_BA_15,Bandit-0,Second_Plate,0,TTTAAGATCTCTCTATACAT,TCTCTC,-0.5174392045601296,-0.10800847145943834,0.4202020220310279,-0.7987299882907076,-0.29955502303842096,-0.5187348304296691,-0.3037109159578896,0.42410508300024585
RBS_BA_16,Bandit-0,Second_Plate,0,TTTAAGACACACATATACAT,CACACA,-1.1047124100374457,-0.7586254904446238,0.23751029684326283,-0.26003953570331867,-0.3703858620539129,-0.9753607805502233,-0.5386022969910436,0.5035659992452332
RBS_BA_17,Bandit-0,Second_Plate,0,TTTAAGACTAAGATATACAT,CTAAGA,-0.19298754852184602,-0.6893511890866857,-0.47355108676119334,-0.8869173932393793,-0.40183991958224086,-0.8429475443385115,-0.5812657802549762,0.2713443530595667
RBS_BA_18,Bandit-0,Second_Plate,0,TTTAAGAATAAGATATACAT,ATAAGA,-0.69429597962464,-0.25245240282205655,0.21297579288143015,-0.9288323416505232,-0.4068253819514734,-0.5227051090437704,-0.4320225703685055,0.39312436832040737
RBS_BA_19,Bandit-0,Second_Plate,0,TTTAAGATAAGATTATACAT,TAAGAT,-0.3670659755745495,-0.6955785806313554,-0.42177200852046387,-0.9516103075924822,-0.44793687856437714,-0.5567272992962601,-0.573448508363248,0.2188855314728554
RBS_BA_20,Bandit-0,Second_Plate,0,TTTAAGATTAAGATATACAT,TTAAGA,-0.8592384352425945,-0.5799008974466429,-0.7323547948714612,-0.8769893003819438,-0.4709646963141943,-0.5887610143457397,-0.6847015231004293,0.16466920828415602
RBS_BA_21,Bandit-0,Second_Plate,0,TTTAAGAGGTCGATATACAT,GGTCGA,-0.46228293224064776,-0.1691785889437776,-0.4847587164055808,-1.0581901698948721,-0.4568968230325266,-0.6451796585750252,-0.5460811481820717,0.2942339645684867
RBS_BA_22,Bandit-0,Second_Plate,0,TTTAAGAGGTAGATATACAT,GGTAGA,1.0616427935564667,0.45943380900422204,1.1824448862127164,0.6272023229842354,0.5102946968156468,0.3277647006540542,0.6947972015378903,0.3467261103111919
RBS_BA_24,Bandit-0,Second_Plate,0,TTTAAGAGGGGGATATACAT,GGGGGA,0.49112554725748603,0.6126616123751085,1.5569608151028569,0.836924726803153,1.052237039706393,0.6892863877561515,0.8731993548335248,0.38693264657643206
RBS_BA_25,Bandit-0,Second_Plate,0,TTTAAGAGGGGATTATACAT,GGGGAT,0.5045950508730254,0.7330170599906678,1.5129038009985833,1.0692545315583888,1.0703256031373038,0.8995837720668515,0.96494663643747,0.34415959454949374
RBS_BA_26,Bandit-0,Second_Plate,0,TTTAAGAGGGATCTATACAT,GGGATC,-0.23695303033711262,-0.2714348726087971,0.4397644043043006,-0.27631107758720497,-0.2847037496216036,-0.4761239235861298,-0.1842937082394246,0.317341885613745
RBS_BA_27,Bandit-0,Second_Plate,0,TTTAAGAGGGATTTATACAT,GGGATT,0.0005664142108090964,-0.26621104666454,-0.019775098476596125,-0.2183876753031853,-0.22847059515194829,-0.5042223973668469,-0.20608339979205126,0.18469959733130445
RBS_BA_28,Bandit-0,Second_Plate,0,TTTAAGAGGGATGTATACAT,GGGATG,0.008000030003148325,-0.15473085768262554,-0.21846319259886626,-0.6705936337162507,-0.28452376742241364,-0.4910286491334696,-0.3018900117584129,0.2435836859075838
RBS_BA_29,Bandit-0,Second_Plate,0,TTTAAGAGGGATATATACAT,GGGATA,-0.2524278476441971,-0.10003942314860499,0.14781152148322446,-0.21086876485149839,-0.24057582976323405,-0.4578074276108459,-0.18565129525585933,0.20035345586449405
RBS_BA_30,Bandit-0,Second_Plate,0,TTTAAGAGGATCTTATACAT,GGATCT,-0.6819804824547644,-0.540807926976524,-0.8768783833792709,-1.0825855703220257,-0.5127425614442063,-1.2053061813744637,-0.816716850991876,0.28704955866488613
RBS_BA_31,Bandit-0,Second_Plate,0,TTTAAGAGGATTTTATACAT,GGATTT,0.4687912998694144,0.38106537074774227,0.8223471374828177,0.26635314473772415,0.21785834101092408,0.18658811066528988,0.3905005674189854,0.2364352480983349
RBS_BA_32,Bandit-0,Second_Plate,0,TTTAAGAGGATAGTATACAT,GGATAG,0.4811559410194462,0.22838087296041448,0.6225355612022346,0.1686876084407427,0.033989167188047,0.006466342891811499,0.25686924895044944,0.24697413129865728
RBS_BA_33,Bandit-0,Second_Plate,0,TTTAAGAGGATTATATACAT,GGATTA,0.7309140357153253,0.5823247598272381,0.9828348342266969,0.5062350358419897,0.46815917988858574,0.0427477295614754,0.5522025958435519,0.3120928776359196
RBS_BA_34,Bandit-0,Second_Plate,0,TTTAAGAGGATATTATACAT,GGATAT,1.2597555599436676,0.6191247416903845,1.5436704723591648,0.6281650704427769,0.6093016484624014,0.6673840208032771,0.8879002522836119,0.40847476826625456
RBS_BA_35,Bandit-0,Second_Plate,0,TTTAAGAGGATACTATACAT,GGATAC,1.2674625402653263,1.0579770616338753,1.4195197387612377,0.49243276292233384,0.46950724896101226,0.6472692335020689,0.8923614310076423,0.41105815764113685
RBS_BA_36,Bandit-0,Second_Plate,0,TTTAAGAGGATGCTATACAT,GGATGC,0.8524891723491096,0.9923811853339107,1.1813544429340985,0.3277596541272402,0.6973770771611716,0.39858763908964717,0.7416581951658631,0.3344991897555974
RBS_BA_37,Bandit-0,Second_Plate,0,TTTAAGAGGATGTTATACAT,GGATGT,0.4533567310543385,0.7219300861755985,1.0659905517299675,0.45777852879027436,0.5567648661101238,0.4291346651737933,0.6141592381723494,0.2464169923972518
RBS_BA_38,Bandit-0,Second_Plate,0,TTTAAGAGGATTCTATACAT,GGATTC,0.1976818654616732,0.09754457811478665,0.5043398416689993,-0.14353892938226506,-0.00018591626969006553,-0.38946626725601613,0.044395862056247966,0.3044382424347527
RBS_BA_39,Bandit-0,Second_Plate,0,TTTAAGAGGATCGTATACAT,GGATCG,-0.7430841264521177,-0.24650016510603265,0.28215193490172624,-0.25242465233188,-0.32295722031642454,-0.6146425532538393,-0.3162427970930947,0.35729373462219893
RBS_BA_40,Bandit-0,Second_Plate,0,TTTAAGAGGATTGTATACAT,GGATTG,0.5888774833915688,0.35095872582225723,0.6411972832599808,0.2667908133408805,0.1481117812098132,0.09335192624991837,0.34821466887906977,0.22600484948416072
RBS_BA_41,Bandit-0,Second_Plate,0,TTTAAGAGGATCCTATACAT,GGATCC,-0.44885186404095334,-0.33897091258894346,-0.1331940094616265,-0.6200092976847974,-0.3998000394214898,-0.5300147130443701,-0.41180680604036346,0.16838529826823773
RBS_BA_42,Bandit-0,Second_Plate,0,TTTAAGAGGATGATATACAT,GGATGA,0.39947508483895505,0.18106338474261036,0.7265297313735616,0.22238197659923742,0.17639606763075613,0.050687324584280574,0.29275559496156683,0.2404634001459535
RBS_BA_43,Bandit-0,Second_Plate,0,TTTAAGAGGATCATATACAT,GGATCA,-0.8304076175747896,-0.5212529810876884,-1.1450568183880707,-0.44214044767610117,-0.43136115941196235,-0.8621288975346832,-0.7053913202788826,0.286985007236324
RBS_BA_44,Bandit-0,Second_Plate,0,TTTAAGACCCCGATATACAT,CCCCGA,-0.8317863107906661,-0.9463357046891935,-0.6943186571245015,-0.5434368010595445,-0.9001737594460394,-0.9088482313003586,-0.8041499107350507,0.15569015273112688
RBS_BA_45,Bandit-0,Second_Plate,0,TTTAAGATTTTTGTATACAT,TTTTTG,-0.7459085499153584,-0.6793250590834291,-0.4688770744879291,-0.8466472840087832,-0.5927056181458913,-0.8186411202217238,-0.6920174509771858,0.1432925357394143
RBS_BA_46,Bandit-0,Second_Plate,0,TTTAAGATTTTTATATACAT,TTTTTA,0.43278851903127924,-0.08119368866326267,0.4653684248676007,-0.2608817885394847,-0.2670376325991965,-0.42540732527811587,-0.022727248530196614,0.3814988121631026
RBS_BA_47,Bandit-0,Second_Plate,0,TTTAAGAGTTTTTTATACAT,GTTTTT,0.8741604563691348,0.22477572775201124,0.9587920040866843,0.18192198383571254,0.1205511898308931,0.06276013841037098,0.40382691671413445,0.4017642838618405
RBS_BA_48,Bandit-0,Second_Plate,0,TTTAAGACTTTTTTATACAT,CTTTTT,-0.9800528496147867,-0.020740699254763077,0.39372683494965915,-0.3061326922360022,-0.13439647974655197,-0.4558131870954828,-0.25056817883298793,0.4601724486092371
RBS_BA_49,Bandit-0,Second_Plate,0,TTTAAGACCCCCTTATACAT,CCCCCT,-0.6564764243721537,-0.5245932441873978,-0.15405068973689573,-0.28092574605533693,-1.111561455301837,-0.5004395115789046,-0.538007845205421,0.3340970463967788
RBS_BA_50,Bandit-0,Second_Plate,0,TTTAAGACCCCCGTATACAT,CCCCCG,0.7226082812829918,0.23333725689195614,0.8368264510486173,0.17206780655762532,0.2998719437616837,0.0866015486323077,0.39188554802919695,0.3106355283018536
RBS_BA_51,Bandit-0,Second_Plate,0,TTTAAGACCCCCATATACAT,CCCCCA,-0.6333943648646313,-1.2129525503171346,-0.6051256473955609,-0.4594537506735294,-1.0717774738992278,-0.7080592670056644,-0.7817938423592915,0.29413001082921214
RBS_BA_52,Bandit-0,Second_Plate,0,TTTAAGATTTTTCTATACAT,TTTTTC,-0.7971444199196284,-0.8650024834647334,-0.7481350109086059,-0.9081095847993508,-1.356682182613575,-1.0199740818184306,-0.9491746272540541,0.22062473534310537
RBS_BA_53,Bandit-0,Second_Plate,0,TTTAAGAGCCCCCTATACAT,GCCCCC,-0.8328777224874316,-0.6988771649428995,-0.49522132068325636,-0.49835694202625513,-0.9731433563689599,-0.6785530535434342,-0.6961715933420395,0.18720646606317007
RBS_BA_54,Bandit-0,Second_Plate,0,TTTAAGAATTTTTTATACAT,ATTTTT,-0.9717446621159358,-0.7881178039757075,-0.16742345258106675,-0.8657622478103209,-0.4454572037762673,-0.6361920913613144,-0.645782910270102,0.2979769581116525
RBS_BA_55,Bandit-0,Second_Plate,0,TTTAAGAACCCCCTATACAT,ACCCCC,-0.8915875575243438,-0.6342413494734005,-0.8625153284680663,-1.2330193287669715,-1.0580513991995897,-0.6664740621556909,-0.8909815042646771,0.2289244470533589
RBS_BA_56,Bandit-0,Second_Plate,0,TTTAAGATCCCCCTATACAT,TCCCCC,-0.7313393709706694,-0.7557935544246698,-0.04633751976761683,-0.9706583365591098,-0.5195292279276065,-0.672202226922886,-0.6159767060954264,0.31483601520463866
RBS_BA_57,Bandit-0,Second_Plate,0,TTTAAGAGGATAATATACAT,GGATAA,0.8504945821484722,0.16647907304170734,0.8691206827883995,0.17313795957147915,0.3256082536861179,-0.14547300190389603,0.3732279248887133,0.4068887946284398
RBS_BA_58,Bandit-0,Second_Plate,0,TTTAAGACCCCCCTATACAT,CCCCCC,0.5971758193804717,0.02056429047725957,0.6278311072991982,-0.2025742811494,-0.2225515479608804,-0.3822861644354912,0.07302653726852633,0.43724701030820073
RBS_BA_59,Bandit-0,Second_Plate,0,TTTAAGATTTTTTTATACAT,TTTTTT,0.9353112291003474,0.267353146735005,0.9837333664535695,0.05442626290708941,0.06549450074784151,-0.07064566627264252,0.37261213994520165,0.46759380951900453
RBS_RP_30,PPM,Second_Plate,0,TTTAAGAGAAAGATATACAT,GAAAGA,0.22503947956410036,0.07260464982486615,0.48218353091923893,-0.2789516759296966,-0.07135498127145423,-0.3518962690944583,0.012937455668766057,0.3143715790373439
RBS_RP_31,PPM,Second_Plate,0,TTTAAGACGGGGGTATACAT,CGGGGG,0.5663364009117688,0.5971202739450986,1.2774109381026948,0.7233151412668541,0.7420880733494915,0.6152015933641112,0.7535787368233365,0.2661335275593926
RBS_RP_32,PPM,Second_Plate,0,TTTAAGATGAGGGTATACAT,TGAGGG,0.7893105054133336,0.24844049111703959,0.945912765876108,0.3266025100533972,0.3701142401401056,0.37150339676381006,0.508647318227299,0.28594428489672374
RBS_RP_33,PPM,Second_Plate,0,TTTAAGACCGGGATATACAT,CCGGGA,-0.7184684749929208,-0.3766560755721921,0.2431880009341328,-0.34233253985161277,-0.9503756143626921,-0.7428684379258119,-0.4812521902951829,0.4242273024975713
RBS_RP_34,PPM,Second_Plate,0,TTTAAGAAAGGGTTATACAT,AAGGGT,0.5001585987833611,0.15939587428316188,0.4319530025386352,-0.04699992739284218,0.013713825455234868,-0.16423154999278727,0.14899830394579397,0.2676995187899352
RBS_RP_35,PPM,Second_Plate,0,TTTAAGACTGTAGTATACAT,CTGTAG,-0.6683644611318168,-0.24600031010710127,0.21075824990784872,-0.43316172409712705,-0.8676232262240452,-0.8768584631223317,-0.48020832246242895,0.4188856535770655
RBS_RP_36,PPM,Second_Plate,0,TTTAAGACTGACATATACAT,CTGACA,-0.5018254956131207,-0.7023243404401738,-0.3737469518302438,-0.7128543514566532,-0.4334520319712626,-0.6050870687479213,-0.5548817066765626,0.14112773786563912
RBS_RP_37,PPM,Second_Plate,0,TTTAAGACGTGTGTATACAT,CGTGTG,-0.7455366588717501,-0.4561488485630185,0.1012423052555191,-0.6120218812531463,-0.40259831447296507,-0.5906505940365806,-0.45095233199032364,0.29648708638329724
RBS_RP_38,PPM,Second_Plate,0,TTTAAGAGAGGGGTATACAT,GAGGGG,-0.7364786644426448,-0.6440869599847378,-0.13888123998467944,-0.4319458733468882,-0.4775154339414967,-0.613187686309146,-0.5070159763349321,0.21201084795972291
RBS_RP_39,PPM,Second_Plate,0,TTTAAGACTAGGATATACAT,CTAGGA,0.3731770958082409,0.005465267453031521,0.30696785242254726,-0.18776556449105153,-0.14247309861983057,-0.37763429557372086,-0.0037104571667972244,0.29380259484328475
RBS_RP_40,PPM,Second_Plate,0,TTTAAGAATTGGGTATACAT,ATTGGG,0.6471399126939968,-0.004512268848073483,0.6126639376510392,-0.12350600943460328,-0.057109929692287315,-0.40173739334065256,0.11215637483823664,0.4239342932136437
RBS_RP_41,PPM,Second_Plate,0,TTTAAGATACTGATATACAT,TACTGA,0.4625009375919638,0.4938760292778325,0.9415394878431274,-0.005012171539184731,0.11072152816136299,-0.11262681327887906,0.3151664996760372,0.393270110575312
RBS_RP_42,PPM,Second_Plate,0,TTTAAGAAGAGCGTATACAT,AGAGCG,0.1315384979327544,0.27819716243000203,0.5572987652986421,-0.14763711793648132,-0.04391969798782621,-0.29025193217443346,0.08087094626044293,0.3078990530438405
RBS_RP_43,PPM,Second_Plate,0,TTTAAGAAGGGGTTATACAT,AGGGGT,0.5582335128758185,0.7183122522303951,1.1376595736396478,0.4961536182802095,0.6848134295006275,0.5117991276720772,0.6844952523664626,0.23989170150941636
RBS_RP_45,PPM,Second_Plate,0,TTTAAGACAAGCCTATACAT,CAAGCC,-0.8425234849874733,-0.2623733572938836,0.37315413076763493,-0.42920706298971534,-0.9223537138649428,-0.5713904402113726,-0.44244898809662553,0.47006490527188693
RBS_RP_46,PPM,Second_Plate,0,TTTAAGACAATTGTATACAT,CAATTG,-0.2781747284174056,-0.7375064953538377,0.32543105035140707,-0.3434471254988529,-0.36301209259409334,-0.5885344251566225,-0.33087396944490083,0.36508720979844533
RBS_RP_47,PPM,Second_Plate,0,TTTAAGATATTTTTATACAT,TATTTT,-0.19195938027758086,-0.05621434745777137,-0.1730641363045016,-0.40678227506222064,-0.3171219460190402,-0.8849343946714916,-0.33834607996543437,0.29401981690624895
RBS_RP_48,PPM,Second_Plate,0,TTTAAGATCCGGCTATACAT,TCCGGC,-0.4975763604558601,-0.3050350154856733,0.26254889922068125,-0.36079221320256,-0.8919917273854504,-0.5195844614226808,-0.38540514645525725,0.37792222309285417
RBS_RP_49,PPM,Second_Plate,0,TTTAAGATGGGAGTATACAT,TGGGAG,1.119218532467745,0.679301082745944,1.2442009285283897,0.7028612241208282,0.6515233212501146,0.5650700323658617,0.8270291869131472,0.28145090475463336
RBS_RP_50,PPM,Second_Plate,0,TTTAAGAAAAGTGTATACAT,AAAGTG,-0.2786348930591819,-0.2128592733026823,0.3972766831731769,-0.2942643453201993,-0.2642391285865449,-0.5096301340121848,-0.19372518185126938,0.3071596509473416
RBS_RP_51,PPM,Second_Plate,0,TTTAAGACGGGAGTATACAT,CGGGAG,0.6495094469024413,0.41407765459908163,0.8307501307157346,0.23770649829475335,0.2237774146113136,0.05076923643806039,0.40109839692689747,0.29235159901195024
RBS_RP_52,PPM,Second_Plate,0,TTTAAGATAAGAGTATACAT,TAAGAG,0.19178827226090395,0.010189766071655709,0.4292833848414711,-0.33813479868872,-0.28720387985192725,-0.5587863495038629,-0.09214393414507989,0.36858951821506974
RBS_RP_53,PPM,Second_Plate,0,TTTAAGATAAGGGTATACAT,TAAGGG,0.8240028514628132,0.5158996483312809,1.0159659279368194,0.08980476253970066,0.17047475058400413,0.08682030696712131,0.45049470797028995,0.4010763825765969
RBS_RP_54,PPM,Second_Plate,0,TTTAAGATAGTCTTATACAT,TAGTCT,0.882522358307816,0.6231017858472093,0.9370811547795473,0.13312564343584252,0.13486994101312944,-0.032618528234880664,0.446347059191444,0.42115193503113335
RBS_RP_55,PPM,Second_Plate,0,TTTAAGAAAGTAGTATACAT,AAGTAG,0.602270870783291,0.3388351000967052,0.9102157115370484,-0.055036272861831256,0.04475499134328304,-0.30720611336343295,0.2556390479225106,0.4501847905277705
RBS_RP_57,PPM,Second_Plate,0,TTTAAGACCACGCTATACAT,CCACGC,0.2011368885237572,0.3001386040545094,0.6187028025782396,-0.08805042567839982,-0.02649401757554968,-0.2003481421306876,0.13418095162864482,0.3012969994181232
RBS_RP_58,PPM,Second_Plate,0,TTTAAGAGTAATGTATACAT,GTAATG,0.2496279053752879,0.22441786858361054,0.8246734138660269,-0.14959944873270817,0.06321591790550564,-0.2217220791159716,0.16510226298029188,0.3754325757515205
RBS_RP_59,PPM,Second_Plate,0,TTTAAGACATTGATATACAT,CATTGA,0.5322020739839417,0.224462741321934,0.7428971529239016,-0.1361803710963764,0.06071292882401333,-0.3113013283179944,0.18546553293990328,0.3995681760039944
RBS_BA_3385,Bandit-1,Third_Plate,1,TTTAAGATGCTATTATACAT,TGCTAT,1.3742095394930194,1.1870934957970167,0.20018535042069405,1.955496821268573,2.208113195676448,1.9013275380459507,1.4710709901169503,0.7305061208206393
RBS_BA_3387,Bandit-1,Third_Plate,1,TTTAAGATGCTGGTATACAT,TGCTGG,1.0474229425676467,0.7992323892339198,0.04968721126767817,1.6107052175994454,1.8358882451347867,1.870271486878933,1.2022012487804015,0.711249798231921
RBS_BA_1534,Bandit-1,Third_Plate,1,TTTAAGAGCGAATTATACAT,GCGAAT,0.816613101199636,0.598813194257354,-0.07769774943301455,1.5098760484671223,1.814027851923006,1.8209236101102444,1.0804260094207248,0.76337860738716
RBS_BA_1896,Bandit-1,Third_Plate,1,TTTAAGAGTCTATTATACAT,GTCTAT,0.6154038318552061,0.2802263135294034,-0.12585886851010963,1.3740416567439868,1.4468150800932498,1.4631929566049313,0.842303495052778,0.6838766014247778
RBS_BA_2393,Bandit-1,Third_Plate,1,TTTAAGACGCTATTATACAT,CGCTAT,0.3815500570634505,0.15762330871253696,-0.2874275880991968,1.125543577426074,1.4611281371715152,1.3611909935000113,0.6999347476290652,0.7166830491882289
RBS_BA_3384,Bandit-1,Third_Plate,1,TTTAAGATGCTACTATACAT,TGCTAC,0.356218151707002,0.02653545965028197,-0.2452024169177036,1.0369156662214638,1.350709590686561,1.2906008632142307,0.635962885760306,0.6820979490449606
RBS_BA_1582,Bandit-1,Third_Plate,1,TTTAAGAGCGTATTATACAT,GCGTAT,0.3893738051169497,0.2882398919613598,-0.17426342790141847,0.9737646574342009,1.3419061121345919,1.2047436019803521,0.6706274401210061,0.5944664373096762
RBS_BA_1584,Bandit-1,Third_Plate,1,TTTAAGAGCGTGGTATACAT,GCGTGG,0.5274246957415885,0.3385430448729605,-0.06568287654651843,1.1776309994334382,1.4493812019256611,1.3649573365286074,0.7987090669926228,0.619695823911921
RBS_BA_1707,Bandit-1,Third_Plate,1,TTTAAGAGCTTATTATACAT,GCTTAT,0.24635527153759507,0.052687856888348546,-0.4411724311880653,0.82232249838768,1.0852167087873597,1.2403560666155742,0.5009609951714153,0.6549383635725292
RBS_BA_3389,Bandit-1,Third_Plate,1,TTTAAGATGCTGTTATACAT,TGCTGT,0.03574439450816664,0.09309481966382817,-0.34903996655262176,0.8631957476791662,1.0339310939824744,0.9456827640929577,0.43710147556232853,0.5820418029700529
RBS_BA_3357,Bandit-1,Third_Plate,1,TTTAAGATGCGGTTATACAT,TGCGGT,-0.0694639116519688,0.003981540676058611,-0.453487502346968,0.7237274700854138,0.9815389528253159,1.009361324434958,0.36594297900380157,0.618549411011719
RBS_BA_3321,Bandit-1,Third_Plate,1,TTTAAGATGGTATTATACAT,TGGTAT,0.4160867008865428,0.47587658260024784,-0.24180541083216164,1.0908407200898644,1.4622443626938193,1.2622137689355661,0.7442427873956464,0.6412407056657514
RBS_BA_1393,Bandit-1,Third_Plate,1,TTTAAGAGGCTATTATACAT,GGCTAT,1.7745637647557977,1.7307510897771348,0.8787445861770177,2.5806341660100056,2.568451255875908,2.494537404507357,2.00461371118387,0.6760536319495966
RBS_BA_1898,Bandit-1,Third_Plate,1,TTTAAGAGTCTGGTATACAT,GTCTGG,0.6946647148263668,0.21937657199089844,-0.16496498494395273,1.091344086019686,1.272241558799835,1.302415712083935,0.7358462764627948,0.6024943688079676
RBS_BA_3337,Bandit-1,Third_Plate,1,TTTAAGATGCAATTATACAT,TGCAAT,0.064736591266718,-0.5471207377190311,-0.5305147798771789,0.7900416319766088,0.7861040556405869,0.7218339466829405,0.21418011799510736,0.6438802272204833
RBS_BA_1566,Bandit-1,Third_Plate,1,TTTAAGAGCGCATTATACAT,GCGCAT,-0.694676938591149,-0.26217470788030545,-0.4573550860529049,-0.3541634124370845,-0.6509278315969675,-0.6260379379238034,-0.5075559857470358,0.17656109060128836
RBS_BA_1540,Bandit-1,Third_Plate,1,TTTAAGAGCGACGTATACAT,GCGACG,-0.6326901162273246,-0.6813661726035917,-1.1460614280413797,-0.3928726398121942,-0.5044230540466793,-0.659213343953653,-0.6694377924474705,0.25787029873800627
RBS_BA_1709,Bandit-1,Third_Plate,1,TTTAAGAGCTTGGTATACAT,GCTTGG,-1.3061967497396818,-0.3760468444241591,-1.4742333649779007,-0.7159102697804617,-0.23670489564180516,-1.2047669238431349,-0.8856431747345238,0.516674415412113
RBS_BA_2395,Bandit-1,Third_Plate,1,TTTAAGACGCTGGTATACAT,CGCTGG,-1.4731343237749945,-1.1106988427155366,-1.3569513553902128,-0.4250354734217979,-0.17987371072952038,-0.4102359634218309,-0.8259882782423155,0.5536889148953383
RBS_BA_1691,Bandit-1,Third_Plate,1,TTTAAGAGCTCATTATACAT,GCTCAT,-0.8883566423150564,-0.4412184489512472,-1.6518282505711257,-1.003478764221694,-0.2770865973023805,-0.40882454073042035,-0.7784655406819874,0.515212643983287
RBS_BA_1532,Bandit-1,Third_Plate,1,TTTAAGAGCGAAGTATACAT,GCGAAG,-1.2817216825372961,-0.8374825922672605,-0.8398696569782963,-0.4428807644432387,-0.5465636619326385,-0.5563489944788382,-0.7508112254395947,0.30713613880160395
RBS_BA_1895,Bandit-1,Third_Plate,1,TTTAAGAGTCTACTATACAT,GTCTAC,-0.49274941448969806,-1.3952531290041494,-1.5785399148315133,-1.3587511728466783,-0.8042454759264174,-0.8378286877384696,-1.0778946324728211,0.42547689835470115
RBS_BA_1660,Bandit-1,Third_Plate,1,TTTAAGAGCTAATTATACAT,GCTAAT,-1.492574546192203,-1.041267906905033,-1.6708047232678491,-1.45453936655597,-0.7315142639792083,-0.8011964568547403,-1.1986495439591673,0.3938922003612054
RBS_BA_1518,Bandit-1,Third_Plate,1,TTTAAGAGCATATTATACAT,GCATAT,-0.03703742542297461,-0.027701461446060636,-0.4679932014811793,0.7698378435132819,0.6310250962668266,0.7358179748352841,0.26732480437752965,0.5147140063729262
RBS_BA_1644,Bandit-1,Third_Plate,1,TTTAAGAGCCTATTATACAT,GCCTAT,0.8908482856726645,0.5258755025993745,0.047680632211789836,1.4379756693867107,1.6843393857731153,1.472173678243874,1.0098155256479215,0.6365741608170206
RBS_BA_2397,Bandit-1,Third_Plate,1,TTTAAGACGCTGTTATACAT,CGCTGT,-0.06408266665112804,-0.12603649026717018,-0.4531650170636272,-0.6774491553334845,0.5796355435160524,0.7770144581797702,0.005986112063402105,0.5698774440347772
RBS_BA_3323,Bandit-1,Third_Plate,1,TTTAAGATGGTGGTATACAT,TGGTGG,0.2741509162874336,0.1788894366079539,-0.23481679741664976,0.8015567244441629,0.7485199430043482,1.1484666935844774,0.486127819418621,0.5032153767033938
RBS_BA_1679,Bandit-1,Third_Plate,1,TTTAAGAGCTGGTTATACAT,GCTGGT,-1.4189896765148644,-1.1429601872868702,-0.631432735890341,-1.1291539273195539,-0.6569857102219986,-0.8397546329740256,-0.9698794783679422,0.31189948220391256
RBS_BA_175,Bandit-1,Third_Plate,1,TTTAAGAAACTATTATACAT,AACTAT,-1.6118551008571849,-1.0930149639158813,-1.4949278644022808,-0.35288175813302675,-0.6935618597463529,-0.8102773524138339,-1.0094198165780934,0.4849949849264552
RBS_BA_2392,Bandit-1,Third_Plate,1,TTTAAGACGCTACTATACAT,CGCTAC,-1.6927199896836123,-1.165547371102674,-1.4984455732798883,-0.7686008801585466,-0.9681751278152918,-1.5437902164699,-1.2728798597516522,0.36309794084832037
RBS_BA_557,Bandit-1,Third_Plate,1,TTTAAGAACGAATTATACAT,ACGAAT,-1.5521779074225632,-0.9316390546431638,-1.8381611750089748,-0.6503091058093703,-0.7930954350727146,-1.2316991077487265,-1.1661802976175855,0.46155609944828985
RBS_BA_1520,Bandit-1,Third_Plate,1,TTTAAGAGCATGGTATACAT,GCATGG,-1.557648713878117,-1.051932453069161,-1.2911952794510932,-1.4122831429200828,-1.2269288531775913,-0.3860469993188971,-1.1543392403024906,0.4132680808747001
RBS_BA_3888,Bandit-1,Third_Plate,1,TTTAAGATTCTATTATACAT,TTCTAT,-1.5495419255781417,-1.1039810832045667,-1.0850150370776062,-1.8387240682735329,-1.042440260279739,-1.6345209935435872,-1.375703894659529,0.34087874120550904
RBS_BA_1581,Bandit-1,Third_Plate,1,TTTAAGAGCGTACTATACAT,GCGTAC,-1.263400937076924,-1.1655685471798831,-1.845442974194401,-0.5527513415064929,-0.8536127580503529,-1.6204112028862765,-1.2168646268157217,0.47660379136051
RBS_BA_3394,Bandit-1,Third_Plate,1,TTTAAGATGCTTATATACAT,TGCTTA,-1.8582051614432409,-1.3727386566081596,-1.3417969422194722,-1.3867519312784744,-1.3687668412869873,-1.4114613260128555,-1.4566201431415318,0.19805559149772467
RBS_BA_1711,Bandit-1,Third_Plate,1,TTTAAGAGCTTGTTATACAT,GCTTGT,-0.01896160641727702,-0.9519014182461296,-0.5137035718184481,0.7737466151513774,0.9098595408818287,0.6582548908058785,0.14288240839287167,0.7625880442767023
RBS_BA_1395,Bandit-1,Third_Plate,1,TTTAAGAGGCTGGTATACAT,GGCTGG,1.486396427034191,1.335001035451351,0.5446908628884439,2.0037309068997002,2.0924914763734117,1.9614028570165665,1.5706189276106108,0.587841243522661
RBS_BA_2365,Bandit-1,Third_Plate,1,TTTAAGACGCGGTTATACAT,CGCGGT,-0.05852409605640585,-0.07275133213566662,-0.4634922437255122,-0.0665875772960066,0.6578018098678412,-0.029774921748268453,-0.005554726849003082,0.36369806946942007
RBS_BA_3353,Bandit-1,Third_Plate,1,TTTAAGATGCGATTATACAT,TGCGAT,-0.3630183998652919,-0.19022404051827355,-1.542183299423513,-0.22809253095034124,-0.23394502413525028,-0.23615925213048927,-0.46560375783719316,0.5306794487710562
RBS_BA_3275,Bandit-1,Third_Plate,1,TTTAAGATGGAATTATACAT,TGGAAT,-0.3601800775073086,-0.9246833054866019,-1.4787953976184869,-0.7044814274155449,-1.0629750799499422,-0.7205921467757868,-0.8752845724589453,0.37956010832318865
RBS_BA_1900,Bandit-1,Third_Plate,1,TTTAAGAGTCTGTTATACAT,GTCTGT,-2.157752090836907,-0.5538022871336601,-1.4771632721533994,-1.2607275640027726,-0.47032955165647566,-1.3870884502989813,-1.2178105360136995,0.6294260287498745
RBS_BA_2888,Bandit-1,Third_Plate,1,TTTAAGACTCTATTATACAT,CTCTAT,-1.8104395212381768,-1.2587245655515287,-1.44124123724535,-1.5497924470510247,-1.0331460504011665,-0.847415539503529,-1.3234598934984625,0.3513798641683182
RBS_BA_3383,Bandit-1,Third_Plate,1,TTTAAGATGCTAGTATACAT,TGCTAG,-1.4900263764281547,-1.0340306789059217,-1.4236043234347469,-0.6902129564147126,-1.9642745059216482,-1.3923666254443714,-1.332419244424926,0.4330021106315392
RBS_BA_1848,Bandit-1,Third_Plate,1,TTTAAGAGTCAATTATACAT,GTCAAT,-1.9189002457236815,-1.1354959625462882,-1.5332625094946457,-0.694638506879104,-1.3748227639815869,-0.7675648066594368,-1.2374474658807906,0.4683122445876775
RBS_BA_2329,Bandit-1,Third_Plate,1,TTTAAGACGGTATTATACAT,CGGTAT,-1.5773919842940842,-1.0411242794825675,-1.147312223157856,-1.6118900363514297,-1.1710733991124112,-1.317729519999492,-1.3110869070663067,0.23696024596644064
RBS_BA_1572,Bandit-1,Third_Plate,1,TTTAAGAGCGCCGTATACAT,GCGCCG,-1.4177902147259351,-1.3184470505613426,-1.4166345719591489,-1.1355709472605486,-1.5075671539073092,-1.0144497939933934,-1.301743288734613,0.18945193285812867
RBS_BA_3320,Bandit-1,Third_Plate,1,TTTAAGATGGTACTATACAT,TGGTAC,-1.5332068868666946,-1.5448122754221465,-1.402272916567557,-0.906634067476013,-1.2919848387401045,-0.8941335060439674,-1.2621740818527472,0.29520232446144895
RBS_BA_3391,Bandit-1,Third_Plate,1,TTTAAGATGCTCGTATACAT,TGCTCG,-1.3131688201096812,-0.2065923320824495,-0.6580687151418076,-0.32227060855240847,0.6474017934427356,0.22873258316609318,-0.27066101654625296,0.6835069688388327
RBS_BA_3305,Bandit-1,Third_Plate,1,TTTAAGATGGCATTATACAT,TGGCAT,0.6753795783900317,0.5069107545619658,0.01058410557480741,1.384429456403103,1.3638914360414691,1.1968888538194267,0.8563473641318007,0.5518352943434904
RBS_BA_1689,Bandit-1,Third_Plate,1,TTTAAGAGCTCAGTATACAT,GCTCAG,-0.302627590986114,-0.0722638833670276,-0.41927223686000886,0.5206090977323812,0.7146819387950226,0.5550384163941176,0.1660276236180618,0.4893006142232399
RBS_BA_1868,Bandit-1,Third_Plate,1,TTTAAGAGTCGGTTATACAT,GTCGGT,-0.5818486189092494,-1.3248078906007508,-0.8432351961882771,-0.7827303429029328,-1.347371257383595,-0.5243869859572625,-0.9007300486570112,0.35773717756449563
RBS_BA_1586,Bandit-1,Third_Plate,1,TTTAAGAGCGTGTTATACAT,GCGTGT,-1.6018366721958566,-1.0193450306628173,-1.4365064133151177,-0.5857881942760649,-1.5102358353977539,-0.681836048952015,-1.1392580324666042,0.4404322851265854
RBS_BA_3259,Bandit-1,Third_Plate,1,TTTAAGATGATATTATACAT,TGATAT,-1.4749307089765487,-1.267537536536264,-1.4316565747298386,-0.816606040183752,-0.5051360326502053,-1.339775745444262,-1.1392737730868119,0.3901412705530658
RBS_BA_1392,Bandit-1,Third_Plate,1,TTTAAGAGGCTACTATACAT,GGCTAC,0.12551972713996845,-0.048159987941903064,-0.33201773034954823,0.520525911992234,0.5220700560855263,0.8371429950577892,0.2708468286640111,0.4318506905663173
RBS_BA_1665,Bandit-1,Third_Plate,1,TTTAAGAGCTACGTATACAT,GCTACG,-1.492580370354163,-1.0272684582072018,-1.348502563513959,-0.7576141567326136,-0.6746645977919326,-0.633354322131399,-0.9889974114552115,0.364178461517147
RBS_BA_1533,Bandit-1,Third_Plate,1,TTTAAGAGCGAACTATACAT,GCGAAC,-1.4457188051368963,-0.6527551081732328,-1.1946187749879407,-1.0650917659378885,-0.5359780448790977,-0.7479264295634277,-0.9403481547797474,0.3518138933131964
RBS_BA_3388,Bandit-1,Third_Plate,1,TTTAAGATGCTGCTATACAT,TGCTGC,-1.4370300156269324,-1.144422216233604,-1.5720314509183717,-0.988400550953167,-0.9558398635450266,-1.2131969074902458,-1.2184868341278914,0.24502718136991436
RBS_BA_1550,Bandit-1,Third_Plate,1,TTTAAGAGCGGATTATACAT,GCGGAT,-1.332507392941244,-1.174709045242346,-0.8143021941129543,-0.8258110827071767,-0.25173165828064237,-1.103540563817974,-0.9171003228503896,0.3834845216211751
RBS_BA_604,Bandit-1,Third_Plate,1,TTTAAGAACGTATTATACAT,ACGTAT,-1.394098772404463,-0.8592085352622433,-1.2922005177148181,-0.6984056004895592,-0.8686591584394301,-0.7871448630398233,-0.9832862412250564,0.28717870078417407
RBS_BA_3351,Bandit-1,Third_Plate,1,TTTAAGATGCGAGTATACAT,TGCGAG,0.2958986714372216,0.0771980390210734,-0.41513156501675846,0.9001089910211331,0.8369054351866106,0.8614042575105277,0.4260639715266347,0.5346570729507312
RBS_BA_1706,Bandit-1,Third_Plate,1,TTTAAGAGCTTACTATACAT,GCTTAC,0.5731721626737484,0.4451156354123934,-0.03390325753124848,1.2992278351787003,1.582007804690045,1.4295242467960316,0.8825240712032784,0.646373344791656
RBS_BA_3261,Bandit-1,Third_Plate,1,TTTAAGATGATGGTATACAT,TGATGG,0.0984856039691312,-0.21042983193655254,-0.45369201436804296,-0.34300623009686143,0.8250015589132853,-0.7400807329555503,-0.13728694107909845,0.5463937562785366
RBS_BA_3335,Bandit-1,Third_Plate,1,TTTAAGATGCAAGTATACAT,TGCAAG,-1.0965464446477966,-1.2225832425034509,-0.8087644805709368,-0.6984584863999315,0.09223846001686281,-0.4468809237563439,-0.6968325196435994,0.4761985433206945
RBS_BA_1697,Bandit-1,Third_Plate,1,TTTAAGAGCTCCGTATACAT,GCTCCG,-1.54007597507067,-1.9114273196751264,-1.042112621374148,-1.0110104978744285,-1.797174028445419,-1.1763107543681597,-1.4130185328013252,0.39175058007634805
RBS_BA_1591,Bandit-1,Third_Plate,1,TTTAAGAGCGTTATATACAT,GCGTTA,-1.5508372832261463,-1.3926584856039854,-0.7866965366926498,-0.722852245327852,-0.6072638128181769,-0.5760417766684847,-0.9393916900562159,0.4223396094932561
RBS_BA_3448,Bandit-1,Third_Plate,1,TTTAAGATGTTATTATACAT,TGTTAT,-1.427845900026264,-1.1275285491395461,-1.4752852925703166,-0.6933381229093785,-0.7858667129256905,-0.9050745536674145,-1.0691565218731016,0.3302790998832644
RBS_BA_3293,Bandit-1,Third_Plate,1,TTTAAGATGGGGTTATACAT,TGGGGT,-0.44772698963699864,-0.14607003667328314,-0.5259427336243704,-0.21537069056259245,-0.6568209874123403,0.45320206736349306,-0.2564548950910153,0.396733525263452
RBS_BA_1397,Bandit-1,Third_Plate,1,TTTAAGAGGCTGTTATACAT,GGCTGT,0.24365428351797158,0.17290403248206282,-0.19716232011795673,0.716163848599706,0.6120406261169059,0.9504092095068227,0.4163349466842521,0.4192587552789176
RBS_BA_1564,Bandit-1,Third_Plate,1,TTTAAGAGCGCAGTATACAT,GCGCAG,-0.477148566590631,-0.9096475440526212,-0.9626218538274236,-0.4604052836626374,-0.6294718998486116,-1.2748169208084175,-0.7856853447983904,0.3197897921396993
RBS_BA_1470,Bandit-1,Third_Plate,1,TTTAAGAGCAAATTATACAT,GCAAAT,-1.5605369803412559,-1.172962598659813,-0.8226286178591325,-1.530865191489367,-1.3642886152123501,-1.00842885663711,-1.2432851433665046,0.29497372781426784
RBS_BA_1646,Bandit-1,Third_Plate,1,TTTAAGAGCCTGGTATACAT,GCCTGG,0.07311276816443747,0.04691579902751722,-0.43747905699645345,0.7119317024246543,0.8560450978505009,0.8518266278242299,0.35039215638248106,0.5343323080617364
RBS_BA_3355,Bandit-1,Third_Plate,1,TTTAAGATGCGGGTATACAT,TGCGGG,0.5984228973269177,0.36471446483862935,-0.11040126962107337,1.2565059365810165,1.4483979670682654,1.2522041344881247,0.8016406884469801,0.6151792127663452
RBS_BA_2345,Bandit-1,Third_Plate,1,TTTAAGACGCAATTATACAT,CGCAAT,-0.02659957115108303,-0.12981685043935157,-0.5030401828250471,0.5626286710274055,0.8144511439392392,0.6409168478869468,0.22642334307301834,0.520319188360614
RBS_BA_3325,Bandit-1,Third_Plate,1,TTTAAGATGGTGTTATACAT,TGGTGT,-0.07251758324270882,-0.1501843577471545,-0.5536501400445932,-0.6385976027139904,-0.10009050148806338,-0.40987667540563727,-0.3208194767736912,0.2460145094990869
RBS_BA_3280,Bandit-1,Third_Plate,1,TTTAAGATGGACGTATACAT,TGGACG,-1.3537791915439847,-1.1663027939022315,-0.7717033963571219,-0.5239768082714275,-1.1898867060040927,0.4426189785104805,-0.7605049862613963,0.6640170272770597
RBS_BA_1522,Bandit-1,Third_Plate,1,TTTAAGAGCATGTTATACAT,GCATGT,-0.5502355460124443,-1.0739311714435107,-0.6717478688022026,-1.3086337781689112,0.4610193757048677,-0.7649725955149099,-0.6514169307061851,0.6118026990294676
RBS_BA_1536,Bandit-1,Third_Plate,1,TTTAAGAGCGAGGTATACAT,GCGAGG,1.437621554911416,1.6394668872471587,0.9075525623284625,1.9143502745788366,2.2398265060080504,2.201719152657606,1.723422822955255,0.5072018692378856
RBS_BA_2890,Bandit-1,Third_Plate,1,TTTAAGACTCTGGTATACAT,CTCTGG,-0.959978643028619,-1.112438283423663,-0.7353920152333303,0.33283401189540424,-0.7563509787386566,-0.5071995215921954,-0.6230875716868433,0.511966258817828
RBS_BA_1693,Bandit-1,Third_Plate,1,TTTAAGAGCTCGGTATACAT,GCTCGG,-1.2849247015378276,-0.3800957447917831,-0.6935495761094356,-0.5171112348044454,-0.5740623979727055,0.17985705516774866,-0.5449811000080748,0.47408630192764944
RBS_BA_1365,Bandit-1,Third_Plate,1,TTTAAGAGGCGGTTATACAT,GGCGGT,-0.153866443334443,-0.3719256026309124,-0.7167278551051764,0.5758099656377583,0.7015371442322469,-0.45874148657060204,-0.07065237962852142,0.5796390316125525
RBS_BA_588,Bandit-1,Third_Plate,1,TTTAAGAACGCATTATACAT,ACGCAT,-0.19585639614324848,-0.9550210435619606,-0.7846746343569622,0.29602442277958163,-0.3935125226760113,-1.1106246481292041,-0.5239441370146342,0.5282052867029092
RBS_BA_1162,Bandit-1,Third_Plate,1,TTTAAGAGACTATTATACAT,GACTAT,-0.3703584954400794,-0.31223576345568205,-0.5209011216691262,0.6974356332776407,0.7254025833925756,0.7601683155813204,0.1632518586144415,0.6223453684582021
RBS_BA_1517,Bandit-1,Third_Plate,1,TTTAAGAGCATACTATACAT,GCATAC,0.4581770514451086,-0.030188493022380712,-0.30974942567488783,0.9045473755540167,1.1589762047874423,1.18822332033817,0.5616643389045782,0.6304423433726111
RBS_BA_2084,Bandit-1,Third_Plate,1,TTTAAGACAGTGGTATACAT,CAGTGG,0.8369552401424754,0.2630469883171636,-0.29343057417732077,1.450672986277736,1.5321340117192188,1.3867727193792392,0.8626918952764188,0.7436922448258119
RBS_BA_1658,Bandit-1,Third_Plate,1,TTTAAGAGCTAAGTATACAT,GCTAAG,0.28258270939619373,0.006647932288414297,-0.4079846300695043,1.0404243390925556,1.3333583441774879,1.3118531240775764,0.5944803031604539,0.7358251904451076
RBS_BA_1548,Bandit-1,Third_Plate,1,TTTAAGAGCGGAGTATACAT,GCGGAG,1.0040181315011627,0.7442127193540795,0.5985570582533281,1.550023182367308,1.9327134719498518,2.046121184199555,1.3126076246042142,0.6175933947127946
RBS_BA_2887,Bandit-1,Third_Plate,1,TTTAAGACTCTACTATACAT,CTCTAC,0.20863458031060442,0.034024287220286664,-0.38233285111019133,0.8814894651363003,1.257113978490306,1.2104423051225923,0.534895294194983,0.677748685109924
RBS_BA_3330,Bandit-1,Third_Plate,1,TTTAAGATGGTTATATACAT,TGGTTA,0.3498826380977817,0.13708228911291936,-0.29111952722240014,0.9352383732098616,1.4522761978639411,1.1845834410890614,0.6279905686918608,0.6703345382529696
RBS_1by1_0,Reference,Third_Plate,1,TTTAAGAAGGAGATATACAT,AGGAGA,1.5292803114523155,1.3331947790452878,1.071446923831622,2.09765208301531,2.2670790678754957,2.6604794046884774,1.8265220949847514,0.6107290305531398
RBS_BA3_2008,Bandit-2,Fourth_Plate,2,TTTAAGACAGGCTTATACAT,CAGGCT,0.9199932706420404,2.012091664943761,1.3593509992392343,2.0678217297158885,1.4827929833992428,1.3259170819596042,1.527994621649962,0.439715382556432
RBS_BA3_1363,Bandit-2,Fourth_Plate,2,TTTAAGAGGCGCTTATACAT,GGCGCT,0.9402931835935849,2.118819783388705,1.4703964582830744,2.0543050766316555,1.8202137613030989,1.5927843413658582,1.6661354340943297,0.43586236921009036
RBS_BA3_1765,Bandit-2,Fourth_Plate,2,TTTAAGAGTGGCTTATACAT,GTGGCT,0.6526047955196052,1.30930467078731,0.8497970349960826,1.1993155414490944,1.1015436481793686,0.7667188865613674,0.9798807629154713,0.2611294358717523
RBS_BA3_1998,Bandit-2,Fourth_Plate,2,TTTAAGACAGGAGTATACAT,CAGGAG,0.898208859391623,2.1594700285527733,1.4056267206179962,2.1720213399991524,1.9837027126920304,1.7306231507741856,1.7249421353379601,0.4982236162981301
RBS_BA3_1300,Bandit-2,Fourth_Plate,2,TTTAAGAGGGGCTTATACAT,GGGGCT,0.8599419163438413,1.5973070404351106,1.1043605132578294,1.565660889506988,1.229889969592135,1.0183800194509303,1.2292567247644726,0.298359070293414
RBS_BA3_1342,Bandit-2,Fourth_Plate,2,TTTAAGAGGCAGGTATACAT,GGCAGG,0.8792677925345556,1.4306145461746587,0.9083981293225539,1.471578587293698,1.0421294356250397,1.1785081844680871,1.1517494459030988,0.2554427980112204
RBS_BA3_2134,Bandit-2,Fourth_Plate,2,TTTAAGACATGCTTATACAT,CATGCT,0.226845426879413,0.9360189542043956,0.4344184003569393,0.9559467116139193,0.7263092396967147,0.3085288885984317,0.5980112702249689,0.3184820570180555
RBS_BA3_2012,Bandit-2,Fourth_Plate,2,TTTAAGACAGGTTTATACAT,CAGGTT,0.2881020979838039,0.9795479013068025,0.5365217169756025,0.9738063702576955,0.6380840359350035,0.43725572470200597,0.6422196411934856,0.28366836617775687
RBS_BA3_1352,Bandit-2,Fourth_Plate,2,TTTAAGAGGCATTTATACAT,GGCATT,0.5192262166981898,1.2769816736505504,0.689230691753245,1.2848334128378982,0.9991609862792383,0.9959080272483555,0.9608901680779129,0.30867778952585084
RBS_BA3_2070,Bandit-2,Fourth_Plate,2,TTTAAGACACGCTTATACAT,CACGCT,0.00441668260745764,0.04754337491633278,0.07989357074809936,0.7595724016857414,0.42033299081322156,0.1396787364376707,0.2419062928680872,0.2934931484845751
RBS_BA3_1986,Bandit-2,Fourth_Plate,2,TTTAAGACAGAGGTATACAT,CAGAGG,1.0351632449096386,1.825790246509147,1.3568553906885632,1.6942888048133005,1.4752735245313633,1.393626401255316,1.4634996021178883,0.27726668724526327
RBS_BA3_1884,Bandit-2,Fourth_Plate,2,TTTAAGAGTTGCTTATACAT,GTTGCT,0.2691856205578473,1.1112373769051525,0.22204270260621625,1.0451247983283143,0.773524871432279,0.46327889923274734,0.6473990448437594,0.38655223130091665
RBS_BA3_1367,Bandit-2,Fourth_Plate,2,TTTAAGAGGCGTTTATACAT,GGCGTT,1.2192551439006039,2.3018460788329347,1.6158061062798619,2.2344833697235322,1.7105803462591815,1.4995522830695796,1.7635872213442825,0.42476502355143364
RBS_BA3_2478,Bandit-2,Fourth_Plate,2,TTTAAGACCGAGGTATACAT,CCGAGG,0.8858365830305432,1.8630142137583174,1.3431673104452664,1.961089697004747,1.518620156861845,1.5775689892561737,1.524882825059482,0.3869948195439335
RBS_BA3_1348,Bandit-2,Fourth_Plate,2,TTTAAGAGGCACTTATACAT,GGCACT,0.6011610285959007,0.7312079083457692,0.5684918566006558,0.7776240763905444,0.9535283924140177,0.7315393757118716,0.7272587730097931,0.13775057064977986
RBS_BA3_1755,Bandit-2,Fourth_Plate,2,TTTAAGAGTGGAGTATACAT,GTGGAG,1.2647659244035627,1.622758845576428,1.1634017517754565,1.6110468153742805,1.5332395107176113,1.0239560865005393,1.3698614890579799,0.25382713049355415
RBS_BA3_3714,Bandit-2,Fourth_Plate,2,TTTAAGATTGGCTTATACAT,TTGGCT,-1.1628990877355443,0.11275815755971562,-1.183684661398064,-0.6660651493058888,-0.1046976174605353,-0.12110344375200811,-0.5209486336820541,0.5669397873990962
RBS_BA3_2598,Bandit-2,Fourth_Plate,2,TTTAAGACCTAGGTATACAT,CCTAGG,-0.15360509206700518,-1.044711489947899,-0.786119903458513,-1.064526865872522,-1.1814182602062777,-0.7542403130365213,-0.8307703207647896,0.37142163978221215
RBS_BA3_1304,Bandit-2,Fourth_Plate,2,TTTAAGAGGGGTTTATACAT,GGGGTT,1.2368771888175214,1.7720879774384035,0.9178341211447129,1.647066895481903,1.3572017682019304,1.3847714092124717,1.385973226716157,0.3031394386969504
RBS_BA3_1422,Bandit-2,Fourth_Plate,2,TTTAAGAGGTGCTTATACAT,GGTGCT,0.3276864110052408,-0.20457815430687346,-0.7392788764967871,-0.21160862627754984,0.33884573009830116,0.02692326562669514,-0.07700170839182889,0.40509450393527213
RBS_BA3_1369,Bandit-2,Fourth_Plate,2,TTTAAGAGGCCAGTATACAT,GGCCAG,-0.32736343605558477,-1.9254940680038974,-0.9694854391237737,-2.0652553874731945,-0.9423808596851729,-1.2313038764212065,-1.243547177793805,0.6550739618915745
RBS_BA3_2978,Bandit-2,Fourth_Plate,2,TTTAAGATAGGAGTATACAT,TAGGAG,1.0568501071497998,1.820661589946128,0.8662910060915805,1.4922362478117874,1.0713546430098697,1.3646794087495393,1.2786788337931174,0.34899948436262973
RBS_BA3_2112,Bandit-2,Fourth_Plate,2,TTTAAGACATAGGTATACAT,CATAGG,-1.1517293533251565,-0.5774797373066198,-1.2520784276464176,-0.7831160559770481,-1.477882956621056,-0.7096312827568596,-0.9919863022721929,0.3533916082708437
RBS_BA3_2025,Bandit-2,Fourth_Plate,2,TTTAAGACAGCTATATACAT,CAGCTA,0.03789491751142307,0.17109423657909448,-0.9128147676323831,-0.5236373365201389,-0.596270792822662,0.027476503892551414,-0.29937620649868585,0.43741816635885344
RBS_BA3_1373,Bandit-2,Fourth_Plate,2,TTTAAGAGGCCGGTATACAT,GGCCGG,0.42466966955875146,1.5255652251400742,0.8290763276027167,1.36896394239546,1.300221493475658,0.6332052247846107,1.0136169804928785,0.4463478255575016
RBS_BA3_2988,Bandit-2,Fourth_Plate,2,TTTAAGATAGGCTTATACAT,TAGGCT,0.16774657892880468,0.6210325952555014,0.19647232773178916,0.7520787014215023,0.21567458354241645,0.2118672123612803,0.36081199987354906,0.25625596342397056
RBS_BA3_2620,Bandit-2,Fourth_Plate,2,TTTAAGACCTGCTTATACAT,CCTGCT,-0.19096158489196613,-1.2644608995685938,-0.2700451287044652,-0.8122152233096226,-0.20252158814365995,-0.8977998158490845,-0.6063340400778987,0.44925701508489313
RBS_BA3_1391,Bandit-2,Fourth_Plate,2,TTTAAGAGGCTCTTATACAT,GGCTCT,-0.13023892528970285,-0.9821917875566429,-1.5098370823940757,-0.7088247213026059,-1.5222881994696427,-1.0057481170974696,-0.9765214721850232,0.523646619308385
RBS_BA3_3051,Bandit-2,Fourth_Plate,2,TTTAAGATACGCTTATACAT,TACGCT,-0.47488602892365794,-0.806088598891901,-1.104528291831078,-1.5364428958906244,-1.1033622935101375,-1.5199646536505222,-1.0908787937829867,0.4107399986007677
RBS_BA3_1769,Bandit-2,Fourth_Plate,2,TTTAAGAGTGGTTTATACAT,GTGGTT,-0.45919315558727875,-0.6602167461279249,-1.1230776658193573,-0.8458263503754376,-1.2894215712044157,-0.4791086820740389,-0.8094740285314089,0.34179937530148125
RBS_BA3_2060,Bandit-2,Fourth_Plate,2,TTTAAGACACGAGTATACAT,CACGAG,-0.9966313017907303,-1.7184296663463012,-1.3098384402137386,-0.9606576338714006,-1.8350639494584202,-2.1355573326071964,-1.492696387381298,0.4783354657376633
RBS_BA3_2018,Bandit-2,Fourth_Plate,2,TTTAAGACAGCGGTATACAT,CAGCGG,-0.9072717578543522,-2.2682096802090186,-1.6222083831369531,-1.7841314471168164,-1.6482117651910617,-2.2096914209903327,-1.7399540757497558,0.49341652576871964
RBS_BA3_2118,Bandit-2,Fourth_Plate,2,TTTAAGACATACTTATACAT,CATACT,-1.326526799213294,-1.021390530488084,-1.191281558289974,-1.5595013446170174,-1.2381449565535871,-1.2242549468740127,-1.260183356005995,0.17750421045330406
RBS_BA3_1875,Bandit-2,Fourth_Plate,2,TTTAAGAGTTGAGTATACAT,GTTGAG,-1.2943361209009627,-1.8207499688578492,-1.8885911829124675,-1.5246427217247889,-1.978371387167219,-1.1226807989429934,-1.6048953634177134,0.3469810613872385
RBS_BA3_3704,Bandit-2,Fourth_Plate,2,TTTAAGATTGGAGTATACAT,TTGGAG,-0.04396413923077212,0.4283880004576515,-0.7014488738630702,-0.38444990304966326,-0.5391941459615563,0.1753442923014672,-0.17755412822432384,0.4376310117571626
RBS_BA3_1134,Bandit-2,Fourth_Plate,2,TTTAAGAGACGCTTATACAT,GACGCT,0.3337709358024379,-0.3484968203122216,-0.10565891529826203,-0.9475425222899259,0.4033248598572302,-0.6561718401539236,-0.22012905039911082,0.5374654114816839
RBS_BA3_1354,Bandit-2,Fourth_Plate,2,TTTAAGAGGCGAGTATACAT,GGCGAG,1.4234745260265533,2.06505907304727,1.398628381424793,2.2543542059042676,1.835202710200768,1.194323931432367,1.6951738046726696,0.4199324252439641
RBS_BA3_2608,Bandit-2,Fourth_Plate,2,TTTAAGACCTATTTATACAT,CCTATT,-0.0609080399547571,0.5908358806590273,-0.3517986028564384,0.13214939439278067,0.02051858350119891,-0.16903942964055343,0.026959631016876314,0.32207358085694704
RBS_BA3_3442,Bandit-2,Fourth_Plate,2,TTTAAGATCGAGGTATACAT,TCGAGG,-0.008715583680362873,-1.4817565358113016,-0.84739961543161,-1.2553678612090324,-1.346026816344559,-0.8837393452056497,-0.9705009596137527,0.5350259270211999
RBS_BA3_2124,Bandit-2,Fourth_Plate,2,TTTAAGACATGAGTATACAT,CATGAG,-1.3903769531259769,-1.5207649993091654,-1.5240574776522025,-1.0599943754391963,-2.25482818658007,-1.229586128504555,-1.4966013534351943,0.41217764564334636
RBS_BA3_2966,Bandit-2,Fourth_Plate,2,TTTAAGATAGAGGTATACAT,TAGAGG,0.7738377057611251,1.2498729114035847,0.6799199721111189,1.318776392143797,0.7549563123222333,0.7144042963308127,0.9152945983454451,0.28851923750021186
RBS_BA3_1292,Bandit-2,Fourth_Plate,2,TTTAAGAGGGGAGTATACAT,GGGGAG,0.10861040370385477,0.6275081773019313,0.11244130868336405,0.6505226848606511,0.1131535121721511,0.06161145698064496,0.27897459061709956,0.2796513184229766
RBS_BA3_2074,Bandit-2,Fourth_Plate,2,TTTAAGACACGTTTATACAT,CACGTT,-1.6539714410662376,-1.9848138678131424,-1.0934439300648995,-1.2003579907490818,-0.985810689563084,-1.738981033646743,-1.4428964921505312,0.40392142318899743
RBS_BA3_1358,Bandit-2,Fourth_Plate,2,TTTAAGAGGCGGGTATACAT,GGCGGG,-0.3507864115756743,-0.8786744029692057,-1.136011376769863,-1.0679646846273991,-1.1409373808284966,-0.15151854830370892,-0.7876488008457248,0.43093906886029576
RBS_BA3_2028,Bandit-2,Fourth_Plate,2,TTTAAGACAGCTTTATACAT,CAGCTT,-0.6387842547826442,-1.5667405480091172,-1.2917220893504011,-1.1582609303098477,-1.5036717505938775,-1.8070818427666646,-1.3277102359687587,0.40559149486788926
RBS_BA3_1380,Bandit-2,Fourth_Plate,2,TTTAAGAGGCCTATATACAT,GGCCTA,-0.06125251363952166,-0.785809505436407,-0.9139777607466006,-0.9774435441085849,-1.085262139093167,-0.7735183331804938,-0.7662106327007958,0.364870332763072
RBS_BA3_1775,Bandit-2,Fourth_Plate,2,TTTAAGAGTGCGGTATACAT,GTGCGG,-0.6012640268258863,-0.7536414490364829,-2.2851130215632915,-1.8464770134080244,-1.8680608380129224,-2.1686234313457864,-1.5871966300320655,0.7263790709005405
RBS_BA3_1992,Bandit-2,Fourth_Plate,2,TTTAAGACAGACTTATACAT,CAGACT,-0.21459907887140667,-0.648559188037885,-0.9768068840244734,-0.9550840444097193,-0.13007967410565474,-0.8082813620591358,-0.6222350385847125,0.36883596029046245
RBS_BA3_2064,Bandit-2,Fourth_Plate,2,TTTAAGACACGGGTATACAT,CACGGG,0.6096272506413172,1.2790295116267758,0.7392154203460467,1.386983188233417,0.8984075270258429,0.483547020166565,0.8994683196733275,0.3645320109974258
RBS_BA3_1412,Bandit-2,Fourth_Plate,2,TTTAAGAGGTGAGTATACAT,GGTGAG,0.5823829855599908,1.2439571760123875,0.49500363194728364,1.1189598585948237,0.7358165156142952,0.8277512439885991,0.8339785686195632,0.29569433795223526
RBS_BA3_2866,Bandit-2,Fourth_Plate,2,TTTAAGACTTGCTTATACAT,CTTGCT,-0.6653745922688573,-1.459005077321432,-1.029043439980099,-1.721748197117431,-1.3328902366732653,-1.3308334660788492,-1.2564825015733223,0.36605760645682506
RBS_BA3_2604,Bandit-2,Fourth_Plate,2,TTTAAGACCTACTTATACAT,CCTACT,-0.40689526067282955,-1.1489674542166044,-1.0441106226811796,-1.7924462152311502,-1.9047790643801366,-1.5322581858857791,-1.3049094671779466,0.5564146867274808
RBS_BA3_2005,Bandit-2,Fourth_Plate,2,TTTAAGACAGGCATATACAT,CAGGCA,-0.5548668817437983,-1.2175478166412597,-1.2026912788633983,-1.5435885797803852,-1.1075584409127093,-1.411370523728213,-1.1729372536116272,0.34158267168356427
RBS_BA3_1743,Bandit-2,Fourth_Plate,2,TTTAAGAGTGAGGTATACAT,GTGAGG,0.5714177688316413,0.783873959403556,0.4743310831246114,0.9792882211991859,0.6357059187372336,0.5884382846321672,0.6721758726547327,0.18134566696155804
RBS_BA3_330,Bandit-2,Fourth_Plate,2,TTTAAGAAGGGCTTATACAT,AGGGCT,-0.246540600933244,-0.015686243774078946,-0.0036641809734032776,-0.6105407455564048,-0.039999818711233544,-0.4350956144470939,-0.22525453406590976,0.25308982708262556
RBS_BA3_1888,Bandit-2,Fourth_Plate,2,TTTAAGAGTTGTTTATACAT,GTTGTT,-0.8089055949005461,-1.349135783082788,-1.3680714437935586,-1.0368976183241152,-1.6195541914665195,-2.3590033464091564,-1.4235946629961143,0.5384038910085406
RBS_BA3_3029,Bandit-2,Fourth_Plate,2,TTTAAGATACAGGTATACAT,TACAGG,-0.5482609591825631,-0.9336296527223715,-1.8490249774533931,-0.7485186412423458,-1.3987672843597074,-1.0842899184612078,-1.0937485722369316,0.47030773729331216
RBS_BA3_1383,Bandit-2,Fourth_Plate,2,TTTAAGAGGCCTTTATACAT,GGCCTT,-0.8333040217515194,-1.9938018121401044,-1.776759963415156,-1.5941130472506948,-1.6134614011184836,-1.6131096972708034,-1.5707583238244602,0.39227642063108986
RBS_BA3_1349,Bandit-2,Fourth_Plate,2,TTTAAGAGGCATATATACAT,GGCATA,0.45111125043847033,0.42388413644389505,0.25447972478921294,-0.4125122985847989,0.006080796965464704,0.4453806665149316,0.19473737942786262,0.34321144524385744
RBS_BA3_2992,Bandit-2,Fourth_Plate,2,TTTAAGATAGGTTTATACAT,TAGGTT,0.47502844586100346,0.5961659851942203,0.015190142829387972,0.6922666360302746,-0.3176364108737056,0.3615430344126535,0.3037596389089724,0.38432186717488465
RBS_BA3_391,Bandit-2,Fourth_Plate,2,TTTAAGAAGCGCTTATACAT,AGCGCT,0.8244171791531607,1.3402574355929049,0.5769731484867823,1.2533345469101782,0.4196984251486685,0.35584244537008153,0.7950871967769625,0.4217790631659084
RBS_BA3_1124,Bandit-2,Fourth_Plate,2,TTTAAGAGACGAGTATACAT,GACGAG,-0.6098099421972897,-0.7331855576965047,-0.8982026724415746,0.6214496845375507,-0.12416656037935701,-0.03952985705062239,-0.2972408175379662,0.5637844094086775
RBS_BA3_2540,Bandit-2,Fourth_Plate,2,TTTAAGACCCAGGTATACAT,CCCAGG,-0.6509260962647784,-1.520721813470187,-0.9364474780336455,-1.0802246523094579,-1.8351830891582996,-0.925717367868672,-1.1582034161841732,0.4373459709834735
RBS_BA3_2122,Bandit-2,Fourth_Plate,2,TTTAAGACATATTTATACAT,CATATT,-1.1985767720973752,-0.7464339988544696,-1.3664951011232465,-0.8808823760938465,-1.8399568182767838,-1.1585688066241657,-1.198485645511648,0.386400914332446
RBS_BA3_1297,Bandit-2,Fourth_Plate,2,TTTAAGAGGGGCATATACAT,GGGGCA,0.4245105078493928,0.6669045313738508,0.3380077320123955,0.9306229910653832,-0.026491746222844892,0.47393262042687934,0.46791443941750943,0.32153681259581457
RBS_BA3_3718,Bandit-2,Fourth_Plate,2,TTTAAGATTGGTTTATACAT,TTGGTT,-1.2921337897129415,-2.247860757355173,-1.3017635097383065,-1.9501027792408219,-1.8455339815578893,-1.093261797863159,-1.6217761025780486,0.45612442913238144
RBS_BA3_3231,Bandit-2,Fourth_Plate,2,TTTAAGATGGGCTTATACAT,TGGGCT,-1.852005212453811,-0.03930395787421313,-1.5756406302041668,0.24252857989863727,-0.6029476022253957,-1.0693930462747339,-0.8161269781889472,0.8347094640606002
RBS_BA3_1343,Bandit-2,Fourth_Plate,2,TTTAAGAGGCAGCTATACAT,GGCAGC,-0.301833984854986,0.4375813511765543,-1.0234118157794228,0.2936204451733529,-0.34828188151891953,-0.01987320249874458,-0.16036651471702762,0.526033573591775
RBS_BA3_2437,Bandit-2,Fourth_Plate,2,TTTAAGACCAGCTTATACAT,CCAGCT,-0.7923811012117508,-1.2462882406984368,-1.042102852197615,-0.8800198409328204,-0.11134445558625719,-0.47557932194780234,-0.7579526354291138,0.4081998425734826
RBS_BA3_1782,Bandit-2,Fourth_Plate,2,TTTAAGAGTGCTATATACAT,GTGCTA,-0.5632788388018045,-0.4956697091009066,-1.007649362902692,-0.9492115264181797,-1.0411780611534718,-0.9950479058482966,-0.8420059007042252,0.2448100244031687
RBS_BA3_1371,Bandit-2,Fourth_Plate,2,TTTAAGAGGCCATTATACAT,GGCCAT,0.07015518644189364,-0.5613132955951952,-0.6649239122049185,0.3926647146892177,-0.3762179699501954,0.06041292381333511,-0.17987039213431047,0.41650289018404496
RBS_BA3_3041,Bandit-2,Fourth_Plate,2,TTTAAGATACGAGTATACAT,TACGAG,0.326705684576017,-0.07273337634424712,0.0005009867325024605,0.5685391886595798,0.4614605751466526,0.14245501416419637,0.23782134548911685,0.2565732439876749
RBS_BA3_1999,Bandit-2,Fourth_Plate,2,TTTAAGACAGGACTATACAT,CAGGAC,0.45511011727580847,1.082238390079,0.7201255956609477,1.3329524662714922,0.4894151839667084,0.2457377951217224,0.7209299247292799,0.413565678145645
RBS_BA3_1360,Bandit-2,Fourth_Plate,2,TTTAAGAGGCGCATATACAT,GGCGCA,0.48311778359010493,1.389880443546362,0.4845138061696847,1.149915678311863,0.9180185929744568,0.436558708795681,0.8103341688980253,0.4039116208628681
RBS_BA3_2014,Bandit-2,Fourth_Plate,2,TTTAAGACAGCAGTATACAT,CAGCAG,-0.656479224865915,0.0671815019455514,-0.783005629117325,-0.8636851055967002,-0.5976806473457908,-0.45953583616500554,-0.5488674901908642,0.33328375716324904
RBS_BA3_2610,Bandit-2,Fourth_Plate,2,TTTAAGACCTGAGTATACAT,CCTGAG,-0.436547874935962,-1.1431178948358716,-0.8310429342851436,-0.8151558520261166,-1.6613156743916226,-1.13093208314496,-1.0030187189366127,0.413546087822195
RBS_BA3_1351,Bandit-2,Fourth_Plate,2,TTTAAGAGGCATCTATACAT,GGCATC,0.007038012523306122,-0.7593585871854301,0.023986817712436957,-0.39583763678706807,-0.20213930588160375,-0.1504741616095277,-0.24613081020464778,0.29460424897685367
RBS_BA3_3692,Bandit-2,Fourth_Plate,2,TTTAAGATTGAGGTATACAT,TTGAGG,0.3044817732762895,0.8482466527998676,0.12910087854093286,-0.04585219516644166,0.15786253949756404,0.15964176866986116,0.25891356960301226,0.3095770183390535
RBS_BA3_3045,Bandit-2,Fourth_Plate,2,TTTAAGATACGGGTATACAT,TACGGG,-0.5749161803220161,-0.6144726343749132,-0.7656256487292239,-1.3279154701315397,-0.36355121125317874,-1.2657019037807962,-0.8186971747652779,0.3924863745977718
RBS_BA3_3112,Bandit-2,Fourth_Plate,2,TTTAAGATATGCTTATACAT,TATGCT,-0.1814693788977703,-0.13250333962695204,-1.3043785239602208,-0.9146044139558072,-1.2667769073359703,-0.9875021226891663,-0.7978724477443144,0.5193600593700288
RBS_BA3_1416,Bandit-2,Fourth_Plate,2,TTTAAGAGGTGGGTATACAT,GGTGGG,-0.012312043902200769,-0.02501938196763973,0.0018376868689378065,0.39744818726991743,0.30978078881502397,0.07505992091470771,0.12446585966645773,0.18297192247324864
RBS_BA3_2027,Bandit-2,Fourth_Plate,2,TTTAAGACAGCTCTATACAT,CAGCTC,-0.08074791064371305,-1.046154815454278,-0.26540145182679026,-0.4538392290328789,-0.35376872005382926,-0.9076149610239977,-0.5179211813392478,0.3786373525410536
RBS_BA3_2431,Bandit-2,Fourth_Plate,2,TTTAAGACCAGGGTATACAT,CCAGGG,-0.26980362897171045,-1.07992966980736,-0.5155104392016334,-0.09678472965054714,-0.033218055898318215,-0.6195898495689726,-0.4358060621830903,0.38976758835729397
RBS_BA3_2140,Bandit-2,Fourth_Plate,2,TTTAAGACATCAGTATACAT,CATCAG,0.292846938431715,0.3585460294642472,-0.1251000302030655,0.7971474266018734,0.5287975651346026,0.17920429806085092,0.33857370458170394,0.31284396961389416
RBS_BA3_1112,Bandit-2,Fourth_Plate,2,TTTAAGAGACAGGTATACAT,GACAGG,0.9715469824852541,1.8305299432062965,0.8905545859688503,1.6422726790002469,1.3793617661366038,0.49126023402966457,1.200921031804486,0.5050936520226941
RBS_BA3_2856,Bandit-2,Fourth_Plate,2,TTTAAGACTTGAGTATACAT,CTTGAG,0.17583152650832534,1.0470412263958082,0.4466408106683345,1.1329460962998774,0.5357850936935381,0.07225243739939528,0.5684161984942131,0.43908339969371535
RBS_BA3_1294,Bandit-2,Fourth_Plate,2,TTTAAGAGGGGGGTATACAT,GGGGGG,1.2658849503371943,2.0262559658101256,1.3655415182761894,2.2544593657297396,2.0643296892217027,1.6548546493811653,1.7718876897926863,0.4044635165948501
RBS_BA3_2998,Bandit-2,Fourth_Plate,2,TTTAAGATAGCGGTATACAT,TAGCGG,0.3346691029210894,0.9210913938242389,0.24362781906690012,0.8970507039076177,0.4912978813045207,-0.05592098094553543,0.47196932001313857,0.3827369263381227
RBS_BA3_1400,Bandit-2,Fourth_Plate,2,TTTAAGAGGTAGGTATACAT,GGTAGG,0.3756346824006422,1.530994539680472,0.6963007440666162,1.4240325428209464,1.2034184134803831,0.6966910513095237,0.9878453289597638,0.4639640157484483
RBS_BA3_2652,Bandit-2,Fourth_Plate,2,TTTAAGACCTTCTTATACAT,CCTTCT,0.03550238752375159,0.803240940215619,0.27816771507670845,-0.5183978870360604,0.7088622382149342,0.061352634670995804,0.22812133811099147,0.48715168555423694
RBS_1by1_0,Reference,Fourth_Plate,2,TTTAAGAAGGAGATATACAT,AGGAGA,1.4066193162693246,2.1846996922100623,1.4542328232435844,2.0427308615026534,2.1593544986000004,1.2176823156483578,1.7442199179123303,0.4314571735394665
RBS_1by1_0,Reference,Fourth_Plate,2,TTTAAGAAGGAGATATACAT,AGGAGA,1.3468095373872593,2.367292512502668,1.391886753665427,2.2628154067682305,2.353902042779383,1.697326174248457,1.903338737891904,0.481919688685907
RBS_1by1_0,Reference,Fourth_Plate,2,TTTAAGAAGGAGATATACAT,AGGAGA,1.1842413501988687,2.4174407413172743,1.2197376855730317,2.1170586948461256,2.2399498730005742,1.6074114678592757,1.7976399687991915,0.5344595715948467
RBS_BA4_2729,Bandit-3,Fifth_Plate,3,TTTAAGAGGGGGCTATACAT,GGGGGC,2.580929113246841,2.691980092781972,2.1571479847979327,2.327416045436757,2.5326057258499137,3.2971687135964203,2.5978746126183063,0.39237814812254035
RBS_BA4_2721,Bandit-3,Fifth_Plate,3,TTTAAGAGGGGACTATACAT,GGGGAC,1.4942988998718074,0.9618476989901723,0.93331437920855,1.2871063196554309,1.3760724548672674,1.940681061415928,1.3322201356681926,0.37329721420053136
RBS_BA4_162,Bandit-3,Fifth_Plate,3,TTTAAGAAAGGAGTATACAT,AAGGAG,1.5567548255180386,1.6553094669455872,1.0735863954600198,1.3676544099030277,1.7597060169210268,2.0992229190424854,1.585372338965031,0.3491334307871478
RBS_BA4_3258,Bandit-3,Fifth_Plate,3,TTTAAGATAGTGGTATACAT,TAGTGG,0.5759190457632523,0.7087998459003827,0.541438861197548,0.514166304308988,0.5274995385295924,1.076669047897009,0.6574154405994621,0.21721170794402292
RBS_BA4_2731,Bandit-3,Fifth_Plate,3,TTTAAGAGGGGGTTATACAT,GGGGGT,2.034581174764177,2.274666705318638,1.972540766059332,2.1321412476623607,2.0934513681900233,2.7317617084385506,2.2065238284055138,0.2768208017757745
RBS_BA4_2657,Bandit-3,Fifth_Plate,3,TTTAAGAGGCGACTATACAT,GGCGAC,2.069819724479323,1.7565423230262798,1.4980089432008075,1.5642377663363949,1.6223818003909243,2.202652724752392,1.7856072136976868,0.28771799054366626
RBS_BA4_186,Bandit-3,Fifth_Plate,3,TTTAAGAAAGTGGTATACAT,AAGTGG,0.8590651777945213,0.6783995319305621,0.21435962423503932,0.4535173770424429,0.5081809488350099,0.7975106421868375,0.5851722170040689,0.24064867514439117
RBS_BA4_3233,Bandit-3,Fifth_Plate,3,TTTAAGATAGGACTATACAT,TAGGAC,0.9439711320588119,0.7220751041697273,0.4756093583035827,0.5327746264419173,0.6711796368920594,1.098797023087803,0.7407344801589836,0.24009939644037603
RBS_BA4_2733,Bandit-3,Fifth_Plate,3,TTTAAGAGGGGTCTATACAT,GGGGTC,0.8448189926591395,0.7976630154042905,0.4117405280565388,0.5967618407306876,0.7757381608195733,0.9655370237561698,0.7320432602377333,0.19715364705566227
RBS_BA4_2720,Bandit-3,Fifth_Plate,3,TTTAAGAGGGGAATATACAT,GGGGAA,1.159831709670148,1.1903997952137109,0.8802534317396526,0.9171135747513658,1.317774831670813,1.0821941859494797,1.0912612548325284,0.16779313786910247
RBS_BA4_627,Bandit-3,Fifth_Plate,3,TTTAAGAAGCTATTATACAT,AGCTAT,0.30850169707827174,-0.9694385998221979,-0.030661675122378072,0.010001810341820355,0.24305854234644833,0.11593487898863736,-0.05376722436489972,0.46716111463500015
RBS_BA4_2662,Bandit-3,Fifth_Plate,3,TTTAAGAGGCGCGTATACAT,GGCGCG,1.1797737416671181,1.5309334873579483,0.8525094875924722,1.3328075650608666,1.1515343772167161,1.273854724920943,1.220235563969344,0.22523771834293632
RBS_BA4_2661,Bandit-3,Fifth_Plate,3,TTTAAGAGGCGCCTATACAT,GGCGCC,1.5975475108200847,1.404788914922656,0.9224238142805296,1.1987831159458444,1.1633983375366699,1.4012433414328322,1.2813641724897693,0.23628386973988585
RBS_BA4_2234,Bandit-3,Fifth_Plate,3,TTTAAGAGAGTGGTATACAT,GAGTGG,0.9780573201364978,0.911646496367226,0.6662149148804598,0.892433618052861,1.0585588872045517,1.1918627948694889,0.9497956719185141,0.17685500295684112
RBS_BA4_2746,Bandit-3,Fifth_Plate,3,TTTAAGAGGGTGGTATACAT,GGGTGG,1.3386794858209419,1.3928957228740768,0.78285789915194,1.1326711226873367,1.2589334896918958,1.7819939537641678,1.2813386123317265,0.3278645357460297
RBS_BA4_2669,Bandit-3,Fifth_Plate,3,TTTAAGAGGCGTCTATACAT,GGCGTC,0.5354695365793795,0.6776040567825702,0.39014946237369763,0.5834251482621177,0.59516335368382,0.2911571536954596,0.512161451896174,0.14395289358239544
RBS_BA4_2732,Bandit-3,Fifth_Plate,3,TTTAAGAGGGGTATATACAT,GGGGTA,1.3909357775500382,1.5084769916337517,0.9368232570728684,1.3496181959305895,1.262407312883782,1.730433159126785,1.3631157823663023,0.2641498008131276
RBS_BA4_161,Bandit-3,Fifth_Plate,3,TTTAAGAAAGGACTATACAT,AAGGAC,-0.2660678313185141,-1.812695322633734,-1.190734608343624,-1.696141178484948,-0.1421722156291397,-1.7732915839899932,-1.1468504567333255,0.7647980633487929
RBS_BA4_2672,Bandit-3,Fifth_Plate,3,TTTAAGAGGCTAATATACAT,GGCTAA,0.7348991687118429,0.8181342896069626,0.4607163262552735,0.574086465870376,0.652235731961997,0.9364462045152124,0.6960863644869439,0.1711028290992207
RBS_BA4_2210,Bandit-3,Fifth_Plate,3,TTTAAGAGAGGAGTATACAT,GAGGAG,1.9288330648563294,1.6486533031430501,1.2743168578128574,1.5010166905026845,1.6247182141929062,1.946798667367704,1.6540561329792551,0.25679308629258096
RBS_BA4_2668,Bandit-3,Fifth_Plate,3,TTTAAGAGGCGTATATACAT,GGCGTA,0.4083550595838256,0.6845124557436641,0.15875756314013575,0.46625086735931104,0.4128297862395628,0.6863088043708422,0.46950242273955695,0.1983724020810818
RBS_BA4_49,Bandit-3,Fifth_Plate,3,TTTAAGAAAATACTATACAT,AAATAC,-2.0978101032774545,-2.28193573537697,-2.4920001468829955,-1.441305835166049,-1.6060976522947636,-1.9077465051701743,-1.9711493296947342,0.40048308061932625
RBS_BA4_2440,Bandit-3,Fifth_Plate,3,TTTAAGAGCGAGATATACAT,GCGAGA,0.4732619321657509,0.6736567042893238,0.15722125684431615,0.4337954656162544,0.49829875016630526,0.7313606907603943,0.49459913330705746,0.20303080045274474
RBS_BA4_2725,Bandit-3,Fifth_Plate,3,TTTAAGAGGGGCCTATACAT,GGGGCC,0.9078589155671672,1.0029300319328136,0.37398995546738373,0.43804620526936455,0.7649037234396998,1.0446610893305581,0.755398320167831,0.28791116313469733
RBS_BA4_1416,Bandit-3,Fifth_Plate,3,TTTAAGACCGAGATATACAT,CCGAGA,1.1103616082283136,0.7848226829722558,0.6145868916616094,0.8144661171072025,0.8770890604776173,1.0752430627359875,0.8794282371971643,0.18707771954254918
RBS_BA4_2656,Bandit-3,Fifth_Plate,3,TTTAAGAGGCGAATATACAT,GGCGAA,1.0608525219086435,0.9301682576027066,0.7956706261288274,1.1246108635933012,1.0658950781923988,1.470563574265933,1.0746268202819684,0.22725101845512904
RBS_BA4_2734,Bandit-3,Fifth_Plate,3,TTTAAGAGGGGTGTATACAT,GGGGTG,1.4456962124274764,1.6000467543657968,0.9086281453052623,1.4150841172722868,1.4626735525245098,1.3795273613231156,1.3686093572030744,0.23757758578272858
RBS_BA4_497,Bandit-3,Fifth_Plate,3,TTTAAGAACTTACTATACAT,ACTTAC,-1.3557153299137035,-2.282510091235327,-1.423119629978706,-1.8022221309481932,-1.6370205833416611,-1.1612373809212855,-1.6103041910564793,0.39772391972148796
RBS_BA4_2186,Bandit-3,Fifth_Plate,3,TTTAAGAGAGAGGTATACAT,GAGAGG,0.8561067103823322,0.9883764391077748,0.8404684749026187,0.938830486072297,0.8944287584822711,1.1752303789172212,0.9489068746440857,0.12346686266210359
RBS_BA4_634,Bandit-3,Fifth_Plate,3,TTTAAGAAGCTGGTATACAT,AGCTGG,-2.0339740319191097,-1.5509808491843067,-1.846717907671263,-1.4699061521330696,-1.1661797119233757,-1.6381584859155385,-1.6176528564577772,0.3020982770864039
RBS_BA4_2726,Bandit-3,Fifth_Plate,3,TTTAAGAGGGGCGTATACAT,GGGGCG,0.28981596677223137,0.3771631458316497,-0.21010776977496828,0.2329356125098377,0.030228422989677407,0.4380996682699159,0.19302250776639063,0.24246589596600548
RBS_BA4_25,Bandit-3,Fifth_Plate,3,TTTAAGAAAACGCTATACAT,AAACGC,-2.8787080674338394,-2.4153389049859375,-1.878062536925154,-2.2120192398726544,-2.4024357862186694,-1.407510771900493,-2.199012551222791,0.5059283053800611
RBS_BA4_674,Bandit-3,Fifth_Plate,3,TTTAAGAAGGGAGTATACAT,AGGGAG,-2.275453944056156,-1.439987291124582,-1.5798076607560192,-2.2536432269170064,-1.7199700763054773,-1.3931806481326228,-1.7770071412153106,0.39463329597730845
RBS_BA4_394,Bandit-3,Fifth_Plate,3,TTTAAGAACGAGGTATACAT,ACGAGG,-0.8970469877337939,0.073090879766581,-1.0136594739587788,-1.5278772817063189,-1.2539976463040876,-0.9379915629703564,-0.9262470121511258,0.543449573748005
RBS_BA4_610,Bandit-3,Fifth_Plate,3,TTTAAGAAGCGAGTATACAT,AGCGAG,-2.4710482837627223,-2.127215506688025,-1.3769920835763338,-1.3246447777499797,-1.1428595460947675,-1.6016406378978625,-1.6740668059616153,0.5173584962409602
RBS_BA4_3253,Bandit-3,Fifth_Plate,3,TTTAAGATAGTCCTATACAT,TAGTCC,0.4782531899299742,0.9190302513569242,0.24682090483380334,0.6845041849004597,0.31394587854826744,0.9129763363785078,0.5925884576579894,0.292551048312702
RBS_BA4_138,Bandit-3,Fifth_Plate,3,TTTAAGAAAGAGGTATACAT,AAGAGG,1.8653660585020528,1.568818867870547,1.07710226993627,1.461337818445717,1.677988344537016,2.1181564903440386,1.6281283082726068,0.3560510538438517
RBS_BA4_609,Bandit-3,Fifth_Plate,3,TTTAAGAAGCGACTATACAT,AGCGAC,-0.055401273440243794,-0.2431979755384921,-0.4480657875366576,0.1501182052819759,0.2281148305539691,-0.1288460931224261,-0.08287968230031245,0.2501745083437251
RBS_BA4_1442,Bandit-3,Fifth_Plate,3,TTTAAGACCGGAGTATACAT,CCGGAG,0.8913472032433645,0.8906428701270963,0.49860299551170995,0.8096909775379011,0.9355349606030647,0.7842860757812067,0.8016841804673905,0.15880437335436606
RBS_BA4_418,Bandit-3,Fifth_Plate,3,TTTAAGAACGGAGTATACAT,ACGGAG,0.05974608613002165,0.39975312093152565,0.07844938280286887,0.004528763170897805,0.302401078272455,0.28658931520359016,0.1885779577518932,0.161094344215008
RBS_BA4_698,Bandit-3,Fifth_Plate,3,TTTAAGAAGGTGGTATACAT,AGGTGG,-0.9663603845291447,0.1544743171900746,-0.4878303283223388,0.05966178255396878,-2.0414764944803214,-0.9723404536876377,-0.7089785935459,0.811963179429026
RBS_BA4_2805,Bandit-3,Fifth_Plate,3,TTTAAGAGGTTCCTATACAT,GGTTCC,-1.103601753093505,-1.6466852200812583,-1.6609488284131928,-1.268014575449017,-1.464915947577455,-0.2915265913638961,-1.239282152663054,0.5122823403373172
RBS_BA4_3232,Bandit-3,Fifth_Plate,3,TTTAAGATAGGAATATACAT,TAGGAA,-1.0952861378205136,-1.45664007575604,-1.1907112769613597,-1.7931142867184724,-1.6463118704397772,-1.0570819897551604,-1.3731909395752204,0.3060552868172584
RBS_BA4_2170,Bandit-3,Fifth_Plate,3,TTTAAGAGACTGGTATACAT,GACTGG,-1.3427441853227364,-1.5110325999191305,-1.462611652255771,-1.8463345274409648,-2.043707966058629,-2.7322892526198626,-1.8231200306028492,0.5165099093672646
RBS_BA4_1674,Bandit-3,Fifth_Plate,3,TTTAAGACGGAGGTATACAT,CGGAGG,1.0955469165813978,1.1943595728322507,0.9759795855423068,1.0846237058129309,1.1484666039248925,1.381494945211281,1.1467452216508434,0.1363955820066023
RBS_BA4_2801,Bandit-3,Fifth_Plate,3,TTTAAGAGGTTACTATACAT,GGTTAC,-1.5229159273000592,-1.671591709779907,-1.4280033825606602,-1.6841070056616172,-1.073159755322842,-1.5893378654451087,-1.4948526076783655,0.227623650720954
RBS_BA4_2810,Bandit-3,Fifth_Plate,3,TTTAAGAGGTTGGTATACAT,GGTTGG,-1.3702227807162155,-2.2136768375941895,-1.9174389921573,-1.5765862930136005,-2.103100157394054,-1.3590237896366029,-1.7566748084186603,0.37272238346816894
RBS_BA4_3257,Bandit-3,Fifth_Plate,3,TTTAAGATAGTGCTATACAT,TAGTGC,-1.0706737288472885,0.25314361855618134,-1.128441387702581,-0.03198200965865472,-0.7220164938494479,0.11063383560490649,-0.4315560276494807,0.616592373071402
RBS_BA4_2680,Bandit-3,Fifth_Plate,3,TTTAAGAGGCTGATATACAT,GGCTGA,1.065937865124855,0.7652831528994759,0.4784556251148087,0.7853447409223989,1.1556013414451263,1.1998699570142177,0.9084154470868137,0.27977083864356916
RBS_BA4_682,Bandit-3,Fifth_Plate,3,TTTAAGAAGGGGGTATACAT,AGGGGG,1.4774109469859436,1.1860230639485567,0.8440320457771601,1.1973899798659307,1.444464336336005,1.5692723195486369,1.2864321154103722,0.2665235371095322
RBS_BA4_3208,Bandit-3,Fifth_Plate,3,TTTAAGATAGAGATATACAT,TAGAGA,-1.0182257139913995,-1.1006155145854184,-1.8854274118199532,-1.90805692753944,-1.3329834711810369,-1.040772490308988,-1.381013588237706,0.4148534693588736
RBS_BA4_51,Bandit-3,Fifth_Plate,3,TTTAAGAAAATATTATACAT,AAATAT,-1.5857081478388917,-1.5463024653700639,-1.6902780754504652,-1.5232283292124158,-1.8307775878849828,-1.24132208636955,-1.5696027820210616,0.19672107067481823
RBS_BA4_496,Bandit-3,Fifth_Plate,3,TTTAAGAACTTAATATACAT,ACTTAA,-1.9028075347351865,-2.2571533904455583,-1.5315196649679823,-2.1371163029185394,-1.3308539884486832,-1.9459771575898186,-1.8509046731842946,0.3552878550603937
RBS_BA4_2806,Bandit-3,Fifth_Plate,3,TTTAAGAGGTTCGTATACAT,GGTTCG,-0.4153046327621396,-1.9782917922804086,-1.2597345937250886,-1.2317786476283987,-1.0600610104311958,-1.2703408936930372,-1.2025852617533779,0.5001107273565075
RBS_BA4_3254,Bandit-3,Fifth_Plate,3,TTTAAGATAGTCGTATACAT,TAGTCG,-2.3351513202500978,-2.448668428832447,-1.8610928635499713,-1.471839455240857,-1.3848853281980287,-1.9063987897216508,-1.901339364298842,0.4337285418100268
RBS_BA4_2665,Bandit-3,Fifth_Plate,3,TTTAAGAGGCGGCTATACAT,GGCGGC,-1.870443665930241,-0.01931307257546233,-0.3414569817644703,-1.0950815488638532,-1.3525844892343273,-1.4839280230789433,-1.027134630241216,0.7093973297948518
RBS_BA4_673,Bandit-3,Fifth_Plate,3,TTTAAGAAGGGACTATACAT,AGGGAC,-2.496828526630462,-1.7816693608362248,-1.6892927336772847,-2.052757762004881,-2.0122272632109492,-1.5470473493652066,-1.9299704992875013,0.33755594011405604
RBS_BA4_2800,Bandit-3,Fifth_Plate,3,TTTAAGAGGTTAATATACAT,GGTTAA,-0.7404268131985289,0.16384696140042282,-0.12061202916076931,-1.1235720034696783,0.26538166393959683,0.2908641900377686,-0.210753005075198,0.5900114288274327
RBS_BA4_1705,Bandit-3,Fifth_Plate,3,TTTAAGACGGGGCTATACAT,CGGGGC,-0.8528039306663208,-0.4697559384839693,-1.315244331151791,-1.3660318010348462,-2.115315949094762,-1.2540181616778259,-1.228861685351586,0.5532400169777991
RBS_BA4_14,Bandit-3,Fifth_Plate,3,TTTAAGAAAAATGTATACAT,AAAATG,-0.702118061595077,-0.8065098677726624,-0.9247410395264036,-1.2883298082316712,0.2119048978701767,-0.6325677051645865,-0.6903935974033707,0.4987089924074941
RBS_BA4_27,Bandit-3,Fifth_Plate,3,TTTAAGAAAACGTTATACAT,AAACGT,0.9409454036731189,0.8317995204090961,0.3278722940309156,0.5765309662445639,0.8893852670174299,0.9232395415372484,0.7482954988187288,0.24529874602602816
RBS_BA4_930,Bandit-3,Fifth_Plate,3,TTTAAGAATGGAGTATACAT,ATGGAG,0.6015332641157115,0.27649207786285107,0.0587151722503952,0.39089482922465907,0.5232279586644231,0.6061814026922797,0.40950745080171996,0.214280961380599
RBS_BA4_58,Bandit-3,Fifth_Plate,3,TTTAAGAAAATGGTATACAT,AAATGG,-1.6080959290773136,-1.260323828453581,-1.9149979936573018,-1.5818441776420344,-1.318071577957378,-0.4411355841229171,-1.3540781818184209,0.504892848250567
RBS_BA4_1697,Bandit-3,Fifth_Plate,3,TTTAAGACGGGACTATACAT,CGGGAC,-1.2874031479116326,-2.315525038311248,-1.8738599154004731,-1.863603230815722,-2.216410869045043,-1.3284723880731024,-1.81421243159287,0.4318672475118989
RBS_BA4_160,Bandit-3,Fifth_Plate,3,TTTAAGAAAGGAATATACAT,AAGGAA,-2.291595040915456,-0.37090033598245853,-1.4758694692378371,-1.7170415862529302,-1.2275378415396354,-1.494936617603499,-1.4296468152553026,0.6314652697934169
RBS_BA4_48,Bandit-3,Fifth_Plate,3,TTTAAGAAAATAATATACAT,AAATAA,-1.6532238940836421,-2.4792942705610734,-1.768795471055225,-1.8651860382028207,-2.1059770211628215,-1.902876164526386,-1.9625588099319948,0.2945709137293127
RBS_BA4_501,Bandit-3,Fifth_Plate,3,TTTAAGAACTTCCTATACAT,ACTTCC,-2.5339993754660965,-2.7991178647330934,-2.6171829594903375,-2.7770870635034375,-2.146700687608387,-1.5290343781113334,-2.400520388152114,0.4877200068227748
RBS_BA4_681,Bandit-3,Fifth_Plate,3,TTTAAGAAGGGGCTATACAT,AGGGGC,0.2931076079553732,0.5144241407744056,0.21551698122135227,0.19745803995464525,0.23392824714354923,0.02994447511910608,0.24739658202807194,0.1577150574910831
RBS_BA4_181,Bandit-3,Fifth_Plate,3,TTTAAGAAAGTCCTATACAT,AAGTCC,-1.800545999400177,-1.9384469456162907,-1.885365196251152,-1.692486646361607,-1.668041268614986,-1.3888820052951716,-1.728961343589897,0.19706159490826358
RBS_BA4_3235,Bandit-3,Fifth_Plate,3,TTTAAGATAGGATTATACAT,TAGGAT,0.1536362580846054,-0.03717237732162826,-0.33230944522217154,-0.11063620296755018,-1.4945363909326541,0.12761033488695028,-0.2822346372454081,0.6196193833073019
RBS_BA4_2809,Bandit-3,Fifth_Plate,3,TTTAAGAGGTTGCTATACAT,GGTTGC,0.24457279347688088,0.057240204149645965,-0.14097737110568836,-0.16531318904734632,0.0016095196434368173,-0.012165229668432215,-0.0025055454252505376,0.14859897626575574
RBS_BA4_3687,Bandit-3,Fifth_Plate,3,TTTAAGATGCGCTTATACAT,TGCGCT,-0.6554169586905295,0.6536715320321731,-0.6710581169077725,0.29099041765343386,0.2543586591919733,-1.0792113733256241,-0.20111097334105765,0.6897208210855389
RBS_BA4_499,Bandit-3,Fifth_Plate,3,TTTAAGAACTTATTATACAT,ACTTAT,0.6122068299605231,0.37811484847189225,-0.09690624411299002,0.18786836624050907,0.5232561882408179,0.7163195471677953,0.3868099226614246,0.3005437136385192
RBS_BA4_12,Bandit-3,Fifth_Plate,3,TTTAAGAAAAATATATACAT,AAAATA,-0.9028098010951817,0.039903128519734106,-0.49944966060526774,-1.5710806958257892,0.06064384128566721,0.32613204753461306,-0.4244435233643707,0.7160346742516848
RBS_BA4_2670,Bandit-3,Fifth_Plate,3,TTTAAGAGGCGTGTATACAT,GGCGTG,0.2158107285219452,-0.14130068556382866,-0.3847767202987134,-0.1251059422990916,0.011243945282467048,0.24271378554324136,-0.030235814802330018,0.23824187565834834
RBS_BA4_2209,Bandit-3,Fifth_Plate,3,TTTAAGAGAGGACTATACAT,GAGGAC,1.160065585149347,0.9814595888051499,0.5506175258507635,0.78467027400774,0.9073567807652424,0.9801593105801403,0.8940548441930639,0.2078010587836197
RBS_BA4_614,Bandit-3,Fifth_Plate,3,TTTAAGAAGCGCGTATACAT,AGCGCG,-1.460131120371047,-0.20323757098725567,-1.346153393278923,-1.1924648021765814,-1.2398203735987674,-1.5396943301691954,-1.163583598430295,0.48818891989331165
RBS_BA4_2741,Bandit-3,Fifth_Plate,3,TTTAAGAGGGTCCTATACAT,GGGTCC,-0.6684286586962249,0.05501614019970511,-0.27714481033831917,0.03661970139048602,-0.1193021362853502,-0.5969495619760062,-0.2616982209509516,0.31229470762359546
RBS_BA4_2977,Bandit-3,Fifth_Plate,3,TTTAAGAGTGGACTATACAT,GTGGAC,-1.2244262024233012,-1.0709199567405265,-1.7361246200241989,-0.19141797775499725,-1.4251262951376489,-0.016488957084365714,-0.9440840015275064,0.6899779487121626
RBS_BA4_613,Bandit-3,Fifth_Plate,3,TTTAAGAAGCGCCTATACAT,AGCGCC,-1.5663788541496593,-1.6795461168177426,-1.4555218136733818,-1.7831906689432295,-1.1260781527139812,-0.04810396429140362,-1.2764699284315666,0.6429375884780362
RBS_BA4_1184,Bandit-3,Fifth_Plate,3,TTTAAGACAGGAATATACAT,CAGGAA,-1.2979241650868352,0.2748866726234564,-0.17171289456803007,-0.11865262414342674,-0.8335136196508963,-0.9486796110741345,-0.515932706983311,0.6002253234044618
RBS_BA4_3681,Bandit-3,Fifth_Plate,3,TTTAAGATGCGACTATACAT,TGCGAC,0.023809259313201773,-1.217214456341596,-1.3875211232130071,-0.3128861028231637,-1.0010728774275193,-1.2563896072098977,-0.8585458179503304,0.576774950247357
RBS_BA4_241,Bandit-3,Fifth_Plate,3,TTTAAGAAATTACTATACAT,AATTAC,-0.8790267092552202,-0.13755676390898716,-0.8150225599461212,-1.2489817871798898,-0.7610190883213461,-0.12196656434305676,-0.6605955788257701,0.4453164896635987
RBS_BA4_19,Bandit-3,Fifth_Plate,3,TTTAAGAAAACATTATACAT,AAACAT,0.5429190276627767,0.5788810814941886,-0.2375764713499234,0.15021129138059977,0.2783235967300661,0.6449046886897262,0.3262772024345723,0.3357068941582977
RBS_BA4_10,Bandit-3,Fifth_Plate,3,TTTAAGAAAAAGGTATACAT,AAAAGG,1.5746025813619304,1.3866660990696715,0.40506097200482793,0.9924642953247009,1.2746092678704775,1.452755824269569,1.1810265066501964,0.42836025546375794
RBS_BA4_15,Bandit-3,Fifth_Plate,3,TTTAAGAAAAATTTATACAT,AAAATT,0.7503923475764396,0.5803691822477092,-0.17384113905193763,0.32872062521364054,0.5304487120129363,0.7065117471173149,0.4537669125193505,0.3415562248236027
RBS_BA4_26,Bandit-3,Fifth_Plate,3,TTTAAGAAAACGGTATACAT,AAACGG,0.5395236972363404,0.3956259974277282,-0.2589584137331078,0.22889809499056532,0.3454735411817288,0.4808787280937638,0.2885736075328365,0.28913924142404435
RBS_BA4_185,Bandit-3,Fifth_Plate,3,TTTAAGAAAGTGCTATACAT,AAGTGC,0.6581468131145352,0.4637432866814388,0.19263371149233846,0.2499965479369105,0.4369830600949112,0.6491356552714187,0.44177317909859215,0.19451021950936861
RBS_BA4_16,Bandit-3,Fifth_Plate,3,TTTAAGAAAACAATATACAT,AAACAA,0.49664574965069463,0.43342136072347537,0.10123324124537206,0.2202980022243843,0.2654687095728579,0.7924384171433249,0.38491758009335153,0.24607050836374295
RBS_BA4_502,Bandit-3,Fifth_Plate,3,TTTAAGAACTTCGTATACAT,ACTTCG,0.6155862388413755,0.48569722470102333,0.09476859397361408,0.2258277650024398,0.2923724368981234,0.27185526593982334,0.3310179208927333,0.1880304343168694
RBS_1by1_0,Reference,Fifth_Plate,3,TTTAAGAAGGAGATATACAT,AGGAGA,1.6352471950508658,2.0039055168423636,1.3099571578433133,1.8135148304044852,1.9056675475670102,2.3305466724496364,1.833139820026279,0.34499318849947963
RBS_1by1_0,Reference,Fifth_Plate,3,TTTAAGAAGGAGATATACAT,AGGAGA,2.0313797506352183,2.202235492319121,1.4661220373563808,1.6795851535077,1.8631352820219884,2.4401057010839646,1.947093902820729,0.3536116186988276
RBS_1by1_0,Reference,Fifth_Plate,3,TTTAAGAAGGAGATATACAT,AGGAGA,1.7419011752353213,2.226972297657316,1.1809267953632028,1.6809181057255975,1.7350701069028507,2.075964564344351,1.7736255075381067,0.3631285159071643
