,Name,Group,RBS,RBS6,Rep1,Rep2,Rep3,Rep4,Rep5,AVERAGE,STD
0,RBS_1by1_0,reference,TTTAAGAAGGAGATATACAT,AGGAGA,,1.5724968276420204,,2.001765266229468,2.0261015206686723,1.866787871513387,0.2551538304576405
1,RBS_1by1_1,bps_noncore,CTTAAGAAGGAGATATACAT,AGGAGA,,1.1811217451197646,,1.3095966414090325,1.6931815813529882,1.3946333226272618,0.2664108609558871
2,RBS_1by1_2,bps_noncore,GTTAAGAAGGAGATATACAT,AGGAGA,,0.7007783183132836,,0.33106244010487357,0.4935964888589148,0.5084790824256907,0.18530670884592754
3,RBS_1by1_3,bps_noncore,ATTAAGAAGGAGATATACAT,AGGAGA,,1.2871423733664829,,1.156889284127614,1.3569253103285632,1.2669856559408867,0.10152991129513617
4,RBS_1by1_4,bps_noncore,TCTAAGAAGGAGATATACAT,AGGAGA,,1.3796188270809409,,1.406433016742633,1.3740555560149865,1.3867024666128536,0.017312089780154524
5,RBS_1by1_5,bps_noncore,TGTAAGAAGGAGATATACAT,AGGAGA,,0.3044834725907061,,0.07053191554506467,0.24534839003909834,0.2067879260582897,0.12164914630950531
6,RBS_1by1_6,bps_noncore,TATAAGAAGGAGATATACAT,AGGAGA,,1.0003313853831988,,0.6827668551014024,1.0195842832484763,0.9008941745776925,0.18914892055067703
8,RBS_1by1_8,bps_noncore,TTGAAGAAGGAGATATACAT,AGGAGA,,1.185658194783932,,1.442020126398106,1.3868937449128707,1.3381906886983028,0.13494202739961011
9,RBS_1by1_9,bps_noncore,TTAAAGAAGGAGATATACAT,AGGAGA,,0.6145925690572411,,0.30478868914583596,0.31335614229590625,0.4109124668329945,0.17644415078128645
10,RBS_1by1_10,bps_noncore,TTTCAGAAGGAGATATACAT,AGGAGA,,0.8031135250050075,,1.1371992153064798,1.009548085508781,0.9832869419400895,0.16858394900524898
11,RBS_1by1_11,bps_noncore,TTTGAGAAGGAGATATACAT,AGGAGA,,1.346989161206233,,1.3104703214379134,1.418455219908729,1.3586382341842917,0.05492686273922982
12,RBS_1by1_12,bps_noncore,TTTTAGAAGGAGATATACAT,AGGAGA,,1.0978809955359143,,1.08211150338273,1.0467921265913778,1.0755948751700075,0.026160427461246645
13,RBS_1by1_13,bps_noncore,TTTACGAAGGAGATATACAT,AGGAGA,,1.0720563558091587,,1.2499182787943401,1.111001162008476,1.1443252655373248,0.09349645885806442
14,RBS_1by1_14,bps_noncore,TTTAGGAAGGAGATATACAT,AGGAGA,,1.0536007117624842,,1.1138211329916112,0.902508200074708,1.0233100149429344,0.10886429001213538
15,RBS_1by1_15,bps_noncore,TTTATGAAGGAGATATACAT,AGGAGA,,0.4299171406727302,,0.3463266098463715,0.17044390743621768,0.31556255265177313,0.13244398854933656
16,RBS_1by1_16,bps_noncore,TTTAACAAGGAGATATACAT,AGGAGA,,0.7443471028628751,,0.5232727104366579,0.7035467838959415,0.6570555323984915,0.11764161294373954
17,RBS_1by1_17,bps_noncore,TTTAAAAAGGAGATATACAT,AGGAGA,,0.4993765630764999,,0.36569537899219134,0.430655803736262,0.4319092486016511,0.0668494060375156
18,RBS_1by1_18,bps_noncore,TTTAATAAGGAGATATACAT,AGGAGA,,0.6694338598931511,,0.5303468400324146,0.5250372940772003,0.5749393313342553,0.08187771226187628
19,RBS_1by1_19,bps_noncore,TTTAAGCAGGAGATATACAT,AGGAGA,,0.30270998311730796,,0.18161571197057821,0.27429405755348985,0.2528732508804587,0.06332530177608282
20,RBS_1by1_20,bps_noncore,TTTAAGGAGGAGATATACAT,AGGAGA,,1.1233548827547701,,0.7708812000844768,0.3347035297492195,0.742979870862822,0.39506531394014177
21,RBS_1by1_21,bps_core,TTTAAGTAGGAGATATACAT,AGGAGA,,0.39836905211246354,,0.2471350442843964,-0.09928627890249499,0.182072605831455,0.2551275128146396
22,RBS_1by1_22,bps_core,TTTAAGACGGAGATATACAT,CGGAGA,,0.7643952975832049,,0.5610628911963648,0.6179314863028441,0.6477965583608046,0.104904522154844
23,RBS_1by1_23,bps_core,TTTAAGAGGGAGATATACAT,GGGAGA,,-0.18127844887565234,,-0.6269386364148243,-0.42468324151258563,-0.41096677560102074,0.22314649172055073
24,RBS_1by1_24,bps_core,TTTAAGATGGAGATATACAT,TGGAGA,,0.7785498404099985,,0.5849919787564442,0.9507023951282542,0.7714147380982324,0.18295958412846317
25,RBS_1by1_25,bps_core,TTTAAGAACGAGATATACAT,ACGAGA,,0.8991671209224691,,0.8448897263719408,0.903798850254101,0.8826185658495036,0.0327561021092735
26,RBS_1by1_26,bps_core,TTTAAGAAAGAGATATACAT,AAGAGA,,-0.042757494587218614,,-0.6132680777938004,-0.5080839964102786,-0.38803652293043256,0.30361015843405054
27,RBS_1by1_27,bps_core,TTTAAGAATGAGATATACAT,ATGAGA,,-0.3045223074296549,,-0.7449057931735945,-0.6939074796416158,-0.5811118600816217,0.2408869910828267
28,RBS_1by1_28,bps_core,TTTAAGAAGCAGATATACAT,AGCAGA,,-0.38474577892987466,,-0.5976093384400051,-1.0901394474883446,-0.690831521619408,0.36181879233691655
29,RBS_1by1_29,bps_core,TTTAAGAAGAAGATATACAT,AGAAGA,,-0.8006118815441536,,-1.9893009216436506,-1.3307571312163773,-1.373556644801394,0.5954991664859838
30,RBS_1by1_30,bps_core,TTTAAGAAGTAGATATACAT,AGTAGA,,-3.0486452034298344,,-1.1428589903437842,-1.8967424644987136,-2.029415552757444,0.9597952301185387
31,RBS_1by1_31,bps_core,TTTAAGAAGGCGATATACAT,AGGCGA,,-1.8282665603898425,,-1.2326382618284373,-1.3632472904426145,-1.4747173708869648,0.31306940386676413
32,RBS_1by1_32,bps_core,TTTAAGAAGGGGATATACAT,AGGGGA,,0.11857988271819743,,-0.2846109264025455,-0.5665762573288521,-0.24420243367106673,0.34436081190324996
33,RBS_1by1_33,bps_core,TTTAAGAAGGTGATATACAT,AGGTGA,,0.14233831117423254,,-0.3302355965392868,-0.5036834646099918,-0.23052691665834868,0.33435370392677005
34,RBS_1by1_34,bps_core,TTTAAGAAGGACATATACAT,AGGACA,,0.1803624864003919,,0.1733122745177148,-0.18427043028826326,0.056468110209947804,0.20851549110990356
35,RBS_1by1_35,bps_core,TTTAAGAAGGAAATATACAT,AGGAAA,,0.12228824475060791,,-0.3672408138805427,-0.22815911624138924,-0.15770389512377467,0.25225508606988306
36,RBS_1by1_36,bps_core,TTTAAGAAGGATATATACAT,AGGATA,,0.9264855286160876,,0.7216802187043596,0.9074304824689308,0.8518654099297928,0.11314553330432224
37,RBS_1by1_37,bps_core,TTTAAGAAGGAGCTATACAT,AGGAGC,,0.28985943189652463,,0.0992661664792687,0.003885856434786628,0.1310038182701933,0.14560453417216815
38,RBS_1by1_38,bps_core,TTTAAGAAGGAGGTATACAT,AGGAGG,,0.35106525435337915,,-0.10540984511679947,-0.06351083717168005,0.060714857354966546,0.25232200953255773
39,RBS_1by1_39,bps_noncore,TTTAAGAAGGAGTTATACAT,AGGAGT,,-0.01882965934332868,,-0.20248518025791978,-0.12062510190381369,-0.11397998050168738,0.09200791172197748
40,RBS_1by1_40,bps_noncore,TTTAAGAAGGAGACATACAT,AGGAGA,,0.494361786752612,,0.8375630356083764,0.45987176720369444,0.5972655298548943,0.20881704627647085
41,RBS_1by1_41,bps_noncore,TTTAAGAAGGAGAGATACAT,AGGAGA,,0.513326244601321,,0.641087751215228,0.41454462552116084,0.52298620711257,0.11358007354548828
42,RBS_1by1_42,bps_noncore,TTTAAGAAGGAGAAATACAT,AGGAGA,,-1.685430074331327,,-1.968924572940031,-2.186666983345603,-1.9470072102056537,0.2513362047765285
43,RBS_1by1_43,bps_noncore,TTTAAGAAGGAGATCTACAT,AGGAGA,,-1.738476081406311,,-2.236442815947382,-2.0502026775095716,-2.008373858287755,0.2516047590279105
44,RBS_1by1_44,bps_noncore,TTTAAGAAGGAGATGTACAT,AGGAGA,,1.065202538730095,,0.7318609820552353,0.7482938761845755,0.8484524656566353,0.18789080774582645
45,RBS_1by1_45,bps_noncore,TTTAAGAAGGAGATTTACAT,AGGAGA,,0.6747984080210099,,0.520407778358755,0.32031989752438167,0.5051753613013822,0.17772949529561588
46,RBS_1by1_46,bps_noncore,TTTAAGAAGGAGATACACAT,AGGAGA,,0.5455522920504386,,0.6928258934330983,0.4067695582212725,0.5483825812349364,0.14304916857974406
47,RBS_1by1_47,bps_noncore,TTTAAGAAGGAGATAGACAT,AGGAGA,,1.039012822607019,,0.9826157852640418,0.9931477138507295,1.00492544057393,0.029986540152893357
48,RBS_1by1_48,bps_noncore,TTTAAGAAGGAGATAAACAT,AGGAGA,,1.2967239684727636,,1.5942935902761683,1.441622679394881,1.4442134127146045,0.14880172673529624
49,RBS_1by1_49,bps_noncore,TTTAAGAAGGAGATATCCAT,AGGAGA,,0.7873221651079092,,1.0845744120371517,1.0193836512528156,0.9637600761326256,0.1562376752194694
50,RBS_1by1_50,bps_noncore,TTTAAGAAGGAGATATGCAT,AGGAGA,,0.4482931399268051,,0.13640380665440643,0.02438560808974355,0.2030275182236517,0.21966665221306084
51,RBS_1by1_51,bps_noncore,TTTAAGAAGGAGATATTCAT,AGGAGA,,0.7070894890945922,,0.641651938897915,0.45490535598056436,0.6012155946576905,0.1308645586102436
52,RBS_1by1_52,bps_noncore,TTTAAGAAGGAGATATAAAT,AGGAGA,,0.5706504734563663,,0.7296314405965507,0.8684369791704801,0.7229062977411324,0.14900711864261662
53,RBS_1by1_53,bps_noncore,TTTAAGAAGGAGATATAGAT,AGGAGA,,0.6005564862238871,,0.7008342310404478,0.44973906900505106,0.5837099287564621,0.12639244428870336
54,RBS_1by1_54,bps_noncore,TTTAAGAAGGAGATATATAT,AGGAGA,,0.5613401939692103,,0.8323289409101119,0.3779539080358426,0.5905410143050549,0.2285906462567706
55,RBS_1by1_55,bps_noncore,TTTAAGAAGGAGATATACCT,AGGAGA,,0.6803425223170109,,0.6949926017129016,0.6007621577245179,0.6586990939181434,0.050706731685296505
56,RBS_1by1_56,bps_noncore,TTTAAGAAGGAGATATACGT,AGGAGA,,0.8836003885677264,,0.9484284166040313,0.49202699010381673,0.7746852650918581,0.2469259881405366
57,RBS_1by1_57,bps_noncore,TTTAAGAAGGAGATATACTT,AGGAGA,,0.816163631258305,,0.8119486278647842,0.4593151494157458,0.6958091361796117,0.20482064323451998
58,RBS_1by1_58,bps_noncore,TTTAAGAAGGAGATATACAC,AGGAGA,,0.7180626447610926,,0.946849692346252,0.895861548742305,0.8535912952832166,0.12010811392784912
59,RBS_1by1_59,bps_noncore,TTTAAGAAGGAGATATACAG,AGGAGA,,-0.4722984321409185,,-0.5068362257214787,-0.2532113230274853,-0.4107819936299608,0.13754854405604855
60,RBS_1by1_60,bps_noncore,TTTAAGAAGGAGATATACAA,AGGAGA,,1.2901799800881142,,1.5280145336984376,1.7993403788297253,1.539178297538759,0.25476371430992867
61,RBS_RU_0,uni random,TTTAAGAGTTGACTATACAT,GTTGAC,,0.93083984629718,,0.7576951773298043,0.8332081675112958,0.8405810637127601,0.08680748122571982
62,RBS_RU_1,uni random,TTTAAGATACCTGTATACAT,TACCTG,,-1.137620070277575,,-0.6994191793103328,-2.1929188287634873,-1.343319359450465,0.7677040112594489
63,RBS_RU_2,uni random,TTTAAGAGAAGCGTATACAT,GAAGCG,,-1.9255901684876202,,-1.1544712046111774,-2.8129222855286695,-1.9643278862091558,0.8299038830068242
64,RBS_RU_3,uni random,TTTAAGAGTATGCTATACAT,GTATGC,,-1.2492704933913368,,-1.7695990708787095,-1.2590102540803683,-1.425959939450138,0.2976400598395772
65,RBS_RU_4,uni random,TTTAAGATCACTTTATACAT,TCACTT,,-1.401428292915044,,-1.575796016646794,-1.0533403181496768,-1.343521542570505,0.26599790041394356
66,RBS_RU_5,uni random,TTTAAGAGAAGCCTATACAT,GAAGCC,,-0.6577548450707602,,-2.2672957033348418,-1.0456915923716694,-1.3235807135924238,0.8399834619651755
67,RBS_RU_6,uni random,TTTAAGAATAGAATATACAT,ATAGAA,,-1.4302002179998745,,-1.1013309183281088,-1.0366647494432795,-1.189398628590421,0.21103194650609092
68,RBS_RU_7,uni random,TTTAAGATCTGACTATACAT,TCTGAC,,-0.4946485573440191,,-1.082285242553765,-1.0704126077914469,-0.882448802563077,0.33589732435376873
69,RBS_RU_8,uni random,TTTAAGATAAGTATATACAT,TAAGTA,,-0.5434668998567345,,-1.8450369920753835,-1.450667728351622,-1.2797238734279135,0.6674110632823291
70,RBS_RU_9,uni random,TTTAAGAGATAAATATACAT,GATAAA,,-0.6535111967628537,,-1.9205551690015723,-0.8726113775475731,-1.1488925811039998,0.6771990730025835
71,RBS_RU_10,uni random,TTTAAGAGGTCAATATACAT,GGTCAA,,-0.02433706471450498,,-0.1365874986020308,-0.3248784843997239,-0.16193434923875322,0.15186551078010424
72,RBS_RU_11,uni random,TTTAAGACGATCCTATACAT,CGATCC,,0.1067590643551508,,-0.32116529980400926,0.01645486095730171,-0.06598379149718558,0.22555911403474516
73,RBS_RU_12,uni random,TTTAAGAACAGACTATACAT,ACAGAC,,-0.5198416435005515,,-0.7895130497052335,-0.8937013796571368,-0.7343520242876407,0.19293737228336075
74,RBS_RU_13,uni random,TTTAAGAGTTATATATACAT,GTTATA,,-0.4918701294655727,,-0.9581866572538934,-0.9926427940268255,-0.8142331935820972,0.27970567597078655
75,RBS_RU_14,uni random,TTTAAGAGGAACATATACAT,GGAACA,,-0.6324011420365591,,-1.24820030651585,-1.4514637621719615,-1.1106884035747902,0.4264950603625102
76,RBS_RU_15,uni random,TTTAAGACCCGAATATACAT,CCCGAA,,0.5551131381554362,,0.4398454806938449,0.2724803698379896,0.42247966289575684,0.14211438756348052
77,RBS_RU_16,uni random,TTTAAGAAATGTCTATACAT,AATGTC,,-0.5417501286251278,,-1.2381587251382202,-1.5243823858578611,-1.1014304132070698,0.5053835293133628
78,RBS_RU_17,uni random,TTTAAGACGTACCTATACAT,CGTACC,,-0.6107500443317094,,-0.8867625546009292,-0.8111121672000886,-0.769541588710909,0.1426247215710615
79,RBS_RU_18,uni random,TTTAAGAACCGTGTATACAT,ACCGTG,,-0.5697421952580782,,-0.97328067745083,-0.8781220631570148,-0.8070483119553078,0.2109488924716579
80,RBS_RU_19,uni random,TTTAAGAGGACACTATACAT,GGACAC,,-0.3549668633320839,,-1.1104141924906301,-0.8285229917151128,-0.764634682512609,0.38175444178524137
81,RBS_RU_20,uni random,TTTAAGAATCCCATATACAT,ATCCCA,,-0.24049951623551927,,-0.9239525883256904,-0.8482344456761115,-0.6708955167457736,0.37465163448594846
82,RBS_RU_21,uni random,TTTAAGAGAGCGATATACAT,GAGCGA,,-0.9406282330561634,,-0.807450182767498,-0.848885181045807,-0.8656545322898227,0.06815428545243102
83,RBS_RU_22,uni random,TTTAAGAATATGCTATACAT,ATATGC,,0.6170843896938786,,0.5451288733303934,0.5414491927934566,0.5678874852725763,0.04264547532496911
84,RBS_RU_23,uni random,TTTAAGACAACATTATACAT,CAACAT,,0.20015429647291352,,-0.12593515696577276,0.1578359698267092,0.07735170311128332,0.1773185574115838
85,RBS_RU_24,uni random,TTTAAGAGCTACATATACAT,GCTACA,,0.5501737594765733,,0.27082604863895504,0.7266965328123762,0.5158987803093015,0.2298598599860686
86,RBS_RU_25,uni random,TTTAAGAGAAGACTATACAT,GAAGAC,,-0.055900880984451146,,-0.4507635115960265,-0.08687553938037682,-0.1978466439869515,0.21957928820035796
87,RBS_RU_26,uni random,TTTAAGACTCCGTTATACAT,CTCCGT,,0.053770814360014366,,-0.14709292711561736,-0.01636563815928782,-0.03656258363829694,0.10194360261884462
88,RBS_RU_27,uni random,TTTAAGATTACTATATACAT,TTACTA,,-0.06211664455868834,,-0.49380565687898587,-0.12487935634847437,-0.2269338859287162,0.2332384961694828
89,RBS_RU_28,uni random,TTTAAGACGAGACTATACAT,CGAGAC,,-0.15018379936514625,,-0.6428959985611761,-0.006524814477120921,-0.26653487080114774,0.3337592693115275
90,RBS_BA_00,bandit,TTTAAGACGGATTTATACAT,CGGATT,1.1376778544028554,0.7801107617424282,1.1143619322875422,,,1.0107168494776086,0.20005070315151638
92,RBS_BA_02,bandit,TTTAAGACTCGGATATACAT,CTCGGA,0.6456913214439723,0.13590762986704058,0.5345156999405238,,,0.43870488375051225,0.26805715327836005
93,RBS_BA_03,bandit,TTTAAGAACCGGATATACAT,ACCGGA,0.4143808071518443,0.17129674773179707,0.3836134231215754,,,0.3230969926684056,0.13235990235765238
95,RBS_BA_05,bandit,TTTAAGAATCGGATATACAT,ATCGGA,0.3191887093450612,0.21051187117581718,0.19314334208284165,,,0.24094797420124003,0.06831270692629277
96,RBS_BA_06,bandit,TTTAAGACCGGATTATACAT,CCGGAT,0.16174019349404198,0.0998020751741355,-0.08151831539904932,,,0.060007984423042726,0.12641737531388714
98,RBS_BA_08,bandit,TTTAAGACGATAATATACAT,CGATAA,0.19696407471044994,-0.006478891735064276,-0.2022797163505342,,,-0.003931511125049515,0.19963408535659913
99,RBS_BA_09,bandit,TTTAAGAACACACTATACAT,ACACAC,0.007945274296381328,-0.1633095853033098,-0.14142117874778282,,,-0.09892849658490377,0.09320020258655061
100,RBS_BA_10,bandit,TTTAAGATATATATATACAT,TATATA,0.152478414003568,-0.23640503925321685,-0.11321264558305132,,,-0.06571309027756672,0.198745417229919
101,RBS_BA_11,bandit,TTTAAGACTCTCTTATACAT,CTCTCT,0.5736216479620002,-0.044298007169865296,0.31662934785895014,,,0.2819843295503617,0.31041324556109506
103,RBS_BA_13,bandit,TTTAAGAATATATTATACAT,ATATAT,0.4079789113339571,0.14643782994021767,0.22328805473416252,,,0.2592349320027791,0.13442495230862234
104,RBS_BA_14,bandit,TTTAAGATGTGTGTATACAT,TGTGTG,0.0337968243700868,-0.36954291624162233,0.07047724656981892,,,-0.08842294843390554,0.244146862704288
105,RBS_BA_15,bandit,TTTAAGATCTCTCTATACAT,TCTCTC,-0.9411818552079797,-0.20097434118915172,-0.7492506645049224,,,-0.6304689536340179,0.3841335862438323
106,RBS_BA_16,bandit,TTTAAGACACACATATACAT,CACACA,-1.0065483792413332,-0.3305369871462114,-1.4878215943534474,,,-0.9416356535803306,0.5813666330159111
107,RBS_BA_17,bandit,TTTAAGACTAAGATATACAT,CTAAGA,-1.3102446719116168,-1.0321690443558078,-0.24349989756189303,,,-0.8619712046097726,0.5533638783759504
108,RBS_BA_18,bandit,TTTAAGAATAAGATATACAT,ATAAGA,-0.33555524523636354,-0.9862048876737789,-1.1833508231303804,,,-0.835036985346841,0.4436531714014986
109,RBS_BA_19,bandit,TTTAAGATAAGATTATACAT,TAAGAT,-1.1069260740622395,-1.1188678534911118,-1.4710451181810393,,,-1.2322796819114636,0.20686312308319382
110,RBS_BA_20,bandit,TTTAAGATTAAGATATACAT,TTAAGA,-1.0720154356985248,-1.8005636180548894,-0.5828239503858541,,,-1.151801001379756,0.6127779181089824
113,RBS_BA_23,bandit,TTTAAGAGGAAGATATACAT,GGAAGA,1.2459190854612305,0.985874637488601,1.3452855713850786,,,1.1923597647783035,0.18559500390661657
119,RBS_BA_29,bandit,TTTAAGAGGGATATATACAT,GGGATA,-0.2119646926492914,-0.23532438971529232,-0.15990310559758258,,,-0.2023973959873888,0.038610133366173624
129,RBS_BA_39,bandit,TTTAAGAGGATCGTATACAT,GGATCG,0.1060797287600434,-0.06766235315329747,0.31443081404074275,,,0.11761606321582956,0.19130763801688633
132,RBS_BA_42,bandit,TTTAAGAGGATGATATACAT,GGATGA,-0.26163649485745055,-1.0154847612363833,-0.37020921459212913,,,-0.549110156895321,0.4075241864581268
133,RBS_BA_43,bandit,TTTAAGAGGATCATATACAT,GGATCA,0.6637444176426989,0.5150493293859744,0.8220769106178726,,,0.666956885882182,0.1535389978911538
134,RBS_BA_44,bandit,TTTAAGACCCCGATATACAT,CCCCGA,-0.8701894521078926,-0.43807219482298687,-0.5542387272789587,,,-0.620833458069946,0.223623510923383
135,RBS_BA_45,bandit,TTTAAGATTTTTGTATACAT,TTTTTG,-1.400378391702066,-4.468193671738947,-0.8134812553800879,,,-2.2273511062737006,1.9626878545903286
136,RBS_BA_46,bandit,TTTAAGATTTTTATATACAT,TTTTTA,-1.060785613523498,-3.2302719412672523,-1.9975575429199879,,,-2.096205032570246,1.0881021215756788
137,RBS_BA_47,bandit,TTTAAGAGTTTTTTATACAT,GTTTTT,1.7760317343544978,1.242682991555498,1.700069497286545,,,1.572928074398847,0.2885115706895475
138,RBS_BA_48,bandit,TTTAAGACTTTTTTATACAT,CTTTTT,2.2512413812417105,1.4592616948119812,2.3143946188868765,,,2.008299231646856,0.4765278013889081
140,RBS_BA_50,bandit,TTTAAGACCCCCGTATACAT,CCCCCG,-1.6456097244997736,-1.9035896022763428,-0.33128987191981385,,,-1.29349639956531,0.8432196959969008
141,RBS_BA_51,bandit,TTTAAGACCCCCATATACAT,CCCCCA,-1.0612087985957905,-0.8029517574306628,-1.5708700247737757,,,-1.1450101936000763,0.39075775319667094
142,RBS_BA_52,bandit,TTTAAGATTTTTCTATACAT,TTTTTC,-1.8152509609365828,-1.4332495596536305,-2.296751125518318,,,-1.8484172153695104,0.4327051408147632
143,RBS_BA_53,bandit,TTTAAGAGCCCCCTATACAT,GCCCCC,-1.440655353826697,-1.7996768611373808,-1.5836648935845121,,,-1.6079990361828633,0.18074352975945365
144,RBS_BA_54,bandit,TTTAAGAATTTTTTATACAT,ATTTTT,-1.5046593830680184,-0.551037867416329,-1.922624241614306,,,-1.3261071640328845,0.7030099335451571
145,RBS_BA_55,bandit,TTTAAGAACCCCCTATACAT,ACCCCC,-1.2950386053507141,-3.2773848083486605,-1.510606596748809,,,-2.0276766701493947,1.0876328483178315
146,RBS_BA_56,bandit,TTTAAGATCCCCCTATACAT,TCCCCC,-1.6124786820037358,-1.522688347359516,-1.7267871796565697,,,-1.6206514030066073,0.10229456663331775
147,RBS_BA_57,bandit,TTTAAGAGGATAATATACAT,GGATAA,1.2680683121552196,0.9594671309233147,1.158021924047567,,,1.1285191223753672,0.1564016743654416
148,RBS_BA_58,bandit,TTTAAGACCCCCCTATACAT,CCCCCC,0.6524476112842177,0.6117779380232742,0.7999939004480132,,,0.6880731499185018,0.09903633868487284
149,RBS_BA_59,bandit,TTTAAGATTTTTTTATACAT,TTTTTT,0.3263668157635625,-0.09413155976826351,0.19736399976214122,,,0.14319975191914674,0.2154183029933254
150,RBS_RP_30,prob random,TTTAAGAGAAAGATATACAT,GAAAGA,0.6509924793745658,0.557254490637792,0.5506996813889057,,,0.5863155504670878,0.056107666416894804
151,RBS_RP_31,prob random,TTTAAGACGGGGGTATACAT,CGGGGG,0.16142181188035337,-0.08892165971927024,0.1187269148224674,,,0.06374235566118351,0.13392326068595567
152,RBS_RP_32,prob random,TTTAAGATGAGGGTATACAT,TGAGGG,1.2464035708011423,0.8746692455145054,1.4746814734947225,,,1.1985847632701234,0.3028508662637643
154,RBS_RP_34,prob random,TTTAAGAAAGGGTTATACAT,AAGGGT,-1.7597735653632034,-0.3642526514556657,-1.010352784209761,,,-1.044793000342877,0.6983976314778023
155,RBS_RP_35,prob random,TTTAAGACTGTAGTATACAT,CTGTAG,0.15705291462551776,0.10751208259823053,0.24104724730203198,,,0.16853741484192675,0.0675042988411358
156,RBS_RP_36,prob random,TTTAAGACTGACATATACAT,CTGACA,-1.217001352137984,-1.588210628541477,-0.5384460205847502,,,-1.1145526670880705,0.5323281251549437
157,RBS_RP_37,prob random,TTTAAGACGTGTGTATACAT,CGTGTG,1.0619580578358105,0.9232821651361204,1.0794933731797085,,,1.0215778653838798,0.08557689721210109
158,RBS_RP_38,prob random,TTTAAGAGAGGGGTATACAT,GAGGGG,-1.1770138889642812,-0.3564380676593995,-0.38936649498866327,,,-0.6409394838707813,0.46454590319887334
159,RBS_RP_39,prob random,TTTAAGACTAGGATATACAT,CTAGGA,1.5147430033483615,1.1369120111585738,1.1502523149701467,,,1.2673024431590274,0.21439359609502076
160,RBS_RP_40,prob random,TTTAAGAATTGGGTATACAT,ATTGGG,0.1570548594595376,0.04765559498957215,0.007687123773539226,,,0.07079919274088299,0.07732657824866188
161,RBS_RP_41,prob random,TTTAAGATACTGATATACAT,TACTGA,0.13731093140338285,-0.05015137869549089,0.0991543392791051,,,0.06210463066233235,0.09907088426143373
162,RBS_RP_42,prob random,TTTAAGAAGAGCGTATACAT,AGAGCG,0.5542611316751037,0.362481672989084,0.6371262875112361,,,0.5179563640584747,0.14087563020366034
163,RBS_RP_43,prob random,TTTAAGAAGGGGTTATACAT,AGGGGT,0.193724435873638,-0.005993013068887289,0.5079111853539994,,,0.23188086938625005,0.2590681693164353
165,RBS_RP_46,prob random,TTTAAGACAATTGTATACAT,CAATTG,-0.24505572966937353,-0.24532996705558097,-0.13124055623413475,,,-0.20720875098636307,0.0657905294246092
167,RBS_RP_48,prob random,TTTAAGATCCGGCTATACAT,TCCGGC,0.2496515374248902,0.2605723584265127,0.6208313854945436,,,0.37701842711531547,0.21121880855657904
169,RBS_RP_50,prob random,TTTAAGAAAAGTGTATACAT,AAAGTG,1.1812622951616836,0.9042251756435256,1.1127395911109916,,,1.0660756873054003,0.1442932130646229
170,RBS_RP_51,prob random,TTTAAGACGGGAGTATACAT,CGGGAG,-0.1357977666717754,-0.21091200865526297,-0.32298842931398175,,,-0.22323273488034004,0.09420157252478355
171,RBS_RP_52,prob random,TTTAAGATAAGAGTATACAT,TAAGAG,1.114930988548273,0.5577912771738308,0.5809594048268198,,,0.7512272235163078,0.3151896445928331
172,RBS_RP_53,prob random,TTTAAGATAAGGGTATACAT,TAAGGG,0.04480400154124354,-0.05697022946606333,-0.02469019325226151,,,-0.012285473725693767,0.052008713925473814
173,RBS_RP_54,prob random,TTTAAGATAGTCTTATACAT,TAGTCT,1.9275335008430357,1.2951238284550808,1.9254222478753455,,,1.7160265257244873,0.36451395689845634
174,RBS_RP_55,prob random,TTTAAGAAAGTAGTATACAT,AAGTAG,0.7832972905743265,0.6646612276280526,0.7880350557826344,,,0.7453311913283378,0.06990238828070376
175,RBS_RP_57,prob random,TTTAAGACCACGCTATACAT,CCACGC,0.3175094182311175,0.11720563184277975,0.33389082707643275,,,0.25620195905011,0.12065269110875544
176,RBS_RP_58,prob random,TTTAAGAGTAATGTATACAT,GTAATG,0.2919695911798676,-0.06625466923084768,0.33796075840463724,,,0.18789189345121904,0.22129539841127838
177,RBS_RP_59,prob random,TTTAAGACATTGATATACAT,CATTGA,0.39972517832685883,0.1823797396626366,0.45700666764887016,,,0.3463705285461219,0.14487935112950984
