,Name,Group,RBS,RBS6,Rep1,Rep2,Rep3,Rep4,Rep5,Rep6,AVERAGE,STD
0,RBS_1by1_0,reference,TTTAAGAAGGAGATATACAT,AGGAGA,1.6162605597041837,1.8141815067425127,1.7609535463128294,2.1862073828454136,2.0288626061275594,1.8319816079165006,1.8812931203464998,0.22581923111678395
1,RBS_1by1_1,bps_noncore,CTTAAGAAGGAGATATACAT,AGGAGA,1.1661736887092615,1.3370178071599688,1.4172481289137573,1.4938001434359525,1.7135263036587858,1.6445682046487842,1.4255532143755452,0.201724672876009
2,RBS_1by1_2,bps_noncore,GTTAAGAAGGAGATATACAT,AGGAGA,0.604550963120074,0.7513840843178825,0.8519869167720266,0.5149286073727205,0.577298992247876,0.7952267449047726,0.6600299127661158,0.13799436939357854
3,RBS_1by1_3,bps_noncore,ATTAAGAAGGAGATATACAT,AGGAGA,1.2212644329210989,1.4662779401256203,1.2702120641141208,1.3410401426194296,1.3950298825530623,1.1754334623040747,1.3387648924666664,0.0973862817142482
4,RBS_1by1_4,bps_noncore,TCTAAGAAGGAGATATACAT,AGGAGA,1.1605662381785264,1.579025043222444,1.1718286718147644,1.59066990163476,1.4112553701169546,1.7568620745951775,1.38266904499349,0.21001222115943924
5,RBS_1by1_5,bps_noncore,TGTAAGAAGGAGATATACAT,AGGAGA,0.28867417724785427,0.2682222195108008,0.48663768219219755,0.2543082688834481,0.34216246741956036,0.5017628857113499,0.3280009630507722,0.09475872558818489
6,RBS_1by1_6,bps_noncore,TATAAGAAGGAGATATACAT,AGGAGA,1.0036870610330477,1.1165985705933352,0.8513997224753457,0.8667542671085131,1.0755059983149828,1.4629784261425234,0.9827891239050448,0.12006807798018887
8,RBS_1by1_8,bps_noncore,TTGAAGAAGGAGATATACAT,AGGAGA,1.1388202322728829,1.342548637305756,,1.6262692794041587,1.423415491934157,1.8065795008720267,1.3827634102292385,0.20172027009558738
9,RBS_1by1_9,bps_noncore,TTAAAGAAGGAGATATACAT,AGGAGA,0.508604500528523,0.6463065952215548,1.15350666201167,0.4886457989382897,0.40657829417945646,0.5835429303542543,0.6407283701758988,0.29932623367600536
10,RBS_1by1_10,bps_noncore,TTTCAGAAGGAGATATACAT,AGGAGA,1.1190590045436533,0.8761509588666486,0.624683836678362,1.3213432859470247,1.0659998765351155,1.6216626763256161,1.001447392514161,0.2636204043712674
11,RBS_1by1_11,bps_noncore,TTTGAGAAGGAGATATACAT,AGGAGA,1.2839114269943095,1.5392430213712383,1.148575254760427,1.4946741246527138,1.4533100030472852,1.5375775301265593,1.3839427661651948,0.1632448703737761
12,RBS_1by1_12,bps_noncore,TTTTAGAAGGAGATATACAT,AGGAGA,1.3172091643438233,1.2355308556364377,1.3080214995189934,1.2662365833737859,1.1012768209804429,1.5241795655090005,1.2456549847706966,0.0871503544850277
13,RBS_1by1_13,bps_noncore,TTTACGAAGGAGATATACAT,AGGAGA,1.1600751422368616,1.204045507736947,1.3047885557818177,1.434101207614879,1.162094565496235,1.7083780941050695,1.253020995773348,0.11702037133633247
14,RBS_1by1_14,bps_noncore,TTTAGGAAGGAGATATACAT,AGGAGA,1.0242497818558605,1.1815444242884652,1.3222612308470945,1.2979571443944156,0.9646134538448973,1.304308528648814,1.1581252070461467,0.16000897853315887
15,RBS_1by1_15,bps_noncore,TTTATGAAGGAGATATACAT,AGGAGA,0.5330027909919308,0.4211506909109287,1.0011505374681335,0.5301980392042049,0.27121417086850363,0.396950128887224,0.5513432458887404,0.2731906347465478
16,RBS_1by1_16,bps_noncore,TTTAACAAGGAGATATACAT,AGGAGA,0.7365786323689721,0.8045030572683783,0.6366051578799,0.7072051392671025,0.7761604658961296,1.0830449385281702,0.7322104905360965,0.06508176285709544
17,RBS_1by1_17,bps_noncore,TTTAAAAAGGAGATATACAT,AGGAGA,0.6500180517463532,0.5058354765427904,0.2814894772292582,0.5495734854381272,0.5176826083141737,0.9922089681653766,0.5009198198541405,0.13514093749698142
18,RBS_1by1_18,bps_noncore,TTTAATAAGGAGATATACAT,AGGAGA,0.6937267060115767,0.7131689847648567,0.41199089429765273,0.7142817075612713,0.6070792069281806,0.8741697638131236,0.6280494999127076,0.12856505161451565
19,RBS_1by1_19,bps_noncore,TTTAAGCAGGAGATATACAT,AGGAGA,0.38483439193173585,0.2660599847746402,0.5829670361041891,0.36543035975554733,0.36957932861820325,0.66745576291767,0.39377422023686315,0.11572978792542586
20,RBS_1by1_20,bps_noncore,TTTAAGGAGGAGATATACAT,AGGAGA,0.6999672489176479,1.2665885667961831,0.5985291668336802,0.9548989881697012,0.4267981892110754,1.2426755890046584,0.7893564319856576,0.32825630191304056
21,RBS_1by1_21,bps_core,TTTAAGTAGGAGATATACAT,AGGAGA,0.19063289587315088,0.3826873259078219,0.6827268802459715,0.43097227886107015,0.01573016531721481,0.4624125183227343,0.3405499092410459,0.252497437233058
22,RBS_1by1_22,bps_core,TTTAAGACGGAGATATACAT,CGGAGA,0.5816677989956606,0.8289457752387025,0.25590131877486244,0.7450083476159369,0.6950670611776723,1.084563573217888,0.6213180603605669,0.2230185017693446
23,RBS_1by1_23,bps_core,TTTAAGAGGGAGATATACAT,GGGAGA,-0.5141981797081819,-0.3240177209305582,0.5988099747601354,-0.4434027254240791,-0.29248049708693324,-0.23667979048504673,-0.19505782967792343,0.4527343787644381
24,RBS_1by1_24,bps_core,TTTAAGATGGAGATATACAT,TGGAGA,0.9089163440075275,0.8462029648829827,-0.12928546441433825,0.768945684364421,1.0102622044120224,0.7557968847719659,0.681008346650523,0.4615052696387397
25,RBS_1by1_25,bps_core,TTTAAGAACGAGATATACAT,ACGAGA,0.9236047913964265,0.9932593064160262,1.1463555299489123,1.0289330277691693,0.9658359365120125,1.4107008753439452,1.0115977184085092,0.08460699433659562
26,RBS_1by1_26,bps_core,TTTAAGAAAGAGATATACAT,AAGAGA,0.011927804745413717,-0.15513325697336483,0.9900067328939849,-0.42972745408622565,-0.37147632331050234,-0.08111099512749599,0.009119500653861157,0.5758833319856267
27,RBS_1by1_27,bps_core,TTTAAGAATGAGATATACAT,ATGAGA,-0.5790864038561576,-0.47427638103601216,0.0223552647799441,-0.5614105495630499,-0.5474852767978897,-1.840799532730388,-0.427980669294633,0.25488407836936
28,RBS_1by1_28,bps_core,TTTAAGAAGCAGATATACAT,AGCAGA,-0.34588889227198505,-0.5720846732954531,-0.1698203801559021,-0.4140633166205807,-0.9227896935821179,-1.5106457208691066,-0.4849293911852078,0.28415032874736146
29,RBS_1by1_29,bps_core,TTTAAGAAGAAGATATACAT,AGAAGA,-2.4879672835558577,-1.0791077744483453,-0.5000485871850592,-1.8062346642967384,-1.1506988144697416,-1.573291237883769,-1.4048114247911485,0.7621710947148753
30,RBS_1by1_30,bps_core,TTTAAGAAGTAGATATACAT,AGTAGA,-0.8230632823622628,-3.819905399434624,-2.8454168693599735,-0.9595009350356116,-1.6867908329161732,-2.1058833428158588,-2.026935463821729,1.2834597844979658
31,RBS_1by1_31,bps_core,TTTAAGAAGGCGATATACAT,AGGCGA,-2.5705801936170305,-2.3320222555930035,-1.8997931028592012,-1.0493111565564264,-1.1814729600438476,-1.5565674229274502,-1.806635933733902,0.6768843031427825
32,RBS_1by1_32,bps_core,TTTAAGAAGGGGATATACAT,AGGGGA,-0.14629102375532016,0.04156894322768991,-1.452859220969099,-0.10095700314873673,-0.4268792328478969,0.030039568676588958,-0.41708350749867257,0.6034388725073963
33,RBS_1by1_33,bps_core,TTTAAGAAGGTGATATACAT,AGGTGA,-0.11627731171479982,0.07053517057483902,-0.06309779245365935,-0.1465974016954691,-0.36730821181303247,0.24037686810763392,-0.12454910942042434,0.15915454147008615
34,RBS_1by1_34,bps_core,TTTAAGAAGGACATATACAT,AGGACA,0.2084269116307498,0.1168941671863756,-0.0432860066309841,0.3571240598191152,-0.06476542807235232,0.5346557913361293,0.11487874078658085,0.17658300564870066
35,RBS_1by1_35,bps_core,TTTAAGAAGGAAATATACAT,AGGAAA,0.01615156807692714,0.04609017062768875,0.09285740416397426,-0.1836153760216721,-0.10633607108376043,0.1301056725429224,-0.026970460847368483,0.11444716250460096
36,RBS_1by1_36,bps_core,TTTAAGAAGGATATATACAT,AGGATA,0.8638543172160776,1.0265658531634165,0.3104190637016896,0.9056810455007728,0.9692757589417077,0.794759420258743,0.8151592077047329,0.2888653280015533
37,RBS_1by1_37,bps_core,TTTAAGAAGGAGCTATACAT,AGGAGC,0.3343475869892872,0.2503926190275241,1.084154304356373,0.2830524255129289,0.11345311859523012,0.3658118114701321,0.41308001089626867,0.3839564223127741
38,RBS_1by1_38,bps_core,TTTAAGAAGGAGGTATACAT,AGGAGG,0.2200371129287116,0.32501463249677515,0.4473369602137111,0.07830585497986318,0.04961607655993256,0.26767867198420503,0.2240621274357987,0.16713435882420144
39,RBS_1by1_39,bps_noncore,TTTAAGAAGGAGTTATACAT,AGGAGT,0.20349976430180036,-0.12596048921718853,0.39342152903489397,-0.01880294540421758,-0.004481617606039063,0.2153078933368949,0.08953524822184984,0.20757500494060882
40,RBS_1by1_40,bps_noncore,TTTAAGAAGGAGACATACAT,AGGAGA,0.36870950997725466,0.4997214715124644,0.20473117291926213,1.0216038112405776,0.5453554894033025,0.8920039053478904,0.5280242910105722,0.3060317804087709
41,RBS_1by1_41,bps_noncore,TTTAAGAAGGAGAGATACAT,AGGAGA,0.5962248752959978,0.5228428997069959,0.3494049602743485,0.8250607949862063,0.5024223647336652,0.9036522870084063,0.5591911789994428,0.17364640840942533
42,RBS_1by1_42,bps_noncore,TTTAAGAAGGAGAAATACAT,AGGAGA,-2.6775192859568517,-2.157876304134339,0.31263652076155196,-1.7858512911573132,-1.9614025787795706,-1.7783830733959767,-1.6540025878533045,1.149023865262761
43,RBS_1by1_43,bps_noncore,TTTAAGAAGGAGATCTACAT,AGGAGA,-2.4145883923942733,-2.2225498873907323,-1.6245968306807652,-2.0534617570036127,-1.8321458280131415,-1.4044824084450875,-2.029468539096505,0.31186164222035934
44,RBS_1by1_44,bps_noncore,TTTAAGAAGGAGATGTACAT,AGGAGA,0.7775660467701325,1.195689347981881,-3.518041433024144,0.9158653185147215,0.8185441772999305,1.4087893658386228,0.037924691508504374,1.9945256290131532
45,RBS_1by1_45,bps_noncore,TTTAAGAAGGAGATTTACAT,AGGAGA,0.49194941945306503,0.7197094308627049,0.7115492238051989,0.7043392195475097,0.4131742488391826,0.822487667476594,0.6081443085015322,0.14483386202239723
46,RBS_1by1_46,bps_noncore,TTTAAGAAGGAGATACACAT,AGGAGA,0.6112751998910724,0.5621328307998094,0.4615158608124425,0.8768167731404362,0.4950579485955622,0.9033565950760841,0.6013597226478644,0.16459801430971008
47,RBS_1by1_47,bps_noncore,TTTAAGAAGGAGATAGACAT,AGGAGA,0.9569025456658733,1.1637588996872,0.48866290340269314,1.1667065656219775,1.050465713671834,1.225563846900327,0.9652993256099155,0.2803824073545169
48,RBS_1by1_48,bps_noncore,TTTAAGAAGGAGATAAACAT,AGGAGA,1.4507568067721364,1.4779598012685173,1.1029009900984987,1.7785952372391844,1.4752538404364628,1.603204410953863,1.45709333516296,0.2395939561489728
49,RBS_1by1_49,bps_noncore,TTTAAGAAGGAGATATCCAT,AGGAGA,0.9813362166437753,0.8568981652003314,1.4451168607480935,1.2687003410784465,1.0753159629815674,1.3741783768187064,1.1254735093304427,0.23351116221257398
50,RBS_1by1_50,bps_noncore,TTTAAGAAGGAGATATGCAT,AGGAGA,0.3894965122749077,0.44355467159128237,1.0862465643022592,0.32020286832376843,0.13287014691047497,0.5111447575651726,0.47447415268053855,0.3615714394267178
51,RBS_1by1_51,bps_noncore,TTTAAGAAGGAGATATTCAT,AGGAGA,0.877855351545449,0.7590786508173613,0.28587830669880504,0.8256251771640023,0.5406513862040158,0.7761664696232271,0.6578177744859267,0.24438522614306699
52,RBS_1by1_52,bps_noncore,TTTAAGAAGGAGATATAAAT,AGGAGA,0.6374548283384321,0.5927324822013909,0.70039693029578,0.9136350084555835,0.9323417525985855,1.258131542953154,0.7553122003779544,0.15791119791805006
53,RBS_1by1_53,bps_noncore,TTTAAGAAGGAGATATAGAT,AGGAGA,0.5856631843929243,0.6291938317588236,0.29174696690764973,0.8848278715001782,0.535757963972534,0.9308514163461571,0.585437963706422,0.2122919261161068
54,RBS_1by1_54,bps_noncore,TTTAAGAAGGAGATATATAT,AGGAGA,0.6603521498633396,0.5813814085060282,0.37610018439784426,1.0163679121679012,0.46776423767700137,1.1249443438624898,0.6203931785224229,0.2464189967504486
55,RBS_1by1_55,bps_noncore,TTTAAGAAGGAGATATACCT,AGGAGA,0.6316045394225998,0.7264688036652336,0.308472062109588,0.8789842283599115,0.6788045549400179,1.3019118964730403,0.6448668376994702,0.20973729741654357
56,RBS_1by1_56,bps_noncore,TTTAAGAAGGAGATATACGT,AGGAGA,0.7340452742672613,0.9742803781896031,0.6579359917465338,1.132507411387426,0.5758123887864574,1.2198213154175221,0.8149162888754564,0.23163259906021108
57,RBS_1by1_57,bps_noncore,TTTAAGAAGGAGATATACTT,AGGAGA,0.7833520893585606,0.8920616217009761,0.7106066266554187,0.9959805733201214,0.5448282701700513,1.0528583340411743,0.7853658362410257,0.1726223286509686
58,RBS_1by1_58,bps_noncore,TTTAAGAAGGAGATATACAC,AGGAGA,0.8553856012156028,0.7724570997471669,0.7147648416528841,1.130928142888509,0.9583178547910608,1.4083943710719298,0.8863707080590448,0.16459776064924636
59,RBS_1by1_59,bps_noncore,TTTAAGAAGGAGATATACAG,AGGAGA,-0.10258646605707064,-0.678828688896072,0.757421017567462,-0.3232589112542671,-0.13006511018201572,-0.18791604785870472,-0.09546363176439268,0.529354725440107
60,RBS_1by1_60,bps_noncore,TTTAAGAAGGAGATATACAA,AGGAGA,1.4908013107055071,1.469981384023554,0.2065098563126617,1.7122933319663827,1.814078174296678,1.8364562681164647,1.3387328114609567,0.6495730353233298
61,RBS_RU_0,uni random,TTTAAGAGTTGACTATACAT,GTTGAC,0.8836818653119015,1.031874628368209,1.5961175921619457,0.9417084197345575,0.898973600388146,1.294368914687779,1.070471221192952,0.29944755832287756
62,RBS_RU_1,uni random,TTTAAGATACCTGTATACAT,TACCTG,-0.9395556083119663,-1.4899874683964314,1.0756510203809813,-0.5159082548825944,-1.9673242241509301,-0.4120835756748299,-0.7674249070721881,1.1674409519488345
63,RBS_RU_2,uni random,TTTAAGAGAAGCGTATACAT,GAAGCG,-0.9291984113548584,-2.450678999393285,-0.1857163425091634,-0.9711171524369747,-2.5545813225874494,-1.4391295909654875,-1.418258445656346,1.0386766784831085
64,RBS_RU_3,uni random,TTTAAGAGTATGCTATACAT,GTATGC,-0.4373873164918087,-1.626111435741464,-2.169857383732232,-1.5864570746656474,-1.0827413499926821,-1.0214088172024547,-1.3805109121247667,0.6526772020067115
65,RBS_RU_4,uni random,TTTAAGATCACTTTATACAT,TCACTT,-3.290178358144743,-1.8116219134989298,-2.1786269214720884,-1.3925872097831489,-0.8879341622385225,-2.1747911340058526,-1.9121897130274867,0.9081631969417234
66,RBS_RU_5,uni random,TTTAAGAGAAGCCTATACAT,GAAGCC,-3.159693567580478,-0.9049367679659217,-0.9519661419072062,-2.084325280453992,-0.8806894147163643,-0.6531687320507943,-1.5963222345247925,1.0108926585085185
67,RBS_RU_6,uni random,TTTAAGAATAGAATATACAT,ATAGAA,-2.14686074180296,-1.8467005856747671,-1.8077794448963216,-0.9179585468497404,-0.8721393372477215,-1.8432782639322753,-1.518287731294302,0.5840948898790597
68,RBS_RU_7,uni random,TTTAAGATCTGACTATACAT,TCTGAC,-2.688232410028163,-0.7060779157996219,-1.6667077466190543,-0.898906305368812,-0.9041047547881232,-1.3404307825701673,-1.372805826520755,0.8224221836990666
69,RBS_RU_8,uni random,TTTAAGATAAGTATATACAT,TAAGTA,-0.9604173144097379,-0.7655971390744721,-1.432480615170685,-1.6619210019364452,-1.264276164042656,-0.6429938928759005,-1.2169384469267992,0.35924254606658645
70,RBS_RU_9,uni random,TTTAAGAGATAAATATACAT,GATAAA,-0.5659479417695721,-0.8997629206344102,-1.5518822294460113,-1.737465212603698,-0.7167506759153256,-1.3503552807508212,-1.0943617960738035,0.5202372134699195
71,RBS_RU_10,uni random,TTTAAGAGGTCAATATACAT,GGTCAA,-0.07401090740473054,-0.13267510657370307,-0.16344466733314236,0.04711745347354801,-0.1979470691959677,-0.08528398243755166,-0.10419205940679914,0.09606980275665714
72,RBS_RU_11,uni random,TTTAAGACGATCCTATACAT,CGATCC,0.2222198712968286,0.027157025673168925,0.3982975313298602,-0.13752397811356745,0.12535827339007385,-0.16548790364719085,0.12710174471527283,0.2016267420391221
73,RBS_RU_12,uni random,TTTAAGAACAGACTATACAT,ACAGAC,-0.3329653213047069,-0.736793274878899,0.5057272899267132,-0.6060331837668387,-0.7367267797736838,-1.0370724193128935,-0.38135825395948303,0.5225806888467278
74,RBS_RU_13,uni random,TTTAAGAGTTATATATACAT,GTTATA,-0.1730902386432389,-0.7026904622168371,0.013248506058003056,-0.7747649389721555,-0.8304424635879354,-1.3655060225096762,-0.4935479194724327,0.38595896518592065
75,RBS_RU_14,uni random,TTTAAGAGGAACATATACAT,GGAACA,-0.2916259271045606,-0.874025585118126,-0.17050968030327437,-1.0648785660216757,-1.2650301542123703,-0.9229249712054672,-0.7332139825520014,0.48070102097559625
76,RBS_RU_15,uni random,TTTAAGACCCGAATATACAT,CCCGAA,0.5876638942167781,0.573789394802809,-1.9360076650329632,0.6237491492577522,0.36786143338124494,0.7326145484946545,0.04341124132512423,1.1110435586896132
77,RBS_RU_16,uni random,TTTAAGAAATGTCTATACAT,AATGTC,-2.9866770464863466,-0.7635040551026182,0.24488693079429863,-1.0548335229618375,-1.3340974777901873,-1.1856729486351434,-1.178845034309338,1.173377560492753
78,RBS_RU_17,uni random,TTTAAGACGTACCTATACAT,CGTACC,-0.468931524752477,-0.847628611109742,-2.244373469590751,-0.7033162139478646,-0.658499633230447,-2.472927428177786,-0.9845498905262563,0.7171412582907942
79,RBS_RU_18,uni random,TTTAAGAACCGTGTATACAT,ACCGTG,-0.23367168834824176,-0.7976319254500622,-0.396004193198479,-0.7898641626026152,-0.7219703068804192,-0.9313455898227105,-0.5878284552959634,0.2574167450682911
80,RBS_RU_19,uni random,TTTAAGAGGACACTATACAT,GGACAC,-4.9012967652770705,-0.5357782803472252,-0.16391261769936208,-0.927044952332656,-0.6749908804557878,-0.4553990791898811,-1.4406046992224202,1.9541591048635023
81,RBS_RU_20,uni random,TTTAAGAATCCCATATACAT,ATCCCA,-0.2543130470830757,-0.39621992504776643,-0.1969386314738653,-0.7405190683702055,-0.6936612461332574,-0.5006468377573294,-0.4563303836216341,0.24939802495910893
82,RBS_RU_21,uni random,TTTAAGAGAGCGATATACAT,GAGCGA,-0.42406842117754584,-1.2498154236398884,-0.035074207961606235,-0.6239765003824752,-0.6942776119952337,-0.3984312474422193,-0.6054424330313498,0.4420600061205115
83,RBS_RU_22,uni random,TTTAAGAATATGCTATACAT,ATATGC,0.8406390325654579,0.649344617841726,0.08996157955592111,0.7290688367400425,0.6226242880318058,1.0206346292179835,0.5863276709469908,0.29013668578395146
84,RBS_RU_23,uni random,TTTAAGACAACATTATACAT,CAACAT,0.4650637851320396,0.14102430151883516,0.9205546216704195,0.05777346734230915,0.25927213929264936,-0.047050195664761686,0.36873766299125055,0.34435282942785544
85,RBS_RU_24,uni random,TTTAAGAGCTACATATACAT,GCTACA,0.6898829440695772,0.567767314426981,0.770803881654405,0.4546714503284752,0.798087528124346,0.7860580342022571,0.6562426237207569,0.1439051320967611
86,RBS_RU_25,uni random,TTTAAGAGAAGACTATACAT,GAAGAC,-0.08489952233668847,-0.1711576467682612,0.9196024310075418,-0.26716686691482244,0.027485414101208118,-0.0665552424460184,0.08477276181779556,0.47915889251101795
87,RBS_RU_26,uni random,TTTAAGACTCCGTTATACAT,CTCCGT,0.2985036439534662,-0.03744614026968647,0.3114995265172937,0.03660840337351932,0.09427123529353222,-0.06624233621406744,0.140687333773625,0.1571632952336223
88,RBS_RU_27,uni random,TTTAAGATTACTATATACAT,TTACTA,0.04664424633759997,-0.17873589299614867,0.6256391893720759,-0.31022385032167127,-0.008511177593038153,-0.14663331629369997,0.03496250295976355,0.35907728792909166
89,RBS_RU_28,uni random,TTTAAGACGAGACTATACAT,CGAGAC,-0.03054522876175177,-0.28610718788886436,0.09905223749204983,-0.45936558862793914,0.103592301972687,-0.11050629352864073,-0.11467469316276369,0.24929819619162233
90,RBS_BA_00,bandit,TTTAAGACGGATTTATACAT,CGGATT,0.7558984828083407,0.8039161075062009,0.7884923653520701,0.6377462885809952,0.8727211064358128,0.6228661183527099,0.771754870136684,0.0861951198695569
91,RBS_BA_01,bandit,TTTAAGATTCGGATATACAT,TTCGGA,0.5087728600927904,0.7110790034278469,0.672746136394276,0.4334819896703821,0.47374108363995754,0.08484009039259645,0.5599642146450506,0.12410497330695178
92,RBS_BA_02,bandit,TTTAAGACTCGGATATACAT,CTCGGA,0.6148853456117594,0.5449601060085476,0.5965437944211006,0.39085956573684666,0.29886330578185044,0.1258292168461928,0.48922242351202094,0.1381372337453238
93,RBS_BA_03,bandit,TTTAAGAACCGGATATACAT,ACCGGA,0.560823148269958,0.2729862347944715,0.5149062600304203,0.36559798459904,0.3143936994863094,-0.23652516638030405,0.40574146543603984,0.1260427956983724
94,RBS_BA_04,bandit,TTTAAGAGCCGGATATACAT,GCCGGA,0.5751083342553747,0.6312282438978688,0.48430351873238514,0.4458648239717302,0.200937992396521,-0.03460611895202089,0.467488582650776,0.16597607793028352
95,RBS_BA_05,bandit,TTTAAGAATCGGATATACAT,ATCGGA,0.3610855624390361,0.6649922258134034,0.34902541627117534,0.13826522370970648,0.21381623493869592,-0.12746502927746806,0.34543693263440345,0.2016292806544815
96,RBS_BA_06,bandit,TTTAAGACCGGATTATACAT,CCGGAT,0.5799740028695483,0.7000557388118407,0.502368274571126,0.3406317345155165,0.31033169467516997,0.00468073094995073,0.4866722890886403,0.16348388237729738
97,RBS_BA_07,bandit,TTTAAGATAAAGATATACAT,TAAAGA,0.30896819227001826,0.1658563927163127,0.2124299473495209,0.1511415278866114,-0.04577714254656621,-0.2288877017165218,0.15852378353517943,0.12979457603312705
98,RBS_BA_08,bandit,TTTAAGACGATAATATACAT,CGATAA,0.01927317548333947,0.3949151176525857,0.05288310265465101,0.00999882493817244,-0.22803775840804927,-0.10174029480060158,0.049806492464139866,0.22294830695262047
99,RBS_BA_09,bandit,TTTAAGAACACACTATACAT,ACACAC,0.23153160641884865,0.1097839143428513,0.14048462221035213,0.056699976742720565,-0.146361862411061,-0.5137792379968331,0.07842765146074233,0.14078132090207984
100,RBS_BA_10,bandit,TTTAAGATATATATATACAT,TATATA,0.4705192546901654,0.4401669020924984,0.3059585631548103,0.29118573899581646,0.053201275693588714,0.05284319823822934,0.31220634692537585,0.1650768064623072
101,RBS_BA_11,bandit,TTTAAGACTCTCTTATACAT,CTCTCT,1.0682264513637616,0.7446388470598028,0.8856516021189049,0.6997496050086363,0.6028052830420207,0.5016292892547995,0.8002143577186253,0.18116439478930718
102,RBS_BA_12,bandit,TTTAAGAGTGTGTTATACAT,GTGTGT,0.14868987280023438,0.44246943683145434,0.5045123777946172,0.10272369896688953,0.513618072002803,-0.26443401589487764,0.3424026916791997,0.2003611027762026
103,RBS_BA_13,bandit,TTTAAGAATATATTATACAT,ATATAT,-0.037053469353733264,0.13279913958330794,0.05172179846003531,0.12665673272647934,0.1417861553092703,-0.30946805869857175,0.08318207134507191,0.07621133825948018
104,RBS_BA_14,bandit,TTTAAGATGTGTGTATACAT,TGTGTG,0.03268557519807338,-0.13884005983372677,0.08322838843151033,-0.007365466904350799,0.043533037095733876,-0.5575322116435639,0.0026482947974480037,0.08541981880160303
105,RBS_BA_15,bandit,TTTAAGATCTCTCTATACAT,TCTCTC,-0.6286466233059944,-0.16947702137738682,-0.09452983027413064,-1.497440561759601,-0.2584946852729481,-0.5830500413570792,-0.5297177443980121,0.5785754534300857
106,RBS_BA_16,bandit,TTTAAGACACACATATACAT,CACACA,-1.6170422316835698,-1.5901367779964803,-0.33037827570847245,-0.22855447626882874,-0.3949346661452252,-1.7890617538810396,-0.8322092855605152,0.7067282754222718
107,RBS_BA_17,bandit,TTTAAGACTAAGATATACAT,CTAAGA,-0.2422785103702473,-1.3905659496305365,-1.4752908972705865,-1.7913522818094034,-0.45795752570423215,-1.3679276412444978,-1.0714890329570013,0.679536629363312
108,RBS_BA_18,bandit,TTTAAGAATAAGATATACAT,ATAAGA,-0.8749497591185117,-0.42108459910889173,-0.36336094507973443,-1.9462680993612922,-0.46809352810680177,-0.5912323802249924,-0.8147513861550463,0.6638622704365188
109,RBS_BA_19,bandit,TTTAAGATAAGATTATACAT,TAAGAT,-0.44072292211115094,-1.4077863232322112,-1.3738922358221994,-2.035392931053812,-0.5532894726790173,-0.662508778529508,-1.1622167769796783,0.6631163816598259
110,RBS_BA_20,bandit,TTTAAGATTAAGATATACAT,TTAAGA,-1.137487843339829,-1.107633628376963,-2.0555439019266095,-1.7562280107076695,-0.6023257836897448,-0.7316118876797885,-1.331843833608163,0.575344412264585
111,RBS_BA_21,bandit,TTTAAGAGGTCGATATACAT,GGTCGA,-0.5576991344359333,-0.27308333899199155,-1.4977784981975868,-2.511328665320394,-0.5722530372659416,-0.8584428271358618,-1.0824285348423692,0.922622729364993
112,RBS_BA_22,bandit,TTTAAGAGGTAGATATACAT,GGTAGA,0.8461420105087887,0.6435894515036614,0.7541681084801622,1.0711681549228123,0.9549542775695592,0.7514762030899613,0.8540044005969968,0.16707373152080687
114,RBS_BA_24,bandit,TTTAAGAGGGGGATATACAT,GGGGGA,0.40539006543922984,0.830303080750558,1.1172531842344544,1.3153384902455825,1.5684533666256242,1.176796045337851,1.0473476374590898,0.4492980434766594
115,RBS_BA_25,bandit,TTTAAGAGGGGATTATACAT,GGGGAT,0.4166148536338846,0.9699392396335782,1.0758914758721267,1.568764721250735,1.5872979872313686,1.4017461403108056,1.1237016555243386,0.48448506955132353
116,RBS_BA_26,bandit,TTTAAGAGGGATCTATACAT,GGGATC,-0.2907062743339328,-0.456051109414338,-0.07021182005846735,-0.2587779935529362,-0.23078284093111012,-0.4969221645828307,-0.2613060076581569,0.13806255234076031
117,RBS_BA_27,bandit,TTTAAGAGGGATTTATACAT,GGGATT,-0.04069401706724543,-0.44638050202692625,-0.6946439099407993,-0.15271081846055662,-0.12844235460190312,-0.5533738208843566,-0.2925743204194861,0.271689659776865
118,RBS_BA_28,bandit,TTTAAGAGGGATGTATACAT,GGGATG,-0.03329346606266639,-0.24824280643935326,-1.0096800485738233,-1.1291599139606334,-0.23044881052313101,-0.5267043903432912,-0.5301650091119214,0.5012286971665934
119,RBS_BA_29,bandit,TTTAAGAGGGATATATACAT,GGGATA,-0.3080098320767975,-0.15627279338012495,-0.4526349503043627,-0.1392445316242178,-0.15013870390538592,-0.46081024146472405,-0.24126016225817773,0.13699268354301142
120,RBS_BA_30,bandit,TTTAAGAGGATCTTATACAT,GGATCT,-0.856747151991553,-1.0145078162130556,-2.4554038882938016,-2.637578773654928,-0.6938818238954786,-2.8132535977647364,-1.5316238908097632,0.9355726995432664
121,RBS_BA_31,bandit,TTTAAGAGGATTTTATACAT,GGATTT,0.38667489108547565,0.5437161911426357,0.37557377540536524,0.6064512460506049,0.5717015393243416,0.5685605530604552,0.49682352860168455,0.10800243020398628
122,RBS_BA_32,bandit,TTTAAGAGGATAGTATACAT,GGATAG,0.3970519350591586,0.3393044541743736,0.1493591865247999,0.4683491308773544,0.30377773134283564,0.3175312496785438,0.33156848759570445,0.11940417389794328
123,RBS_BA_33,bandit,TTTAAGAGGATTATATACAT,GGATTA,0.5987472201754795,0.794172799055924,0.5484517490542334,0.9223982406546065,0.9024600670550702,0.3698797052665064,0.7532460151990629,0.17201953333433895
124,RBS_BA_34,bandit,TTTAAGAGGATATTATACAT,GGATAT,0.9856003835399343,0.8379500321973663,1.1048105693144092,1.072327275364872,1.0751743375160203,1.1525193520007695,1.0151725195865204,0.10860960534030131
125,RBS_BA_35,bandit,TTTAAGAGGATACTATACAT,GGATAC,0.9909101123646396,1.3215085702923945,0.9870994327051912,0.9050102288894344,0.9041524672487095,1.1300718963634748,1.021736162300074,0.17281805016959495
126,RBS_BA_36,bandit,TTTAAGAGGATGCTATACAT,GGATGC,0.6920372024299538,1.2531987835316956,0.7530696400058027,0.6902824925693026,1.1787110656617916,0.839310989329137,0.9134598368397093,0.2785416896785704
127,RBS_BA_37,bandit,TTTAAGAGGATGTTATACAT,GGATGT,0.3736651109634176,0.9573122688216079,0.6353204506028385,0.8609570703641087,1.011910667719572,0.8764551241448095,0.7678331136943088,0.2631901851176267
128,RBS_BA_38,bandit,TTTAAGAGGATTCTATACAT,GGATTC,0.14818982245392026,0.1521790925519076,0.008895192182173826,-0.021533709602101762,0.2511536867841674,-0.3305286992292523,0.10777681687401346,0.11253942408089532
129,RBS_BA_39,bandit,TTTAAGAGGATCGTATACAT,GGATCG,-0.9488273194470632,-0.4102185141056904,-0.2712020921857547,-0.21452723492522663,-0.3027744577655966,-0.7889485630245922,-0.42950992368586627,0.2989161756775766
130,RBS_BA_40,bandit,TTTAAGAGGATTGTATACAT,GGATTG,0.4858282483575061,0.5044813872548699,0.17105853222455586,0.6070566163293537,0.47289603561550475,0.4413317008828393,0.4482641639563581,0.16373467174683987
131,RBS_BA_41,bandit,TTTAAGAGGATCCTATACAT,GGATCC,-0.5407914063206839,-0.584541629228026,-0.8702363785961202,-0.9985393085018296,-0.4538220284156334,-0.6063694040282592,-0.6895861502124586,0.2328333671090455
132,RBS_BA_42,bandit,TTTAAGAGGATGATATACAT,GGATGA,0.3277457023709089,0.2730126134445537,0.2687352116764571,0.5450308704756908,0.5133557333073954,0.3812082983387704,0.3855760262550012,0.13362273861069832
133,RBS_BA_43,bandit,TTTAAGAGGATCATATACAT,GGATCA,-1.088822409667078,-0.9692875932625328,-3.478274080777692,-0.588603820257436,-0.5185867268386359,-1.424104020253453,-1.328714926160675,1.2259091661619768
134,RBS_BA_44,bandit,TTTAAGACCCCGATATACAT,CCCCGA,-1.0911202412636716,-2.2480307708858445,-1.9609633567306883,-0.8135443987584976,-1.7780138061254975,-1.5672894571747482,-1.5783345147528398,0.6035419197141936
135,RBS_BA_45,bandit,TTTAAGATTTTTGTATACAT,TTTTTG,-0.9531942001235015,-1.3631179271966072,-1.465971166968993,-1.6522565470628936,-0.8794759402919364,-1.2987361775083306,-1.2628031563287863,0.3338456595768258
136,RBS_BA_46,bandit,TTTAAGATTTTTATATACAT,TTTTTA,0.35622956854554183,-0.12530341146929808,-0.03863516401133225,-0.23011051652145562,-0.19819880984872784,-0.39819542706518,-0.04720366666105439,0.2372687366880397
137,RBS_BA_47,bandit,TTTAAGAGTTTTTTATACAT,GTTTTT,0.7083656512631337,0.3343058415705046,0.5230044493254321,0.48742690637869834,0.4329366211538179,0.3983490603253109,0.4972078939383174,0.1378555436289316
138,RBS_BA_48,bandit,TTTAAGACTTTTTTATACAT,CTTTTT,-1.357115692706407,-0.028292117677936744,-0.12771328594520312,-0.31508214283449015,0.03441179330647942,-0.4569102330940008,-0.3587582891715115,0.5735410858702729
139,RBS_BA_49,bandit,TTTAAGACCCCCTTATACAT,CCCCCT,-0.8195933969673187,-0.9769502035041513,-0.9037156212527007,-0.26741251129054144,-2.728026286244998,-0.5456973610065801,-1.1391396038519421,0.9311697810944548
140,RBS_BA_50,bandit,TTTAAGACCCCCGTATACAT,CCCCCG,0.5922648967911032,0.3461628385112329,0.3914726164616373,0.4732330744188648,0.6839376764902512,0.43190193431300505,0.49741422053461787,0.14006514758582625
141,RBS_BA_51,bandit,TTTAAGACCCCCATATACAT,CCCCCA,-0.7865752280630692,-3.844477699883515,-1.7529676709124902,-0.6256321687501943,-2.51227686268676,-1.0084212950689777,-1.9043859260592058,1.3267560908163263
142,RBS_BA_52,bandit,TTTAAGATTTTTCTATACAT,TTTTTC,-1.0342389010030621,-1.937546601089313,-2.0959400090139186,-1.8682866043234965,-5.229686121394552,-1.9519368189381656,-2.433139647364869,1.6167846566127222
143,RBS_BA_53,bandit,TTTAAGAGCCCCCTATACAT,GCCCCC,-1.0929413201353617,-1.4169621390324834,-1.5189528751552535,-0.7108997670933936,-2.059244039024859,-0.9368328151278306,-1.35980002808827,0.5025196958383081
144,RBS_BA_54,bandit,TTTAAGAATTTTTTATACAT,ATTTTT,-1.3411076850109842,-1.680959141252389,-0.9253902871251918,-1.7171787174584017,-0.5480669576534969,-0.8377749252929283,-1.2425405577000928,0.5025150721561715
145,RBS_BA_55,bandit,TTTAAGAACCCCCTATACAT,ACCCCC,-1.1936955130647606,-1.2436883148694748,-2.4123228623309187,-3.6642561785588637,-2.4428936166435316,-0.9081546142366321,-2.19137129709351,1.0216326333736987
146,RBS_BA_56,bandit,TTTAAGATCCCCCTATACAT,TCCCCC,-0.9307767283108331,-1.5816123351064466,-0.7348364492271879,-2.1129026813844276,-0.709086671499924,-0.9217103373248319,-1.213842973105764,0.6139860209214562
147,RBS_BA_57,bandit,TTTAAGAGGATAATATACAT,GGATAA,0.6905299290824418,0.2522734705741966,0.4267101514657709,0.47477768657643465,0.7183396756927986,0.08699691254398818,0.5125261826783285,0.19401375078155073
148,RBS_BA_58,bandit,TTTAAGACCCCCCTATACAT,CCCCCC,0.4925504634784958,0.036065651473925514,0.15552942620096563,-0.12446646400143746,-0.11789804559249994,-0.31722632508005105,0.08835620631188992,0.2541917812154473
149,RBS_BA_59,bandit,TTTAAGATTTTTTTATACAT,TTTTTT,0.7539755899359826,0.392810143522512,0.5493998248397243,0.298445091227195,0.3514522443934043,0.202931903214213,0.4692165787837636,0.18465259959345262
150,RBS_RP_30,prob random,TTTAAGAGAAAGATATACAT,GAAAGA,0.1732882206397088,0.11508339149826245,-0.01804952254857402,-0.26371537814109347,0.1383246456383525,-0.2616855689593551,0.028986271417331254,0.17893942290697845
151,RBS_RP_31,prob random,TTTAAGACGGGGGTATACAT,CGGGGG,0.4674863244745569,0.8118429464602918,0.8488469622884445,1.1850818607978675,1.2301338082129423,1.0939771202122648,0.9086783804468205,0.3111831478879065
152,RBS_RP_32,prob random,TTTAAGATGAGGGTATACAT,TGAGGG,0.6439232563629016,0.3669646872143412,0.5093097105768617,0.6887228643474934,0.7769624292737495,0.8060101393948553,0.5971765895550696,0.16094022791868365
153,RBS_RP_33,prob random,TTTAAGACCGGGATATACAT,CCGGGA,-0.9111920941615043,-0.659232279968728,-0.32279273506370415,-0.38509342384538237,-1.9674011175026629,-1.0958536065765427,-0.8491423301083962,0.6676084180781434
154,RBS_RP_34,prob random,TTTAAGAAAGGGTTATACAT,AAGGGT,0.4129228547438483,0.24214738272350864,-0.0799019623583469,0.13898393705900036,0.27267397188763964,0.05714180272779147,0.19736523681113,0.18332171769610636
155,RBS_RP_35,prob random,TTTAAGACTGTAGTATACAT,CTGTAG,-0.8368221259983335,-0.4093081078510372,-0.36635861031457034,-0.5696139034732329,-1.6636407119288585,-1.4682403910741444,-0.7691486919132065,0.5329715975365807
156,RBS_RP_36,prob random,TTTAAGACTGACATATACAT,CTGACA,-0.608308756930451,-1.4265920211325303,-1.2832667781512357,-1.2441918637964244,-0.522937428543276,-0.76761771835909,-1.0170593697107835,0.4187499561045095
157,RBS_RP_37,prob random,TTTAAGACGTGTGTATACAT,CGTGTG,-0.9526186324406617,-0.8247018464252016,-0.5180061760218253,-0.9785596613264081,-0.45949678128895594,-0.7357513490482325,-0.7466766195006105,0.2434297768417389
158,RBS_RP_38,prob random,TTTAAGAGAGGGGTATACAT,GAGGGG,-0.9386540181699912,-1.269234521147797,-0.8793267764846558,-0.5670533729304407,-0.6164561673220061,-0.7856883789833197,-0.8541449712109783,0.2823972335642457
159,RBS_RP_39,prob random,TTTAAGACTAGGATATACAT,CTAGGA,0.3050414279914961,0.012713448952814272,-0.23875721230441024,-0.09828034814137139,0.020809747479922897,-0.3086452116587813,0.00030541279569032686,0.20019273028685916
160,RBS_RP_40,prob random,TTTAAGAATTGGGTATACAT,ATTGGG,0.5326888947931286,-0.0028268559736321828,0.13782985288263602,0.012539651085417203,0.16127424765566137,-0.35342701717210523,0.1683011580886422,0.2163924356537345
161,RBS_RP_41,prob random,TTTAAGATACTGATATACAT,TACTGA,0.3813803422290934,0.6865053505014862,0.5046493814852978,0.20606279126901994,0.41855344252367493,0.1384938767800246,0.4394302616017144,0.17575952611216084
162,RBS_RP_42,prob random,TTTAAGAAGAGCGTATACAT,AGAGCG,0.08643674219766073,0.4075292002095148,0.07249677085653496,-0.028556071621173913,0.18235768594819993,-0.15260192386586796,0.14405286551814728,0.16516716966504372
163,RBS_RP_43,prob random,TTTAAGAAGGGGTTATACAT,AGGGGT,0.4608632460300199,0.953181900180336,0.7088337319933626,0.909706462742409,1.1641270073626568,0.9748747902030513,0.8393424696617569,0.2663055372693722
164,RBS_RP_45,prob random,TTTAAGACAAGCCTATACAT,CAAGCC,-1.1091152977519436,-0.43929938816924474,-0.15372001979191058,-0.5612950676562591,-1.859608411408836,-0.6938921159963289,-0.8246076369556388,0.6745475081059907
165,RBS_RP_46,prob random,TTTAAGACAATTGTATACAT,CAATTG,-0.3371085634365228,-1.5273533912171506,-0.21482005549329125,-0.3872792119672008,-0.3803853571282709,-0.7311159875501055,-0.5693893158484873,0.5399665416427215
166,RBS_RP_47,prob random,TTTAAGATATTTTTATACAT,TATTTT,-0.2411586322776085,-0.08479653546362344,-0.9345826077236745,-0.5146344384100575,-0.29166195095311437,-1.4928232982046235,-0.41336683296561566,0.32952511090185527
167,RBS_RP_48,prob random,TTTAAGATCCGGCTATACAT,TCCGGC,-0.602809344666373,-0.5191541048848656,-0.29705700814094826,-0.4215342719624986,-1.748685498224121,-0.5847987232288302,-0.7178480455757612,0.5874108417826389
168,RBS_RP_49,prob random,TTTAAGATGGGAGTATACAT,TGGGAG,0.8872818736609618,0.9083255496316123,0.8159554680969625,1.1611374750980141,1.1251897201730805,1.036765346617162,0.9795780173321262,0.1537322637059965
169,RBS_RP_50,prob random,TTTAAGAAAAGTGTATACAT,AAAGTG,-0.33763221384316183,-0.3496573664269766,-0.12324553145175159,-0.2925301072275133,-0.19307428059834314,-0.564389710975998,-0.2592278999095493,0.09785354841501645
170,RBS_RP_51,prob random,TTTAAGACGGGAGTATACAT,CGGGAG,0.5345783909131319,0.5861751988840644,0.3848082005148135,0.5665733203492807,0.5799402452434532,0.3813249408979466,0.5304150711809487,0.0837974458242692
171,RBS_RP_52,prob random,TTTAAGATAAGAGTATACAT,TAAGAG,0.14274967480945433,0.020041580783492944,-0.08321979932448434,-0.3768778149575194,-0.23542730020697689,-0.666890995373723,-0.10654673177920666,0.20518682976976307
172,RBS_RP_53,prob random,TTTAAGATAAGGGTATACAT,TAAGGG,0.6704388769061806,0.7136496368837992,0.583271576822338,0.35208734312343415,0.5049305430522388,0.43220800452908625,0.5648755953575982,0.1436036068159141
173,RBS_RP_54,prob random,TTTAAGATAGTCTTATACAT,TAGTCT,0.7146426463884857,0.8426468495750252,0.49989309015603617,0.41648793380171656,0.4537641006223818,0.26003235484665727,0.5854869241087292,0.1844249801587104
174,RBS_RP_55,prob random,TTTAAGAAAGTAGTATACAT,AAGTAG,0.4966698242583747,0.4885397197102572,0.4711172072456849,0.12596437014563686,0.32015741618995686,-0.18214549137318553,0.3804897075099821,0.1595376923401275
175,RBS_RP_57,prob random,TTTAAGACCACGCTATACAT,CCACGC,0.15137349436898773,0.4370928697056242,0.14488701633106923,0.07184381575561566,0.2099705396957026,-0.0012907771865872004,0.2030335471713999,0.13972509980647843
176,RBS_RP_58,prob random,TTTAAGAGTAATGTATACAT,GTAATG,0.19563364515199258,0.3338092007584949,0.3781323409647956,-0.03192490528165071,0.3480304578142986,-0.03648420790069488,0.2447361478815862,0.16981656401399853
177,RBS_RP_59,prob random,TTTAAGACATTGATATACAT,CATTGA,0.43947788630832196,0.33387148020383717,0.28719130392831965,-0.008969131331076916,0.34426702294855244,-0.18933255454026607,0.2791677124115909,0.1703063365238283
