RBS,Rep1,Rep2,Rep3,AVERAGE,STD,PERC,RBS6
TTTAAGAAGGAGATATACAT,2.64857538488942,2.68089954067097,1.26031130540265,2.19659541032101,0.811006878271591,0.165450039455603,AGGAGA
CTTAAGAAGGAGATATACAT,1.39953885933387,1.65116238180204,0.814621113500142,1.28844078487868,0.42919390723049,0.065275440654831,AGGAGA
GTTAAGAAGGAGATATACAT,0.317903212397882,0.478170858038753,0.247558293400444,0.34787745461236,0.118192132308008,0.054851419732846,AGGAGA
ATTAAGAAGGAGATATACAT,1.53139254876384,1.25100653057023,0.649088651977891,1.14382924377065,0.450810680524769,0.142441876326316,AGGAGA
TCTAAGAAGGAGATATACAT,1.38641178623249,1.8127942715078,0.545837401764774,1.24834781983502,0.64466361116501,0.041653657098348,AGGAGA
TGTAAGAAGGAGATATACAT,-0.122209374317757,-0.066833308874723,-0.032766974056679,-0.073936552416386,0.045142306019131,0.064114498868941,AGGAGA
TATAAGAAGGAGATATACAT,1.04003327130039,0.800522075652166,0.247059230610209,0.695871525854254,0.406713364031575,0.137992696791952,AGGAGA
TTGAAGAAGGAGATATACAT,1.33600745380326,1.4449876300995,,1.39049754195138,0.077060621673975,0.084278701858632,AGGAGA
TTAAAGAAGGAGATATACAT,0.173382621974914,0.040951726772265,0.527241039692892,0.24719179614669,0.251406383389809,0.11650416353656,AGGAGA
TTTCAGAAGGAGATATACAT,1.29088956970568,1.12011348948523,0.066346794699965,0.82578328463029,0.663211093146167,0.126129888383803,AGGAGA
TTTGAGAAGGAGATATACAT,1.68789088820018,1.98383860471676,0.522268914372405,1.39799946909645,0.77270580823869,0.064489636482503,AGGAGA
TTTTAGAAGGAGATATACAT,1.77401884599998,2.29277823193223,0.690336736529862,1.58571127148736,0.81764875925483,0.039328432241529,AGGAGA
TTTACGAAGGAGATATACAT,1.38526467451039,1.440497597734,0.686774862791329,1.17084571167857,0.420126301258049,0.092591416828569,AGGAGA
TTTAGGAAGGAGATATACAT,1.08321644141345,0.888304241862196,0.706103724336943,0.892541469204197,0.18859206217884,0.130184344912392,AGGAGA
TTTATGAAGGAGATATACAT,0.209182573969232,-0.106177636656499,0.379909035682672,0.160971324331802,0.246603541540149,0.161857993945338,AGGAGA
TTTAACAAGGAGATATACAT,0.533993286778285,0.424862693704429,0.075277965618964,0.344711315367226,0.239631214689551,0.113279925641638,AGGAGA
TTTAAAAAGGAGATATACAT,0.38998983688577,0.250171680784665,-0.166358910083844,0.157934202528864,0.28941630285785,0.11910183819357,AGGAGA
TTTAATAAGGAGATATACAT,0.461571488855686,0.223141586054875,-0.083196141112804,0.200505644599252,0.273088322799709,0.140659333389018,AGGAGA
TTTAAGCAGGAGATATACAT,0.001240090127991,0.18198355061807,0.03556762304178,0.072930421262613,0.095989758024751,0.038632257127968,AGGAGA
TTTAAGGAGGAGATATACAT,0.471978458076028,0.415888336944021,0.046963946168917,0.311610247062988,0.230899921729821,0.101957210039201,AGGAGA
TTTAAGTAGGAGATATACAT,-0.239495740441743,-0.125840168347016,0.110409299375231,-0.084975536471176,0.178496002269212,0.044025921307821,AGGAGA
TTTAAGACGGAGATATACAT,0.282514207370545,0.474263752169775,-0.181951263933347,0.191608898535658,0.337420165699355,0.04734142876502,CGGAGA
TTTAAGAGGGAGATATACAT,-0.876031574819199,-0.881526956736625,0.04717051608971,-0.570129338488704,0.534604416978108,0.045716768836246,GGGAGA
TTTAAGATGGAGATATACAT,0.849143703860164,1.19057410544304,-0.39112447264841,0.549531112218264,0.83232708521765,0.039233925858278,TGGAGA
TTTAAGAACGAGATATACAT,0.877875146785819,0.947263297080797,0.520035424627586,0.781724622831401,0.229269723672264,0.08404303224204,ACGAGA
TTTAAGAAAGAGATATACAT,-0.432914595203639,-0.528877831230544,0.369627176287716,-0.197388416715489,0.493388536245798,0.099750736598875,AAGAGA
TTTAAGAATGAGATATACAT,-0.919853012496055,-0.971974745212268,-0.314217097107028,-0.73534828493845,0.365640228610807,0.06419355780554,ATGAGA
TTTAAGAAGCAGATATACAT,-0.752244724572834,-0.895482944829611,-0.410579810746755,-0.686102493383067,0.249126189753134,0.112721946348078,AGCAGA
TTTAAGAAGAAGATATACAT,-1.60057206168509,-1.06339859665883,-0.55337285262009,-1.07244783698801,0.523658249652857,0.524913612592328,AGAAGA
TTTAAGAAGTAGATATACAT,-1.06730056301224,-1.0974873105197,-1.06132271172957,-1.07537019508717,0.01938578790716,0.040606214417479,AGTAGA
TTTAAGAAGGCGATATACAT,-1.61377269595284,-1.50691419028335,-0.932153146227549,-1.35094667748791,0.366600192890869,0.284753610918055,AGGCGA
TTTAAGAAGGGGATATACAT,-0.584397501131798,-0.635957932509644,-0.842164698769446,-0.68750671080363,0.136396258937675,0.080155405938157,AGGGGA
TTTAAGAAGGTGATATACAT,-0.556984628285932,-0.614879824112763,-0.358373128531709,-0.510079193643468,0.134532565086401,0.083382617186072,AGGTGA
TTTAAGAAGGACATATACAT,-0.218825052693452,-0.384750146835891,-0.348326733500453,-0.317300644343265,0.087205205537495,0.12416890360809,AGGACA
TTTAAGAAGGAAATATACAT,-0.428627030078421,-0.599321323276584,-0.276129912533229,-0.434692755296078,0.161681064943864,0.125470517221732,AGGAAA
TTTAAGAAGGATATATACAT,0.762890194295222,0.803147028627324,-0.148453986961561,0.472527745320328,0.538162509887555,0.08735653109624,AGGATA
TTTAAGAAGGAGCTATACAT,-0.064649697458074,-0.355722262399538,0.458585308742109,0.012737782961499,0.412632792806049,0.160292126133061,AGGAGC
TTTAAGAAGGAGGTATACAT,-0.205193007074097,-0.085925043506222,-0.059585072436149,-0.116901041005489,0.077588993892099,0.044183239558219,AGGAGG
TTTAAGAAGGAGTTATACAT,-0.224575544773803,-0.454189749554383,-0.095410886662322,-0.258058726996836,0.181717942794226,0.143970721379687,AGGAGT
TTTAAGAAGGAGACATACAT,-0.020067759001138,0.147695057786544,-0.212457459144055,-0.02827672011955,0.180216534049582,0.040683172386926,AGGAGA
TTTAAGAAGGAGAGATACAT,0.304958659483719,0.094565267533163,-0.123852649965227,0.091890425683885,0.214418168218132,0.135097259466994,AGGAGA
TTTAAGAAGGAGAAATACAT,-1.62972424129686,-1.61197438346985,-0.147069334842184,-1.12958931986963,0.850933549166426,0.209075356437154,AGGAGA
TTTAAGAAGGAGATCTACAT,-1.58816323317499,-1.57379441033883,-0.879482125245763,-1.34714658958653,0.405073023259729,0.161990102577626,AGGAGA
TTTAAGAAGGAGATGTACAT,0.605407352030845,0.285588924800398,-1.11887555022475,-0.075959757797835,0.91723822923444,0.156922509515336,AGGAGA
TTTAAGAAGGAGATTTACAT,0.149306550006296,0.012095794949941,0.132837723572843,0.098080022843027,0.074918429947519,0.117551300483801,AGGAGA
TTTAAGAAGGAGATACACAT,0.328414715907268,0.2438458223781,-0.04997893746921,0.174093866938719,0.198606245356516,0.106586947750054,AGGAGA
TTTAAGAAGGAGATAGACAT,0.944154863862761,1.19504558690412,-0.031368635095924,0.702610605223652,0.647904840730589,0.055939106224902,AGGAGA
TTTAAGAAGGAGATAAACAT,2.14118751643928,2.13983173297575,0.476876504943273,1.58596525145277,0.960499268746572,0.105634122419656,AGGAGA
TTTAAGAAGGAGATATCCAT,0.993821372262436,0.815341394296916,0.847591953998937,0.885584906852763,0.095112428123553,0.127419725821421,AGGAGA
TTTAAGAAGGAGATATGCAT,0.007447435767867,-0.009272706450716,0.46061704430662,0.152930591207924,0.266595397286402,0.085977354571397,AGGAGA
TTTAAGAAGGAGATATTCAT,0.789387700747612,0.820489270272934,-0.163661588492336,0.48207179417607,0.559437689136172,0.089347725564464,AGGAGA
TTTAAGAAGGAGATATAAAT,0.369832418027597,0.44307540086504,0.124115657174893,0.312341158689177,0.167071132153222,0.073861160106457,AGGAGA
TTTAAGAAGGAGATATAGAT,0.288650757301438,0.412858831553283,-0.160044207008215,0.180488460615502,0.301378142400095,0.061312080350702,AGGAGA
TTTAAGAAGGAGATATATAT,0.406709239126508,0.196489644376684,-0.106688590497519,0.165503431001891,0.258097737165878,0.134670581294075,AGGAGA
TTTAAGAAGGAGATATACCT,0.360508401918088,0.539126275971268,-0.149668313943793,0.249988787981854,0.357449906382034,0.052547805873093,AGGAGA
TTTAAGAAGGAGATATACGT,0.529648753230996,0.480754428227132,0.091410949702886,0.367271377053671,0.240149735140421,0.10111162680598,AGGAGA
TTTAAGAAGGAGATATACTT,0.615661114912218,0.440335574981755,0.132098380678422,0.396031690190798,0.244806771026853,0.126904036423896,AGGAGA
TTTAAGAAGGAGATATACAC,0.746993239079922,1.01598797648287,0.135362945807028,0.632781387123273,0.451285244062702,0.047885556246184,AGGAGA
TTTAAGAAGGAGATATACAG,-0.544280117072535,-0.708940044475666,0.169303017443385,-0.361305714701605,0.466837705090845,0.12306047011408,AGGAGA
TTTAAGAAGGAGATATACAA,2.25841304250086,1.95178549586762,-0.211411936538814,1.33292886727655,1.34619705163672,0.142840499498362,AGGAGA
TTTAAGAGTTGACTATACAT,0.800494330685627,0.637403973103989,1.03564890106847,0.824515734952695,0.200206210092444,0.124598421453947,GTTGAC
TTTAAGATACCTGTATACAT,-1.1289940455667,-0.757926561576901,0.45035292711345,-0.478855893343384,0.825829609198965,0.15985245433467,TACCTG
TTTAAGAGAAGCGTATACAT,-1.12371810597312,-0.970648355546376,-0.418087296702448,-0.837484586073981,0.371184794776225,0.063545817980033,GAAGCG
TTTAAGAGTATGCTATACAT,-0.821414344614076,-1.27245159253147,-0.976392059080572,-1.02341933207537,0.229166583637798,0.28069520479436,GTATGC
TTTAAGATCACTTTATACAT,-1.70064223880422,-1.66681078558006,-0.977717401553979,-1.44839014197942,0.407965394661741,0.344293385544737,TCACTT
TTTAAGAGAAGCCTATACAT,-1.68806587888591,-1.70205143925566,-0.70989633099551,-1.36667121637903,0.568826719245512,0.250376468615482,GAAGCC
TTTAAGAATAGAATATACAT,-1.53683722910946,-1.43460618964403,-0.915454439366682,-1.29563261937339,0.333188209233843,0.204192935969047,ATAGAA
TTTAAGATCTGACTATACAT,-1.63125497726701,-1.10357914213207,-0.888087600031977,-1.20764057314368,0.382355886203857,0.560799041277529,TCTGAC
TTTAAGATAAGTATATACAT,-1.13950112434428,-1.54595949175583,-0.837488868218784,-1.17431649477296,0.355516158025634,0.321770181344055,TAAGTA
TTTAAGAGATAAATATACAT,-0.911146246474231,-1.01442278200245,-0.86412700998014,-0.929898679485608,0.076882670868217,0.089876425714746,GATAAA
TTTAAGAGGTCAATATACAT,-0.51735230545149,-0.56753934303047,-0.407549442681723,-0.497480363721228,0.081825195413752,0.08196584233006,GGTCAA
TTTAAGACGATCCTATACAT,-0.202617260068403,-0.199143353658735,-0.092216023040732,-0.164658878922623,0.062761393648318,0.075331166897059,CGATCC
TTTAAGAACAGACTATACAT,-0.742098814529362,-1.00603206523489,-0.019521913503451,-0.589217597755901,0.510715253050952,0.168941700882561,ACAGAC
TTTAAGAGTTATATATACAT,-0.60837401663466,-0.757729636591539,-0.319025994171085,-0.561709882465761,0.223043443148511,0.116768818464619,GTTATA
TTTAAGAGGAACATATACAT,-0.708996842757026,-1.00487192021244,-0.410906774179667,-0.708258512383044,0.29698326135363,0.182938979375968,GGAACA
TTTAAGACCCGAATATACAT,0.291730370642152,0.230274408803627,-0.938488633025269,-0.138827951193164,0.693207842831078,0.101095749724744,CCCGAA
TTTAAGAAATGTCTATACAT,-1.66943985970765,-1.03346885286923,-0.188593183901913,-0.963833965492932,0.742875145947258,0.652761219805347,AATGTC
TTTAAGACGTACCTATACAT,-0.844213881455113,-1.02280850429575,-0.987445197333164,-0.951489194361342,0.094570795910681,0.128932297035484,CGTACC
TTTAAGAACCGTGTATACAT,-0.660883415223141,-0.922568692272655,-0.511251598280227,-0.698234568592008,0.208186861847914,0.164878477838273,ACCGTG
TTTAAGAGGACACTATACAT,-1.78785110327638,-0.79184689030536,-0.407772234044149,-0.995823409208631,0.712291538994571,0.919770991103941,GGACAC
TTTAAGAATCCCATATACAT,-0.678252699948674,-0.940319053815462,-0.42334659223184,-0.680639448665326,0.258494494982069,0.165651188730734,ATCCCA
TTTAAGAGAGCGATATACAT,-0.811629603304707,-0.822435904698126,-0.344129182017934,-0.659398230006922,0.273084462213367,0.052744666612764,GAGCGA
TTTAAGAATATGCTATACAT,0.719544415288088,0.448372397572726,-0.277724683013756,0.296730709949019,0.5156382595153,0.14572817179235,ATATGC
TTTAAGACAACATTATACAT,0.111051424948143,0.015076069094338,0.306999992043757,0.144375828695413,0.148787704839405,0.107171254631871,CAACAT
TTTAAGAGCTACATATACAT,0.455184941577449,0.55946306168775,0.18012271901248,0.398256907425893,0.195972892767134,0.069680893120777,GCTACA
TTTAAGAGAAGACTATACAT,-0.527679076407751,-0.111875618298144,0.306158504759054,-0.111132063315614,0.416919287868811,0.059743018787801,GAAGAC
TTTAAGACTCCGTTATACAT,-0.109982734139989,0.031067662199047,-0.147779529833671,-0.075564867258205,0.094260393034488,0.043061107784813,CTCCGT
TTTAAGATTACTATATACAT,-0.39728001756077,-0.619451908555496,0.067060284671784,-0.316557213814827,0.35030254944246,0.143455884141824,TTACTA
TTTAAGACGAGACTATACAT,-0.475305185230993,-0.406103664813748,-0.272709469488932,-0.384706106511225,0.102978869848343,0.044564219247299,CGAGAC
