RBS,RBS6,AVERAGE,STD,variable,label,Group
TTTAAGAAGGAGATATACAT,AGGAGA,2.19659541032101,0.811006878271591,Rep1,2.64857538488942,First round result
CTTAAGAAGGAGATATACAT,AGGAGA,1.28844078487868,0.42919390723049,Rep1,1.39953885933387,First round result
GTTAAGAAGGAGATATACAT,AGGAGA,0.34787745461236,0.118192132308008,Rep1,0.317903212397882,First round result
ATTAAGAAGGAGATATACAT,AGGAGA,1.14382924377065,0.450810680524769,Rep1,1.53139254876384,First round result
TCTAAGAAGGAGATATACAT,AGGAGA,1.24834781983502,0.64466361116501,Rep1,1.38641178623249,First round result
TGTAAGAAGGAGATATACAT,AGGAGA,-0.073936552416386,0.045142306019131,Rep1,-0.122209374317757,First round result
TATAAGAAGGAGATATACAT,AGGAGA,0.695871525854254,0.406713364031575,Rep1,1.04003327130039,First round result
TTGAAGAAGGAGATATACAT,AGGAGA,1.39049754195138,0.077060621673975,Rep1,1.33600745380326,First round result
TTAAAGAAGGAGATATACAT,AGGAGA,0.24719179614669,0.251406383389809,Rep1,0.173382621974914,First round result
TTTCAGAAGGAGATATACAT,AGGAGA,0.82578328463029,0.663211093146167,Rep1,1.29088956970568,First round result
TTTGAGAAGGAGATATACAT,AGGAGA,1.39799946909645,0.77270580823869,Rep1,1.68789088820018,First round result
TTTTAGAAGGAGATATACAT,AGGAGA,1.58571127148736,0.81764875925483,Rep1,1.77401884599998,First round result
TTTACGAAGGAGATATACAT,AGGAGA,1.17084571167857,0.420126301258049,Rep1,1.38526467451039,First round result
TTTAGGAAGGAGATATACAT,AGGAGA,0.892541469204197,0.18859206217884,Rep1,1.08321644141345,First round result
TTTATGAAGGAGATATACAT,AGGAGA,0.160971324331802,0.246603541540149,Rep1,0.209182573969232,First round result
TTTAACAAGGAGATATACAT,AGGAGA,0.344711315367226,0.239631214689551,Rep1,0.533993286778285,First round result
TTTAAAAAGGAGATATACAT,AGGAGA,0.157934202528864,0.28941630285785,Rep1,0.38998983688577,First round result
TTTAATAAGGAGATATACAT,AGGAGA,0.200505644599252,0.273088322799709,Rep1,0.461571488855686,First round result
TTTAAGCAGGAGATATACAT,AGGAGA,0.072930421262613,0.095989758024751,Rep1,0.001240090127991,First round result
TTTAAGGAGGAGATATACAT,AGGAGA,0.311610247062988,0.230899921729821,Rep1,0.471978458076028,First round result
TTTAAGTAGGAGATATACAT,AGGAGA,-0.084975536471176,0.178496002269212,Rep1,-0.239495740441743,First round result
TTTAAGACGGAGATATACAT,CGGAGA,0.191608898535658,0.337420165699355,Rep1,0.282514207370545,First round result
TTTAAGAGGGAGATATACAT,GGGAGA,-0.570129338488704,0.534604416978108,Rep1,-0.876031574819199,First round result
TTTAAGATGGAGATATACAT,TGGAGA,0.549531112218264,0.83232708521765,Rep1,0.849143703860164,First round result
TTTAAGAACGAGATATACAT,ACGAGA,0.781724622831401,0.229269723672264,Rep1,0.877875146785819,First round result
TTTAAGAAAGAGATATACAT,AAGAGA,-0.197388416715489,0.493388536245798,Rep1,-0.432914595203639,First round result
TTTAAGAATGAGATATACAT,ATGAGA,-0.73534828493845,0.365640228610807,Rep1,-0.919853012496055,First round result
TTTAAGAAGCAGATATACAT,AGCAGA,-0.686102493383067,0.249126189753134,Rep1,-0.752244724572834,First round result
TTTAAGAAGAAGATATACAT,AGAAGA,-1.07244783698801,0.523658249652857,Rep1,-1.60057206168509,First round result
TTTAAGAAGTAGATATACAT,AGTAGA,-1.07537019508717,0.01938578790716,Rep1,-1.06730056301224,First round result
TTTAAGAAGGCGATATACAT,AGGCGA,-1.35094667748791,0.366600192890869,Rep1,-1.61377269595284,First round result
TTTAAGAAGGGGATATACAT,AGGGGA,-0.68750671080363,0.136396258937675,Rep1,-0.584397501131798,First round result
TTTAAGAAGGTGATATACAT,AGGTGA,-0.510079193643468,0.134532565086401,Rep1,-0.556984628285932,First round result
TTTAAGAAGGACATATACAT,AGGACA,-0.317300644343265,0.087205205537495,Rep1,-0.218825052693452,First round result
TTTAAGAAGGAAATATACAT,AGGAAA,-0.434692755296078,0.161681064943864,Rep1,-0.428627030078421,First round result
TTTAAGAAGGATATATACAT,AGGATA,0.472527745320328,0.538162509887555,Rep1,0.762890194295222,First round result
TTTAAGAAGGAGCTATACAT,AGGAGC,0.012737782961499,0.412632792806049,Rep1,-0.064649697458074,First round result
TTTAAGAAGGAGGTATACAT,AGGAGG,-0.116901041005489,0.077588993892099,Rep1,-0.205193007074097,First round result
TTTAAGAAGGAGTTATACAT,AGGAGT,-0.258058726996836,0.181717942794226,Rep1,-0.224575544773803,First round result
TTTAAGAAGGAGACATACAT,AGGAGA,-0.02827672011955,0.180216534049582,Rep1,-0.020067759001138,First round result
TTTAAGAAGGAGAGATACAT,AGGAGA,0.091890425683885,0.214418168218132,Rep1,0.304958659483719,First round result
TTTAAGAAGGAGAAATACAT,AGGAGA,-1.12958931986963,0.850933549166426,Rep1,-1.62972424129686,First round result
TTTAAGAAGGAGATCTACAT,AGGAGA,-1.34714658958653,0.405073023259729,Rep1,-1.58816323317499,First round result
TTTAAGAAGGAGATGTACAT,AGGAGA,-0.075959757797835,0.91723822923444,Rep1,0.605407352030845,First round result
TTTAAGAAGGAGATTTACAT,AGGAGA,0.098080022843027,0.074918429947519,Rep1,0.149306550006296,First round result
TTTAAGAAGGAGATACACAT,AGGAGA,0.174093866938719,0.198606245356516,Rep1,0.328414715907268,First round result
TTTAAGAAGGAGATAGACAT,AGGAGA,0.702610605223652,0.647904840730589,Rep1,0.944154863862761,First round result
TTTAAGAAGGAGATAAACAT,AGGAGA,1.58596525145277,0.960499268746572,Rep1,2.14118751643928,First round result
TTTAAGAAGGAGATATCCAT,AGGAGA,0.885584906852763,0.095112428123553,Rep1,0.993821372262436,First round result
TTTAAGAAGGAGATATGCAT,AGGAGA,0.152930591207924,0.266595397286402,Rep1,0.007447435767867,First round result
TTTAAGAAGGAGATATTCAT,AGGAGA,0.48207179417607,0.559437689136172,Rep1,0.789387700747612,First round result
TTTAAGAAGGAGATATAAAT,AGGAGA,0.312341158689177,0.167071132153222,Rep1,0.369832418027597,First round result
TTTAAGAAGGAGATATAGAT,AGGAGA,0.180488460615502,0.301378142400095,Rep1,0.288650757301438,First round result
TTTAAGAAGGAGATATATAT,AGGAGA,0.165503431001891,0.258097737165878,Rep1,0.406709239126508,First round result
TTTAAGAAGGAGATATACCT,AGGAGA,0.249988787981854,0.357449906382034,Rep1,0.360508401918088,First round result
TTTAAGAAGGAGATATACGT,AGGAGA,0.367271377053671,0.240149735140421,Rep1,0.529648753230996,First round result
TTTAAGAAGGAGATATACTT,AGGAGA,0.396031690190798,0.244806771026853,Rep1,0.615661114912218,First round result
TTTAAGAAGGAGATATACAC,AGGAGA,0.632781387123273,0.451285244062702,Rep1,0.746993239079922,First round result
TTTAAGAAGGAGATATACAG,AGGAGA,-0.361305714701605,0.466837705090845,Rep1,-0.544280117072535,First round result
TTTAAGAAGGAGATATACAA,AGGAGA,1.33292886727655,1.34619705163672,Rep1,2.25841304250086,First round result
TTTAAGAGTTGACTATACAT,GTTGAC,0.824515734952695,0.200206210092444,Rep1,0.800494330685627,First round result
TTTAAGATACCTGTATACAT,TACCTG,-0.478855893343384,0.825829609198965,Rep1,-1.1289940455667,First round result
TTTAAGAGAAGCGTATACAT,GAAGCG,-0.837484586073981,0.371184794776225,Rep1,-1.12371810597312,First round result
TTTAAGAGTATGCTATACAT,GTATGC,-1.02341933207537,0.229166583637798,Rep1,-0.821414344614076,First round result
TTTAAGATCACTTTATACAT,TCACTT,-1.44839014197942,0.407965394661741,Rep1,-1.70064223880422,First round result
TTTAAGAGAAGCCTATACAT,GAAGCC,-1.36667121637903,0.568826719245512,Rep1,-1.68806587888591,First round result
TTTAAGAATAGAATATACAT,ATAGAA,-1.29563261937339,0.333188209233843,Rep1,-1.53683722910946,First round result
TTTAAGATCTGACTATACAT,TCTGAC,-1.20764057314368,0.382355886203857,Rep1,-1.63125497726701,First round result
TTTAAGATAAGTATATACAT,TAAGTA,-1.17431649477296,0.355516158025634,Rep1,-1.13950112434428,First round result
TTTAAGAGATAAATATACAT,GATAAA,-0.929898679485608,0.076882670868217,Rep1,-0.911146246474231,First round result
TTTAAGAGGTCAATATACAT,GGTCAA,-0.497480363721228,0.081825195413752,Rep1,-0.51735230545149,First round result
TTTAAGACGATCCTATACAT,CGATCC,-0.164658878922623,0.062761393648318,Rep1,-0.202617260068403,First round result
TTTAAGAACAGACTATACAT,ACAGAC,-0.589217597755901,0.510715253050952,Rep1,-0.742098814529362,First round result
TTTAAGAGTTATATATACAT,GTTATA,-0.561709882465761,0.223043443148511,Rep1,-0.60837401663466,First round result
TTTAAGAGGAACATATACAT,GGAACA,-0.708258512383044,0.29698326135363,Rep1,-0.708996842757026,First round result
TTTAAGACCCGAATATACAT,CCCGAA,-0.138827951193164,0.693207842831078,Rep1,0.291730370642152,First round result
TTTAAGAAATGTCTATACAT,AATGTC,-0.963833965492932,0.742875145947258,Rep1,-1.66943985970765,First round result
TTTAAGACGTACCTATACAT,CGTACC,-0.951489194361342,0.094570795910681,Rep1,-0.844213881455113,First round result
TTTAAGAACCGTGTATACAT,ACCGTG,-0.698234568592008,0.208186861847914,Rep1,-0.660883415223141,First round result
TTTAAGAGGACACTATACAT,GGACAC,-0.995823409208631,0.712291538994571,Rep1,-1.78785110327638,First round result
TTTAAGAATCCCATATACAT,ATCCCA,-0.680639448665326,0.258494494982069,Rep1,-0.678252699948674,First round result
TTTAAGAGAGCGATATACAT,GAGCGA,-0.659398230006922,0.273084462213367,Rep1,-0.811629603304707,First round result
TTTAAGAATATGCTATACAT,ATATGC,0.296730709949019,0.5156382595153,Rep1,0.719544415288088,First round result
TTTAAGACAACATTATACAT,CAACAT,0.144375828695413,0.148787704839405,Rep1,0.111051424948143,First round result
TTTAAGAGCTACATATACAT,GCTACA,0.398256907425893,0.195972892767134,Rep1,0.455184941577449,First round result
TTTAAGAGAAGACTATACAT,GAAGAC,-0.111132063315614,0.416919287868811,Rep1,-0.527679076407751,First round result
TTTAAGACTCCGTTATACAT,CTCCGT,-0.075564867258205,0.094260393034488,Rep1,-0.109982734139989,First round result
TTTAAGATTACTATATACAT,TTACTA,-0.316557213814827,0.35030254944246,Rep1,-0.39728001756077,First round result
TTTAAGACGAGACTATACAT,CGAGAC,-0.384706106511225,0.102978869848343,Rep1,-0.475305185230993,First round result
TTTAAGAAGGAGATATACAT,AGGAGA,2.19659541032101,0.811006878271591,Rep2,2.68089954067097,First round result
CTTAAGAAGGAGATATACAT,AGGAGA,1.28844078487868,0.42919390723049,Rep2,1.65116238180204,First round result
GTTAAGAAGGAGATATACAT,AGGAGA,0.34787745461236,0.118192132308008,Rep2,0.478170858038753,First round result
ATTAAGAAGGAGATATACAT,AGGAGA,1.14382924377065,0.450810680524769,Rep2,1.25100653057023,First round result
TCTAAGAAGGAGATATACAT,AGGAGA,1.24834781983502,0.64466361116501,Rep2,1.8127942715078,First round result
TGTAAGAAGGAGATATACAT,AGGAGA,-0.073936552416386,0.045142306019131,Rep2,-0.066833308874723,First round result
TATAAGAAGGAGATATACAT,AGGAGA,0.695871525854254,0.406713364031575,Rep2,0.800522075652166,First round result
TTGAAGAAGGAGATATACAT,AGGAGA,1.39049754195138,0.077060621673975,Rep2,1.4449876300995,First round result
TTAAAGAAGGAGATATACAT,AGGAGA,0.24719179614669,0.251406383389809,Rep2,0.040951726772265,First round result
TTTCAGAAGGAGATATACAT,AGGAGA,0.82578328463029,0.663211093146167,Rep2,1.12011348948523,First round result
TTTGAGAAGGAGATATACAT,AGGAGA,1.39799946909645,0.77270580823869,Rep2,1.98383860471676,First round result
TTTTAGAAGGAGATATACAT,AGGAGA,1.58571127148736,0.81764875925483,Rep2,2.29277823193223,First round result
TTTACGAAGGAGATATACAT,AGGAGA,1.17084571167857,0.420126301258049,Rep2,1.440497597734,First round result
TTTAGGAAGGAGATATACAT,AGGAGA,0.892541469204197,0.18859206217884,Rep2,0.888304241862196,First round result
TTTATGAAGGAGATATACAT,AGGAGA,0.160971324331802,0.246603541540149,Rep2,-0.106177636656499,First round result
TTTAACAAGGAGATATACAT,AGGAGA,0.344711315367226,0.239631214689551,Rep2,0.424862693704429,First round result
TTTAAAAAGGAGATATACAT,AGGAGA,0.157934202528864,0.28941630285785,Rep2,0.250171680784665,First round result
TTTAATAAGGAGATATACAT,AGGAGA,0.200505644599252,0.273088322799709,Rep2,0.223141586054875,First round result
TTTAAGCAGGAGATATACAT,AGGAGA,0.072930421262613,0.095989758024751,Rep2,0.18198355061807,First round result
TTTAAGGAGGAGATATACAT,AGGAGA,0.311610247062988,0.230899921729821,Rep2,0.415888336944021,First round result
TTTAAGTAGGAGATATACAT,AGGAGA,-0.084975536471176,0.178496002269212,Rep2,-0.125840168347016,First round result
TTTAAGACGGAGATATACAT,CGGAGA,0.191608898535658,0.337420165699355,Rep2,0.474263752169775,First round result
TTTAAGAGGGAGATATACAT,GGGAGA,-0.570129338488704,0.534604416978108,Rep2,-0.881526956736625,First round result
TTTAAGATGGAGATATACAT,TGGAGA,0.549531112218264,0.83232708521765,Rep2,1.19057410544304,First round result
TTTAAGAACGAGATATACAT,ACGAGA,0.781724622831401,0.229269723672264,Rep2,0.947263297080797,First round result
TTTAAGAAAGAGATATACAT,AAGAGA,-0.197388416715489,0.493388536245798,Rep2,-0.528877831230544,First round result
TTTAAGAATGAGATATACAT,ATGAGA,-0.73534828493845,0.365640228610807,Rep2,-0.971974745212268,First round result
TTTAAGAAGCAGATATACAT,AGCAGA,-0.686102493383067,0.249126189753134,Rep2,-0.895482944829611,First round result
TTTAAGAAGAAGATATACAT,AGAAGA,-1.07244783698801,0.523658249652857,Rep2,-1.06339859665883,First round result
TTTAAGAAGTAGATATACAT,AGTAGA,-1.07537019508717,0.01938578790716,Rep2,-1.0974873105197,First round result
TTTAAGAAGGCGATATACAT,AGGCGA,-1.35094667748791,0.366600192890869,Rep2,-1.50691419028335,First round result
TTTAAGAAGGGGATATACAT,AGGGGA,-0.68750671080363,0.136396258937675,Rep2,-0.635957932509644,First round result
TTTAAGAAGGTGATATACAT,AGGTGA,-0.510079193643468,0.134532565086401,Rep2,-0.614879824112763,First round result
TTTAAGAAGGACATATACAT,AGGACA,-0.317300644343265,0.087205205537495,Rep2,-0.384750146835891,First round result
TTTAAGAAGGAAATATACAT,AGGAAA,-0.434692755296078,0.161681064943864,Rep2,-0.599321323276584,First round result
TTTAAGAAGGATATATACAT,AGGATA,0.472527745320328,0.538162509887555,Rep2,0.803147028627324,First round result
TTTAAGAAGGAGCTATACAT,AGGAGC,0.012737782961499,0.412632792806049,Rep2,-0.355722262399538,First round result
TTTAAGAAGGAGGTATACAT,AGGAGG,-0.116901041005489,0.077588993892099,Rep2,-0.085925043506222,First round result
TTTAAGAAGGAGTTATACAT,AGGAGT,-0.258058726996836,0.181717942794226,Rep2,-0.454189749554383,First round result
TTTAAGAAGGAGACATACAT,AGGAGA,-0.02827672011955,0.180216534049582,Rep2,0.147695057786544,First round result
TTTAAGAAGGAGAGATACAT,AGGAGA,0.091890425683885,0.214418168218132,Rep2,0.094565267533163,First round result
TTTAAGAAGGAGAAATACAT,AGGAGA,-1.12958931986963,0.850933549166426,Rep2,-1.61197438346985,First round result
TTTAAGAAGGAGATCTACAT,AGGAGA,-1.34714658958653,0.405073023259729,Rep2,-1.57379441033883,First round result
TTTAAGAAGGAGATGTACAT,AGGAGA,-0.075959757797835,0.91723822923444,Rep2,0.285588924800398,First round result
TTTAAGAAGGAGATTTACAT,AGGAGA,0.098080022843027,0.074918429947519,Rep2,0.012095794949941,First round result
TTTAAGAAGGAGATACACAT,AGGAGA,0.174093866938719,0.198606245356516,Rep2,0.2438458223781,First round result
TTTAAGAAGGAGATAGACAT,AGGAGA,0.702610605223652,0.647904840730589,Rep2,1.19504558690412,First round result
TTTAAGAAGGAGATAAACAT,AGGAGA,1.58596525145277,0.960499268746572,Rep2,2.13983173297575,First round result
TTTAAGAAGGAGATATCCAT,AGGAGA,0.885584906852763,0.095112428123553,Rep2,0.815341394296916,First round result
TTTAAGAAGGAGATATGCAT,AGGAGA,0.152930591207924,0.266595397286402,Rep2,-0.009272706450716,First round result
TTTAAGAAGGAGATATTCAT,AGGAGA,0.48207179417607,0.559437689136172,Rep2,0.820489270272934,First round result
TTTAAGAAGGAGATATAAAT,AGGAGA,0.312341158689177,0.167071132153222,Rep2,0.44307540086504,First round result
TTTAAGAAGGAGATATAGAT,AGGAGA,0.180488460615502,0.301378142400095,Rep2,0.412858831553283,First round result
TTTAAGAAGGAGATATATAT,AGGAGA,0.165503431001891,0.258097737165878,Rep2,0.196489644376684,First round result
TTTAAGAAGGAGATATACCT,AGGAGA,0.249988787981854,0.357449906382034,Rep2,0.539126275971268,First round result
TTTAAGAAGGAGATATACGT,AGGAGA,0.367271377053671,0.240149735140421,Rep2,0.480754428227132,First round result
TTTAAGAAGGAGATATACTT,AGGAGA,0.396031690190798,0.244806771026853,Rep2,0.440335574981755,First round result
TTTAAGAAGGAGATATACAC,AGGAGA,0.632781387123273,0.451285244062702,Rep2,1.01598797648287,First round result
TTTAAGAAGGAGATATACAG,AGGAGA,-0.361305714701605,0.466837705090845,Rep2,-0.708940044475666,First round result
TTTAAGAAGGAGATATACAA,AGGAGA,1.33292886727655,1.34619705163672,Rep2,1.95178549586762,First round result
TTTAAGAGTTGACTATACAT,GTTGAC,0.824515734952695,0.200206210092444,Rep2,0.637403973103989,First round result
TTTAAGATACCTGTATACAT,TACCTG,-0.478855893343384,0.825829609198965,Rep2,-0.757926561576901,First round result
TTTAAGAGAAGCGTATACAT,GAAGCG,-0.837484586073981,0.371184794776225,Rep2,-0.970648355546376,First round result
TTTAAGAGTATGCTATACAT,GTATGC,-1.02341933207537,0.229166583637798,Rep2,-1.27245159253147,First round result
TTTAAGATCACTTTATACAT,TCACTT,-1.44839014197942,0.407965394661741,Rep2,-1.66681078558006,First round result
TTTAAGAGAAGCCTATACAT,GAAGCC,-1.36667121637903,0.568826719245512,Rep2,-1.70205143925566,First round result
TTTAAGAATAGAATATACAT,ATAGAA,-1.29563261937339,0.333188209233843,Rep2,-1.43460618964403,First round result
TTTAAGATCTGACTATACAT,TCTGAC,-1.20764057314368,0.382355886203857,Rep2,-1.10357914213207,First round result
TTTAAGATAAGTATATACAT,TAAGTA,-1.17431649477296,0.355516158025634,Rep2,-1.54595949175583,First round result
TTTAAGAGATAAATATACAT,GATAAA,-0.929898679485608,0.076882670868217,Rep2,-1.01442278200245,First round result
TTTAAGAGGTCAATATACAT,GGTCAA,-0.497480363721228,0.081825195413752,Rep2,-0.56753934303047,First round result
TTTAAGACGATCCTATACAT,CGATCC,-0.164658878922623,0.062761393648318,Rep2,-0.199143353658735,First round result
TTTAAGAACAGACTATACAT,ACAGAC,-0.589217597755901,0.510715253050952,Rep2,-1.00603206523489,First round result
TTTAAGAGTTATATATACAT,GTTATA,-0.561709882465761,0.223043443148511,Rep2,-0.757729636591539,First round result
TTTAAGAGGAACATATACAT,GGAACA,-0.708258512383044,0.29698326135363,Rep2,-1.00487192021244,First round result
TTTAAGACCCGAATATACAT,CCCGAA,-0.138827951193164,0.693207842831078,Rep2,0.230274408803627,First round result
TTTAAGAAATGTCTATACAT,AATGTC,-0.963833965492932,0.742875145947258,Rep2,-1.03346885286923,First round result
TTTAAGACGTACCTATACAT,CGTACC,-0.951489194361342,0.094570795910681,Rep2,-1.02280850429575,First round result
TTTAAGAACCGTGTATACAT,ACCGTG,-0.698234568592008,0.208186861847914,Rep2,-0.922568692272655,First round result
TTTAAGAGGACACTATACAT,GGACAC,-0.995823409208631,0.712291538994571,Rep2,-0.79184689030536,First round result
TTTAAGAATCCCATATACAT,ATCCCA,-0.680639448665326,0.258494494982069,Rep2,-0.940319053815462,First round result
TTTAAGAGAGCGATATACAT,GAGCGA,-0.659398230006922,0.273084462213367,Rep2,-0.822435904698126,First round result
TTTAAGAATATGCTATACAT,ATATGC,0.296730709949019,0.5156382595153,Rep2,0.448372397572726,First round result
TTTAAGACAACATTATACAT,CAACAT,0.144375828695413,0.148787704839405,Rep2,0.015076069094338,First round result
TTTAAGAGCTACATATACAT,GCTACA,0.398256907425893,0.195972892767134,Rep2,0.55946306168775,First round result
TTTAAGAGAAGACTATACAT,GAAGAC,-0.111132063315614,0.416919287868811,Rep2,-0.111875618298144,First round result
TTTAAGACTCCGTTATACAT,CTCCGT,-0.075564867258205,0.094260393034488,Rep2,0.031067662199047,First round result
TTTAAGATTACTATATACAT,TTACTA,-0.316557213814827,0.35030254944246,Rep2,-0.619451908555496,First round result
TTTAAGACGAGACTATACAT,CGAGAC,-0.384706106511225,0.102978869848343,Rep2,-0.406103664813748,First round result
TTTAAGAAGGAGATATACAT,AGGAGA,2.19659541032101,0.811006878271591,Rep3,1.26031130540265,First round result
CTTAAGAAGGAGATATACAT,AGGAGA,1.28844078487868,0.42919390723049,Rep3,0.814621113500142,First round result
GTTAAGAAGGAGATATACAT,AGGAGA,0.34787745461236,0.118192132308008,Rep3,0.247558293400444,First round result
ATTAAGAAGGAGATATACAT,AGGAGA,1.14382924377065,0.450810680524769,Rep3,0.649088651977891,First round result
TCTAAGAAGGAGATATACAT,AGGAGA,1.24834781983502,0.64466361116501,Rep3,0.545837401764774,First round result
TGTAAGAAGGAGATATACAT,AGGAGA,-0.073936552416386,0.045142306019131,Rep3,-0.032766974056679,First round result
TATAAGAAGGAGATATACAT,AGGAGA,0.695871525854254,0.406713364031575,Rep3,0.247059230610209,First round result
TTAAAGAAGGAGATATACAT,AGGAGA,0.24719179614669,0.251406383389809,Rep3,0.527241039692892,First round result
TTTCAGAAGGAGATATACAT,AGGAGA,0.82578328463029,0.663211093146167,Rep3,0.066346794699965,First round result
TTTGAGAAGGAGATATACAT,AGGAGA,1.39799946909645,0.77270580823869,Rep3,0.522268914372405,First round result
TTTTAGAAGGAGATATACAT,AGGAGA,1.58571127148736,0.81764875925483,Rep3,0.690336736529862,First round result
TTTACGAAGGAGATATACAT,AGGAGA,1.17084571167857,0.420126301258049,Rep3,0.686774862791329,First round result
TTTAGGAAGGAGATATACAT,AGGAGA,0.892541469204197,0.18859206217884,Rep3,0.706103724336943,First round result
TTTATGAAGGAGATATACAT,AGGAGA,0.160971324331802,0.246603541540149,Rep3,0.379909035682672,First round result
TTTAACAAGGAGATATACAT,AGGAGA,0.344711315367226,0.239631214689551,Rep3,0.075277965618964,First round result
TTTAAAAAGGAGATATACAT,AGGAGA,0.157934202528864,0.28941630285785,Rep3,-0.166358910083844,First round result
TTTAATAAGGAGATATACAT,AGGAGA,0.200505644599252,0.273088322799709,Rep3,-0.083196141112804,First round result
TTTAAGCAGGAGATATACAT,AGGAGA,0.072930421262613,0.095989758024751,Rep3,0.03556762304178,First round result
TTTAAGGAGGAGATATACAT,AGGAGA,0.311610247062988,0.230899921729821,Rep3,0.046963946168917,First round result
TTTAAGTAGGAGATATACAT,AGGAGA,-0.084975536471176,0.178496002269212,Rep3,0.110409299375231,First round result
TTTAAGACGGAGATATACAT,CGGAGA,0.191608898535658,0.337420165699355,Rep3,-0.181951263933347,First round result
TTTAAGAGGGAGATATACAT,GGGAGA,-0.570129338488704,0.534604416978108,Rep3,0.04717051608971,First round result
TTTAAGATGGAGATATACAT,TGGAGA,0.549531112218264,0.83232708521765,Rep3,-0.39112447264841,First round result
TTTAAGAACGAGATATACAT,ACGAGA,0.781724622831401,0.229269723672264,Rep3,0.520035424627586,First round result
TTTAAGAAAGAGATATACAT,AAGAGA,-0.197388416715489,0.493388536245798,Rep3,0.369627176287716,First round result
TTTAAGAATGAGATATACAT,ATGAGA,-0.73534828493845,0.365640228610807,Rep3,-0.314217097107028,First round result
TTTAAGAAGCAGATATACAT,AGCAGA,-0.686102493383067,0.249126189753134,Rep3,-0.410579810746755,First round result
TTTAAGAAGAAGATATACAT,AGAAGA,-1.07244783698801,0.523658249652857,Rep3,-0.55337285262009,First round result
TTTAAGAAGTAGATATACAT,AGTAGA,-1.07537019508717,0.01938578790716,Rep3,-1.06132271172957,First round result
TTTAAGAAGGCGATATACAT,AGGCGA,-1.35094667748791,0.366600192890869,Rep3,-0.932153146227549,First round result
TTTAAGAAGGGGATATACAT,AGGGGA,-0.68750671080363,0.136396258937675,Rep3,-0.842164698769446,First round result
TTTAAGAAGGTGATATACAT,AGGTGA,-0.510079193643468,0.134532565086401,Rep3,-0.358373128531709,First round result
TTTAAGAAGGACATATACAT,AGGACA,-0.317300644343265,0.087205205537495,Rep3,-0.348326733500453,First round result
TTTAAGAAGGAAATATACAT,AGGAAA,-0.434692755296078,0.161681064943864,Rep3,-0.276129912533229,First round result
TTTAAGAAGGATATATACAT,AGGATA,0.472527745320328,0.538162509887555,Rep3,-0.148453986961561,First round result
TTTAAGAAGGAGCTATACAT,AGGAGC,0.012737782961499,0.412632792806049,Rep3,0.458585308742109,First round result
TTTAAGAAGGAGGTATACAT,AGGAGG,-0.116901041005489,0.077588993892099,Rep3,-0.059585072436149,First round result
TTTAAGAAGGAGTTATACAT,AGGAGT,-0.258058726996836,0.181717942794226,Rep3,-0.095410886662322,First round result
TTTAAGAAGGAGACATACAT,AGGAGA,-0.02827672011955,0.180216534049582,Rep3,-0.212457459144055,First round result
TTTAAGAAGGAGAGATACAT,AGGAGA,0.091890425683885,0.214418168218132,Rep3,-0.123852649965227,First round result
TTTAAGAAGGAGAAATACAT,AGGAGA,-1.12958931986963,0.850933549166426,Rep3,-0.147069334842184,First round result
TTTAAGAAGGAGATCTACAT,AGGAGA,-1.34714658958653,0.405073023259729,Rep3,-0.879482125245763,First round result
TTTAAGAAGGAGATGTACAT,AGGAGA,-0.075959757797835,0.91723822923444,Rep3,-1.11887555022475,First round result
TTTAAGAAGGAGATTTACAT,AGGAGA,0.098080022843027,0.074918429947519,Rep3,0.132837723572843,First round result
TTTAAGAAGGAGATACACAT,AGGAGA,0.174093866938719,0.198606245356516,Rep3,-0.04997893746921,First round result
TTTAAGAAGGAGATAGACAT,AGGAGA,0.702610605223652,0.647904840730589,Rep3,-0.031368635095924,First round result
TTTAAGAAGGAGATAAACAT,AGGAGA,1.58596525145277,0.960499268746572,Rep3,0.476876504943273,First round result
TTTAAGAAGGAGATATCCAT,AGGAGA,0.885584906852763,0.095112428123553,Rep3,0.847591953998937,First round result
TTTAAGAAGGAGATATGCAT,AGGAGA,0.152930591207924,0.266595397286402,Rep3,0.46061704430662,First round result
TTTAAGAAGGAGATATTCAT,AGGAGA,0.48207179417607,0.559437689136172,Rep3,-0.163661588492336,First round result
TTTAAGAAGGAGATATAAAT,AGGAGA,0.312341158689177,0.167071132153222,Rep3,0.124115657174893,First round result
TTTAAGAAGGAGATATAGAT,AGGAGA,0.180488460615502,0.301378142400095,Rep3,-0.160044207008215,First round result
TTTAAGAAGGAGATATATAT,AGGAGA,0.165503431001891,0.258097737165878,Rep3,-0.106688590497519,First round result
TTTAAGAAGGAGATATACCT,AGGAGA,0.249988787981854,0.357449906382034,Rep3,-0.149668313943793,First round result
TTTAAGAAGGAGATATACGT,AGGAGA,0.367271377053671,0.240149735140421,Rep3,0.091410949702886,First round result
TTTAAGAAGGAGATATACTT,AGGAGA,0.396031690190798,0.244806771026853,Rep3,0.132098380678422,First round result
TTTAAGAAGGAGATATACAC,AGGAGA,0.632781387123273,0.451285244062702,Rep3,0.135362945807028,First round result
TTTAAGAAGGAGATATACAG,AGGAGA,-0.361305714701605,0.466837705090845,Rep3,0.169303017443385,First round result
TTTAAGAAGGAGATATACAA,AGGAGA,1.33292886727655,1.34619705163672,Rep3,-0.211411936538814,First round result
TTTAAGAGTTGACTATACAT,GTTGAC,0.824515734952695,0.200206210092444,Rep3,1.03564890106847,First round result
TTTAAGATACCTGTATACAT,TACCTG,-0.478855893343384,0.825829609198965,Rep3,0.45035292711345,First round result
TTTAAGAGAAGCGTATACAT,GAAGCG,-0.837484586073981,0.371184794776225,Rep3,-0.418087296702448,First round result
TTTAAGAGTATGCTATACAT,GTATGC,-1.02341933207537,0.229166583637798,Rep3,-0.976392059080572,First round result
TTTAAGATCACTTTATACAT,TCACTT,-1.44839014197942,0.407965394661741,Rep3,-0.977717401553979,First round result
TTTAAGAGAAGCCTATACAT,GAAGCC,-1.36667121637903,0.568826719245512,Rep3,-0.70989633099551,First round result
TTTAAGAATAGAATATACAT,ATAGAA,-1.29563261937339,0.333188209233843,Rep3,-0.915454439366682,First round result
TTTAAGATCTGACTATACAT,TCTGAC,-1.20764057314368,0.382355886203857,Rep3,-0.888087600031977,First round result
TTTAAGATAAGTATATACAT,TAAGTA,-1.17431649477296,0.355516158025634,Rep3,-0.837488868218784,First round result
TTTAAGAGATAAATATACAT,GATAAA,-0.929898679485608,0.076882670868217,Rep3,-0.86412700998014,First round result
TTTAAGAGGTCAATATACAT,GGTCAA,-0.497480363721228,0.081825195413752,Rep3,-0.407549442681723,First round result
TTTAAGACGATCCTATACAT,CGATCC,-0.164658878922623,0.062761393648318,Rep3,-0.092216023040732,First round result
TTTAAGAACAGACTATACAT,ACAGAC,-0.589217597755901,0.510715253050952,Rep3,-0.019521913503451,First round result
TTTAAGAGTTATATATACAT,GTTATA,-0.561709882465761,0.223043443148511,Rep3,-0.319025994171085,First round result
TTTAAGAGGAACATATACAT,GGAACA,-0.708258512383044,0.29698326135363,Rep3,-0.410906774179667,First round result
TTTAAGACCCGAATATACAT,CCCGAA,-0.138827951193164,0.693207842831078,Rep3,-0.938488633025269,First round result
TTTAAGAAATGTCTATACAT,AATGTC,-0.963833965492932,0.742875145947258,Rep3,-0.188593183901913,First round result
TTTAAGACGTACCTATACAT,CGTACC,-0.951489194361342,0.094570795910681,Rep3,-0.987445197333164,First round result
TTTAAGAACCGTGTATACAT,ACCGTG,-0.698234568592008,0.208186861847914,Rep3,-0.511251598280227,First round result
TTTAAGAGGACACTATACAT,GGACAC,-0.995823409208631,0.712291538994571,Rep3,-0.407772234044149,First round result
TTTAAGAATCCCATATACAT,ATCCCA,-0.680639448665326,0.258494494982069,Rep3,-0.42334659223184,First round result
TTTAAGAGAGCGATATACAT,GAGCGA,-0.659398230006922,0.273084462213367,Rep3,-0.344129182017934,First round result
TTTAAGAATATGCTATACAT,ATATGC,0.296730709949019,0.5156382595153,Rep3,-0.277724683013756,First round result
TTTAAGACAACATTATACAT,CAACAT,0.144375828695413,0.148787704839405,Rep3,0.306999992043757,First round result
TTTAAGAGCTACATATACAT,GCTACA,0.398256907425893,0.195972892767134,Rep3,0.18012271901248,First round result
TTTAAGAGAAGACTATACAT,GAAGAC,-0.111132063315614,0.416919287868811,Rep3,0.306158504759054,First round result
TTTAAGACTCCGTTATACAT,CTCCGT,-0.075564867258205,0.094260393034488,Rep3,-0.147779529833671,First round result
TTTAAGATTACTATATACAT,TTACTA,-0.316557213814827,0.35030254944246,Rep3,0.067060284671784,First round result
TTTAAGACGAGACTATACAT,CGAGAC,-0.384706106511225,0.102978869848343,Rep3,-0.272709469488932,First round result
TTAAGTAAGCGGGGAAAATA,AGCGGG,1.58892849928524,,no,1.58892849928524,Baseline data
TTAAGTAGACGCGGAAAATA,GACGCG,-0.919133782375081,,no,-0.919133782375081,Baseline data
TTAAGTAAGCGCGGAAAATA,AGCGCG,-0.712665516146235,,no,-0.712665516146235,Baseline data
TTAAGTAAACGAGGAAAATA,AACGAG,-0.08530949273897,,no,-0.08530949273897,Baseline data
TTAAGTAGGCGAGGAAAATA,GGCGAG,0.185866806714363,0.488244927033951,no,0.5311081055,Baseline data
TTAAGTAGGCGCGGAAAATA,GGCGCG,-0.810057036620565,,no,-0.810057036620565,Baseline data
TTAAGTAAACGGGGAAAATA,AACGGG,-0.371970912159466,3.10627896064654E-05,no,-0.371948947450293,Baseline data
TTAAGTAAACGCGGAAAATA,AACGCG,-0.879860882373253,,no,-0.879860882373253,Baseline data
TTAAGTAGACGAGGAAAATA,GACGAG,-0.653800095561841,,no,-0.653800095561841,Baseline data
TTAAGTAGGCGGGGAAAATA,GGCGGG,-0.159374492071275,,no,-0.159374492071275,Baseline data
TTAAGTAGGCGAGGAAAATA,GGCGAG,0.185866806714363,0.488244927033951,no,-0.159374492071275,Baseline data
TTAAGTAGACGGGGAAAATA,GACGGG,-0.790420586619651,,no,-0.790420586619651,Baseline data
TTAAGTAAACGGGGAAAATA,AACGGG,-0.371970912159466,3.10627896064654E-05,no,-0.37199287686864,Baseline data
AGCATCTAAGGGGGATACTA,AAGGGG,1.26877089837548,,no,1.26877089837548,Baseline data
AGCATCTAAGAGGGGTACTA,AAGAGG,0.23063088400951,,no,0.23063088400951,Baseline data
AGCATCTAAGGGGGGTACTA,AAGGGG,2.08164085546028,,no,2.08164085546028,Baseline data
AGCATCTAAGGGGGCTACTA,AAGGGG,-0.317915762884021,,no,-0.317915762884021,Baseline data
AGCATCTAAGAGGGATACTA,AAGAGG,-0.732785189748961,,no,-0.732785189748961,Baseline data
AGCATCTAAGAGCGATACTA,AAGAGC,-0.91671766436602,,no,-0.91671766436602,Baseline data
AGCATCTAAGGGCGGTACTA,AAGGGC,-0.750466780633452,0.208276004311149,no,-0.6031934056266,Baseline data
AGCATCTAAGAGGGCTACTA,AAGAGG,-0.810496330804031,0.109900149627568,no,-0.732785189748961,Baseline data
AGCATCTAAGGGCGCTACTA,AAGGGC,-0.897740155640305,,no,-0.897740155640305,Baseline data
AGCATCTAAGAGCGGTACTA,AAGAGC,-0.851394619284681,,no,-0.851394619284681,Baseline data
AGCATCTAAGGGCGATACTA,AAGGGC,-0.883902388861137,,no,-0.883902388861137,Baseline data
AGCATCTAAGAGCGCTACTA,AAGAGC,-0.93767199691733,,no,-0.93767199691733,Baseline data
AGCATCTAAGGGCGGTACTA,AAGGGC,-0.750466780633452,0.208276004311149,no,-0.897740155640305,Baseline data
AGCATCTAAGAGGGCTACTA,AAGAGG,-0.810496330804031,0.109900149627568,no,-0.8882074718591,Baseline data
TTTAAGGAAGGAACGTACAT,AAGGAA,-0.294574598602547,0.868779140364204,no,-0.045685157390371,Baseline data
TTTAAGGACGTAACGTACAT,ACGTAA,0.03304514617034,1.4315487027127,no,2.52761231051459,Baseline data
TTTAAGGAAGGAACGTACAT,AAGGAA,-0.294574598602547,0.868779140364204,no,-0.732785189748961,Baseline data
TTTAAGGAAGAAACGTACAT,AAGAAA,0.171187059416886,1.42906235081874,no,1.37068714893951,Baseline data
TTTAAGGAAGAAACGTACAT,AAGAAA,0.171187059416886,1.42906235081874,no,-0.554475680680262,Baseline data
TTTAAGGAGGAAACGTACAT,AGGAAA,-0.643630435214611,0.126083863012521,no,-0.732785189748961,Baseline data
TTTAAGGAAGGAACGTACAT,AAGGAA,-0.294574598602547,0.868779140364204,no,-0.893215425550608,Baseline data
TTTAAGGACGTAACGTACAT,ACGTAA,0.03304514617034,1.4315487027127,no,-0.045685157390371,Baseline data
TTTAAGGAAGTAACGTACAT,AAGTAA,-0.08831865789571,0.972172126312607,no,0.59911084510048,Baseline data
TTTAAGGAAGGAACGTACAT,AAGGAA,-0.294574598602547,0.868779140364204,no,1.37068714893951,Baseline data
TTTAAGGACGTAACGTACAT,ACGTAA,0.03304514617034,1.4315487027127,no,-0.732785189748961,Baseline data
TTTAAGGACGTAACGTACAT,ACGTAA,0.03304514617034,1.4315487027127,no,-0.893215425550608,Baseline data
TTTAAGGACGGAACGTACAT,ACGGAA,0.26744373658393,0.890404162792774,no,1.37068714893951,Baseline data
TTTAAGGACGGAACGTACAT,ACGGAA,0.26744373658393,0.890404162792774,no,-0.345547367024009,Baseline data
TTTAAGGACGTAACGTACAT,ACGTAA,0.03304514617034,1.4315487027127,no,-0.690700806972954,Baseline data
TTTAAGGAAGAAACGTACAT,AAGAAA,0.171187059416886,1.42906235081874,no,-0.690700806972954,Baseline data
TTTAAGGACGGAACGTACAT,ACGGAA,0.26744373658393,0.890404162792774,no,-0.554475680680262,Baseline data
TTTAAGGACGAAACGTACAT,ACGAAA,-0.589677787915308,0.212467693124935,no,-0.732785189748961,Baseline data
TTTAAGGAAGAAACGTACAT,AAGAAA,0.171187059416886,1.42906235081874,no,-0.893215425550608,Baseline data
TTTAAGGACGAAACGTACAT,ACGAAA,-0.589677787915308,0.212467693124935,no,-0.345547367024009,Baseline data
TTTAAGGAAGGAACGTACAT,AAGGAA,-0.294574598602547,0.868779140364204,no,-0.775748160891899,Baseline data
TTTAAGGAGGGAACGTACAT,AGGGAA,-0.775748160891899,,no,-0.775748160891899,Baseline data
TTTAAGGACGAAACGTACAT,ACGAAA,-0.589677787915308,0.212467693124935,no,-0.690700806972954,Baseline data
TTTAAGGAGGTAACGTACAT,AGGTAA,-0.732785189748961,,no,-0.732785189748961,Baseline data
TTTAAGGAAGTAACGTACAT,AAGTAA,-0.08831865789571,0.972172126312607,no,-0.775748160891899,Baseline data
TTTAAGGAGGAAACGTACAT,AGGAAA,-0.643630435214611,0.126083863012521,no,-0.554475680680262,Baseline data
TTTAAGGAAGAAACGTACAT,AAGAAA,0.171187059416886,1.42906235081874,no,2.52761231051459,Baseline data
TTTAAGGACGGAACGTACAT,ACGGAA,0.26744373658393,0.890404162792774,no,0.59911084510048,Baseline data
TTTAAGGAAGGAACGTACAT,AAGGAA,-0.294574598602547,0.868779140364204,no,-0.690700806972954,Baseline data
TTTAAGGAAGAAACGTACAT,AAGAAA,0.171187059416886,1.42906235081874,no,-0.732785189748961,Baseline data
AAAGATGAGGAGTGCAAAAA,AGGAGT,0.137764093624876,,no,0.137764093624876,Baseline data
AAAGATGAGGAGTACAAAAA,AGGAGT,0.678974527654531,,no,0.678974527654531,Baseline data
AAATATGAGGAGTACAAAAA,AGGAGT,2.87535758614598,,no,2.87535758614598,Baseline data
AAATATGAGGAGTGCAAAAA,AGGAGT,1.38325096258663,,no,1.38325096258663,Baseline data
AAAGATGAGGCGTACAAAAA,AGGCGT,-0.741043920398115,,no,-0.741043920398115,Baseline data
AAAGATGAGGCGTGCAAAAA,AGGCGT,-0.895280108212897,,no,-0.895280108212897,Baseline data
AAATATGAGGCGTACAAAAA,AGGCGT,-0.474699856962904,,no,-0.474699856962904,Baseline data
AAATATGAGGCGTGCAAAAA,AGGCGT,-0.84168621783009,,no,-0.84168621783009,Baseline data
AACACGAGAGGAGGCATACG,GAGGAG,-0.711347633595838,0.173392491583122,no,-0.588740626990581,Baseline data
AACACGCGAGGAGGAATACG,GAGGAG,-0.845266465425335,0.015997336647314,no,-0.833954640201095,Baseline data
AACACGTGACGAGGAATACG,GACGAG,-0.038231799410904,1.27196278179612,no,-0.588740626990581,Baseline data
AACACGAGAGGAGGAATACG,GAGGAG,-0.626402781653034,0.213846433723592,no,-0.856578290649575,Baseline data
AACACGAGACGAGGAATACG,GACGAG,-0.259636067877581,0.700516551064276,no,-0.856578290649575,Baseline data
AACACGTGACGAGGAATACG,GACGAG,-0.038231799410904,1.27196278179612,no,0.51155951433578,Baseline data
AACACGCGACGAGGCATACG,GACGAG,-0.75975785261375,0.14853661496341,no,-0.588740626990581,Baseline data
AACACGAGAGGAGGCATACG,GAGGAG,-0.711347633595838,0.173392491583122,no,-0.833954640201095,Baseline data
AACACGTGAGGAGGAATACG,GAGGAG,-0.563986399752293,0.183984902838917,no,-0.694083372185639,Baseline data
AACACGAGAGGAGGAATACG,GAGGAG,-0.626402781653034,0.213846433723592,no,-0.588740626990581,Baseline data
AACACGTGACGAGGAATACG,GACGAG,-0.038231799410904,1.27196278179612,no,-0.833954640201095,Baseline data
AACACGCGACGAGGCATACG,GACGAG,-0.75975785261375,0.14853661496341,no,-0.833954640201095,Baseline data
AACACGAGAGGAGGAATACG,GAGGAG,-0.626402781653034,0.213846433723592,no,-0.433889427318947,Baseline data
AACACGTGAGGAGGCATACG,GAGGAG,-0.613187348300443,0.253565551557332,no,-0.433889427318947,Baseline data
AACACGTGACGAGGCATACG,GACGAG,-0.767939706780798,0.122378599464812,no,-0.833954640201095,Baseline data
AACACGTGACGAGGCATACG,GACGAG,-0.767939706780798,0.122378599464812,no,-0.856578290649575,Baseline data
AACACGAGACGAGGAATACG,GACGAG,-0.259636067877581,0.700516551064276,no,-0.433889427318947,Baseline data
AACACGTGACGAGGAATACG,GACGAG,-0.038231799410904,1.27196278179612,no,-0.79248526928194,Baseline data
AACACGCGACGAGGCATACG,GACGAG,-0.75975785261375,0.14853661496341,no,-0.856578290649575,Baseline data
AACACGTGAGGAGGCATACG,GAGGAG,-0.613187348300443,0.253565551557332,no,-0.79248526928194,Baseline data
AACACGAGACGAGGCATACG,GACGAG,-0.134481155008223,0.879608388460877,no,-0.588740626990581,Baseline data
AACACGAGACGAGGCATACG,GACGAG,-0.134481155008223,0.879608388460877,no,0.879380534151551,Baseline data
AACACGTGACGAGGCATACG,GACGAG,-0.767939706780798,0.122378599464812,no,-0.79248526928194,Baseline data
AACACGTGACGAGGAATACG,GACGAG,-0.038231799410904,1.27196278179612,no,2.33080851632199,Baseline data
AACACGAGACGAGGCATACG,GACGAG,-0.134481155008223,0.879608388460877,no,-0.694083372185639,Baseline data
AACACGAGACGAGGAATACG,GACGAG,-0.259636067877581,0.700516551064276,no,0.51155951433578,Baseline data
AACACGCGAGGAGGAATACG,GAGGAG,-0.845266465425335,0.015997336647314,no,-0.856578290649575,Baseline data
AACACGTGAGGAGGAATACG,GAGGAG,-0.563986399752293,0.183984902838917,no,-0.433889427318947,Baseline data
AACACGTGACGAGGCATACG,GACGAG,-0.767939706780798,0.122378599464812,no,-0.588740626990581,Baseline data
AACACGTGACGAGGAATACG,GACGAG,-0.038231799410904,1.27196278179612,no,-0.856578290649575,Baseline data
GCCAAATTGGGAGGTGGGCG,TGGGAG,-0.387851396891749,6.94585091307583E-05,no,-0.387807467473402,Baseline data
GCCAAATTGGGAGGTGGGCG,TGGGAG,-0.387851396891749,6.94585091307583E-05,no,-0.387763538055056,Baseline data
GCCAAATTGGGAGGAGGGCG,TGGGAG,0.011928274771147,0.000107604659646,no,0.011906310061974,Baseline data
GCCAAATTGGGAGGAGGGCG,TGGGAG,0.011928274771147,0.000107604659646,no,0.011994168898667,Baseline data
GCCAAATTGGGAGGAGGGCG,TGGGAG,0.011928274771147,0.000107604659646,no,0.012038098317013,Baseline data
GCCAAATAGGGAGGAGGGCG,AGGGAG,1.75065465292811,3.10627896064066E-05,no,1.75063268821893,Baseline data
GCCAAATTGGGAGGAGGGCG,TGGGAG,0.011928274771147,0.000107604659646,no,0.011774521806934,Baseline data
GCCAAATTGGGAGGTGGGCG,TGGGAG,-0.387851396891749,6.94585091307583E-05,no,-0.387939255728442,Baseline data
GCCAAATTGGGAGGAGGGCG,TGGGAG,0.011928274771147,0.000107604659646,no,0.01181845122528,Baseline data
GCCAAATTGGGAGGTGGGCG,TGGGAG,-0.387851396891749,6.94585091307583E-05,no,-0.387895326310095,Baseline data
GCCAAATTGGGAGGAGGGCG,TGGGAG,0.011928274771147,0.000107604659646,no,0.01195023948032,Baseline data
GCCAAATTGGGAGGAGGGCG,TGGGAG,0.011928274771147,0.000107604659646,no,0.01208202773536,Baseline data
GCCAAATTGGGAGGTGGGCG,TGGGAG,-0.387851396891749,6.94585091307583E-05,no,-0.387851396891749,Baseline data
GCCAAATAGGGAGGTGGGCG,AGGGAG,0.366460645537083,,no,0.366460645537083,Baseline data
GCCAAATTGGGAGGAGGGCG,TGGGAG,0.011928274771147,0.000107604659646,no,0.011862380643627,Baseline data
GCCAAATAGGGAGGAGGGCG,AGGGAG,1.75065465292811,3.10627896064066E-05,no,1.75067661763728,Baseline data
GCCAAATTGGGAGGCGGGCG,TGGGAG,-0.835623958098265,,no,-0.835623958098265,Baseline data
GCCAAATAGGGAGGCGGGCG,AGGGAG,-0.686351794556644,,no,-0.686351794556644,Baseline data
