"Parameter","Value"
"MASTER_OLIGO_NUMBER_OF_DIGITS:","5"
"MASTER_PLASMID_NUMBER_OF_DIGITS","5"
"GIBSON_OVERLAP_BPS","26"
"GIBSON_OVERLAP_MIN_TM","60"
"GIBSON_OVERLAP_MAX_TM","70"
"MAXIMUM_OLIGO_LENGTH_BPS","110"
"MINIMUM_FRAGMENT_SIZE_GIBSON_BPS","250"
"GOLDEN_GATE_OVERHANG_BPS","4"
"GOLDEN_GATE_RECOGNITION_SEQ","GGTCTC"
"GOLDEN_GATE_TERMINI_EXTRA_SEQ","CACACCAGGTCTCA"
"GOLDEN_GATE_TERMINI_EXTRA_SEQ_DNA_SYNTHESIS_ALT",
"MAXIMUM_IDENTITIES_GOLDEN_GATE_OVERHANGS_COMPATIBLE","2"
"OLIGO_SYNTHESIS_COST_PER_BP_USD","0.1"
"OLIGO_PAGE_PURIFICATION_COST_PER_PIECE_USD","40"
"OLIGO_MAX_LENGTH_NO_PAGE_PURIFICATION_REQUIRED_BPS","60"
"MINIMUM_PCR_PRODUCT_BPS","100"
"DIRECT_SYNTHESIS_COST_PER_BP_USD","0.39"
"DIRECT_SYNTHESIS_MINIUMUM_COST_PER_PIECE_USD","159"
"PRIMER_GC_CLAMP","2"
"PRIMER_MIN_SIZE","18"
"PRIMER_MAX_SIZE","36"
"PRIMER_MIN_TM","60"
"PRIMER_MAX_TM","70"
"PRIMER_MAX_DIFF_TM","5"
"PRIMER_MAX_SELF_ANY_TH","47"
"PRIMER_MAX_SELF_END_TH","47"
"PRIMER_PAIR_MAX_COMPL_ANY_TH","47"
"PRIMER_PAIR_MAX_COMPL_END_TH","47"
"PRIMER_TM_SANTALUCIA","1"
"PRIMER_SALT_CORRECTIONS","1"
"PRIMER_DNA_CONC","250"
"MISPRIMING_3PRIME_BOUNDARY_BP_TO_WARN_IF_HIT","4"
"MISPRIMING_MIN_TM","45"
"MISPRIMING_SALT_CONC","0.05"
"MISPRIMING_OLIGO_CONC","2.5e-7"
"OUTPUT_SEQUENCE_FORMAT","Genbank"
"SUPPRESS_PURE_PRIMERS","true"
"SUPPRESS_PRIMER_ANNOTATIONS","false"
"HOMOLOGY_MIN_LENGTH_BPS","26"
"HOMOLOGY_MAX_FRACTION_MISMATCHES","0.05"
"APPEND_UUID_TO_PLASMID_OLIGO_AND_SYNTHESIS_NAME",
"TRACK_LINEAGE",
"MINIMUMDNASYNTHESISLENGTHBPS",
