,AVERAGE,Group,RBS,RBS6,STD,label,variable
0,2.592357456217219,bps,TTTAAGAAGGAGATATACAT,AGGAGA,0.71751531730649,3.194924941045431,Rep1
1,1.604160584564361,bps,CTTAAGAAGGAGATATACAT,AGGAGA,0.2843820879229365,1.8442565674748388,Rep1
2,0.6626619749815347,bps,GTTAAGAAGGAGATATACAT,AGGAGA,0.017068883626879503,0.6746101799176722,Rep1
3,1.6789987956314747,bps,ATTAAGAAGGAGATATACAT,AGGAGA,0.5007121926918805,1.9868389536644235,Rep1
4,1.6717434336612138,bps,TCTAAGAAGGAGATATACAT,AGGAGA,0.6243880363910776,1.8300613681249238,Rep1
5,0.19245942584328302,bps,TGTAAGAAGGAGATATACAT,AGGAGA,0.13403723703341597,0.19868642626862645,Rep1
6,1.1191470685346572,bps,TATAAGAAGGAGATATACAT,AGGAGA,0.4242368760762398,1.4554986585235787,Rep1
7,1.7324317538480514,bps,TTGAAGAAGGAGATATACAT,AGGAGA,0.060986506461618635,1.775555726127939,Rep1
8,0.667512204806607,bps,TTAAAGAAGGAGATATACAT,AGGAGA,0.25522950351254825,0.5183302098605662,Rep1
9,1.007069288861732,bps,TTTCAGAAGGAGATATACAT,AGGAGA,0.6579786409652689,1.726766681223163,Rep1
10,1.7411033403155936,bps,TTTGAGAAGGAGATATACAT,AGGAGA,0.6798259038098037,2.156071280556524,Rep1
11,1.625461992352162,bps,TTTTAGAAGGAGATATACAT,AGGAGA,0.5649010762913111,2.2492073148519687,Rep1
12,1.4641324222413583,bps,TTTACGAAGGAGATATACAT,AGGAGA,0.3444822474155104,1.8288209179921304,Rep1
13,1.348639030613434,bps,TTTAGGAAGGAGATATACAT,AGGAGA,0.1697921465836725,1.5021955652583876,Rep1
14,0.5278156378525426,bps,TTTATGAAGGAGATATACAT,AGGAGA,0.2820553266130225,0.557043139342404,Rep1
15,0.7011502509524282,bps,TTTAACAAGGAGATATACAT,AGGAGA,0.23449847792801362,0.9082831136842088,Rep1
16,0.42012764350087317,bps,TTTAAAAAGGAGATATACAT,AGGAGA,0.2996385449734073,0.7525623629492642,Rep1
17,0.5703423643811977,bps,TTTAATAAGGAGATATACAT,AGGAGA,0.28479212321651,0.8299684847603929,Rep1
18,0.2621486580089995,bps,TTTAAGCAGGAGATATACAT,AGGAGA,0.18436975266589037,0.3321807508536796,Rep1
19,0.9313710534669118,bps,TTTAAGGAGGAGATATACAT,AGGAGA,0.5675963333991549,0.8412222502852936,Rep1
20,0.24828264313770018,bps,TTTAAGTAGGAGATATACAT,AGGAGA,0.21420923183095766,0.0718566801935634,Rep1
21,0.5249571879363738,bps,TTTAAGACGGAGATATACAT,CGGAGA,0.33058900382958956,0.6363416354159047,Rep1
22,-0.2348271390042421,bps,TTTAAGAGGGAGATATACAT,GGGAGA,0.5651969858480672,-0.6164729263050108,Rep1
23,0.6584242158371086,bps,TTTAAGATGGAGATATACAT,TGGAGA,0.6804249664450883,1.2490767514689392,Rep1
24,1.0936379694100604,bps,TTTAAGAACGAGATATACAT,ACGAGA,0.16804965904319186,1.2801460200553563,Rep1
25,0.09441548951609373,bps,TTTAAGAAAGAGATATACAT,AAGAGA,0.6062873340235058,-0.13730031772764553,Rep1
26,-0.42619496891169356,bps,TTTAAGAATGAGATATACAT,ATGAGA,0.37170314808391947,-0.6638600352834281,Rep1
27,-0.42557233171992764,bps,TTTAAGAAGCAGATATACAT,AGCAGA,0.2934468707196492,-0.4826137634456068,Rep1
28,-0.8872127935814835,bps,TTTAAGAAGAAGATATACAT,AGAAGA,0.5717310779588709,-1.3999679650477197,Rep1
29,-1.1301199203795924,bps,TTTAAGAAGTAGATATACAT,AGTAGA,0.5082533888352693,-0.8233051268944124,Rep1
30,-1.1916946069396805,bps,TTTAAGAAGGCGATATACAT,AGGCGA,0.4238862630401917,-1.4142427111033535,Rep1
31,-0.3605315401351113,bps,TTTAAGAAGGGGATATACAT,AGGGGA,0.21618294799170368,-0.3011091143380812,Rep1
32,-0.15716427615931186,bps,TTTAAGAAGGTGATATACAT,AGGTGA,0.11171590596383778,-0.2714657054992918,Rep1
33,-0.015935926820844947,bps,TTTAAGAAGGACATATACAT,AGGACA,0.10134900524436842,0.09420930450064903,Rep1
34,-0.08763850503365728,bps,TTTAAGAAGGAAATATACAT,AGGAAA,0.11739921196293054,-0.13266388116572847,Rep1
35,0.8166099001765614,bps,TTTAAGAAGGATATATACAT,AGGATA,0.5422001743354447,1.1558049494877929,Rep1
36,0.3935279413582151,bps,TTTAAGAAGGAGCTATACAT,AGGAGC,0.43933133916605355,0.2609296301595126,Rep1
37,0.1736528546829116,bps,TTTAAGAAGGAGGTATACAT,AGGAGG,0.10320802176298678,0.10895056507102695,Rep1
38,0.001209017807515626,bps,TTTAAGAAGGAGTTATACAT,AGGAGT,0.30343723426969177,0.08799090525732446,Rep1
39,0.252212475166107,bps,TTTAAGAAGGAGACATACAT,AGGAGA,0.11644437813109931,0.30913912049404874,Rep1
40,0.41285404443717727,bps,TTTAAGAAGGAGAGATACAT,AGGAGA,0.2255787136117192,0.660612352093226,Rep1
41,-0.8832050924152163,bps,TTTAAGAAGGAGAAATACAT,AGGAGA,0.9319568523135325,-1.4314922049051186,Rep1
42,-1.1527686051268347,bps,TTTAAGAAGGAGATCTACAT,AGGAGA,0.44216441826999114,-1.3865494525553002,Rep1
43,0.4910980740398007,bps,TTTAAGAAGGAGATGTACAT,AGGAGA,1.2363295624270385,0.9855080125492257,Rep1
44,0.5430527072094763,bps,TTTAAGAAGGAGATTTACAT,AGGAGA,0.07135651593408762,0.4922951113646616,Rep1
45,0.4663278497807788,bps,TTTAAGAAGGAGATACACAT,AGGAGA,0.1974314982245244,0.6859769854980687,Rep1
46,1.0071218522984078,bps,TTTAAGAAGGAGATAGACAT,AGGAGA,0.5908581613212579,1.351818798099388,Rep1
47,1.8417932581832328,bps,TTTAAGAAGGAGATAAACAT,AGGAGA,0.878285955847508,2.6462518373952517,Rep1
48,1.1871613271029657,bps,TTTAAGAAGGAGATATCCAT,AGGAGA,0.31326553958143927,1.4055265806570543,Rep1
49,0.4948643104836057,bps,TTTAAGAAGGAGATATGCAT,AGGAGA,0.3412266650199715,0.3388931770062072,Rep1
50,0.6799523174392452,bps,TTTAAGAAGGAGATATTCAT,AGGAGA,0.5052660417168222,1.184458510221581,Rep1
51,0.5609100640717489,bps,TTTAAGAAGGAGATATAAAT,AGGAGA,0.1494289730757033,0.7307647712956172,Rep1
52,0.4398978533301876,bps,TTTAAGAAGGAGATATAGAT,AGGAGA,0.23796511050202748,0.6429775053403717,Rep1
53,0.48141026733833087,bps,TTTAAGAAGGAGATATATAT,AGGAGA,0.2689202103811141,0.7706421927777202,Rep1
54,0.5149620617605771,bps,TTTAAGAAGGAGATATACCT,AGGAGA,0.28480920531534737,0.7206820768218302,Rep1
55,0.7946276055434472,bps,TTTAAGAAGGAGATATACGT,AGGAGA,0.2909208104723019,0.9035850732825242,Rep1
56,0.7969897491712,bps,TTTAAGAAGGAGATATACTT,AGGAGA,0.2537846778986131,0.9965961056118393,Rep1
57,0.784928528070134,bps,TTTAAGAAGGAGATATACAC,AGGAGA,0.3201031584480091,1.138614487715009,Rep1
58,-0.1539182311987033,bps,TTTAAGAAGGAGATATACAG,AGGAGA,0.6619739979649274,-0.2577274511356133,Rep1
59,1.6164778537778546,bps,TTTAAGAAGGAGATATACAA,AGGAGA,1.3591559785012441,2.7730157929618247,Rep1
60,1.2835066425283805,uni random,TTTAAGAGTTGACTATACAT,GTTGAC,0.22807855991282003,1.1964688665941112,Rep1
61,-0.3989990186696268,uni random,TTTAAGATACCTGTATACAT,TACCTG,1.1124619212898623,-0.8900184967893965,Rep1
62,-0.829366477482155,uni random,TTTAAGAGAAGCGTATACAT,GAAGCG,0.6871843194255122,-0.8843132635122903,Rep1
63,-0.8487519298904497,uni random,TTTAAGAGTATGCTATACAT,GTATGC,0.34895700801115576,-0.5574115906428915,Rep1
64,-1.1885997826420918,uni random,TTTAAGATCACTTTATACAT,TCACTT,0.3894114682721139,-1.5081806718877329,Rep1
65,-0.9466057937698408,uni random,TTTAAGAGAAGCCTATACAT,GAAGCC,0.524479760674068,-1.4945809962587546,Rep1
66,-1.109858507869123,uni random,TTTAAGAATAGAATATACAT,ATAGAA,0.3690407071622301,-1.3310471441642522,Rep1
67,-0.953731737400572,uni random,TTTAAGATCTGACTATACAT,TCTGAC,0.4197041811838842,-1.4331474940987152,Rep1
68,-0.7697284516967552,uni random,TTTAAGATAAGTATATACAT,TAAGTA,0.15775256163709014,-0.9013805176055393,Rep1
69,-0.724227999304773,uni random,TTTAAGAGATAAATATACAT,GATAAA,0.14686104258071805,-0.6544448154230439,Rep1
70,-0.225018528798598,uni random,TTTAAGAGGTCAATATACAT,GGTCAA,0.11892905466350799,-0.2286085720781449,Rep1
71,0.05763745590968141,uni random,TTTAAGACGATCCTATACAT,CGATCC,0.22968670973528693,0.11173589596226115,Rep1
72,-0.30939955777278877,uni random,TTTAAGAACAGACTATACAT,ACAGAC,0.5838245145704752,-0.47164229901167937,Rep1
73,-0.3678797842840622,uni random,TTTAAGAGTTATATATACAT,GTTATA,0.38658908681232956,-0.32703655563827555,Rep1
74,-0.4740307294300116,uni random,TTTAAGAGGAACATATACAT,GGAACA,0.3863746778744576,-0.4358468795335864,Rep1
75,0.12028155888804008,uni random,TTTAAGACCCGAATATACAT,CCCGAA,0.7276323658208745,0.6463077012610058,Rep1
76,-0.7135288881353511,uni random,TTTAAGAAATGTCTATACAT,AATGTC,0.8144053311966146,-1.4744394115133428,Rep1
77,-0.7368727937315193,uni random,TTTAAGACGTACCTATACAT,CGTACC,0.14250364766322615,-0.582066284651579,Rep1
78,-0.4796884100475188,uni random,TTTAAGAACCGTGTATACAT,ACCGTG,0.3160684166117502,-0.3838185492289983,Rep1
79,-0.7893521677670395,uni random,TTTAAGAGGACACTATACAT,GGACAC,0.7571542464402128,-1.6024855642808242,Rep1
80,-0.361207043859594,uni random,TTTAAGAATCCCATATACAT,ATCCCA,0.2210768917781101,-0.40260114130722907,Rep1
81,-0.5514295156460448,uni random,TTTAAGAGAGCGATATACAT,GAGCGA,0.5217686641893454,-0.5468306825911791,Rep1
82,0.5596248318502173,uni random,TTTAAGAATATGCTATACAT,ATATGC,0.5333598675924918,1.1089322026666577,Rep1
83,0.360440240602726,uni random,TTTAAGACAACATTATACAT,CAACAT,0.40342077879424765,0.4509272358175052,Rep1
84,0.6019925268056393,uni random,TTTAAGAGCTACATATACAT,GCTACA,0.2055142853440046,0.8230622756555868,Rep1
85,0.03147682860617407,uni random,TTTAAGAGAAGACTATACAT,GAAGAC,0.5915161786335477,-0.23977561375094603,Rep1
86,0.0494426917705047,uni random,TTTAAGACTCCGTTATACAT,CTCCGT,0.2643875387184456,0.21190792609289627,Rep1
87,-0.014634176567939824,uni random,TTTAAGATTACTATATACAT,TTACTA,0.41616878637518834,-0.09876621880979299,Rep1
88,-0.20189910504773143,uni random,TTTAAGACGAGACTATACAT,CGAGAC,0.2612952714283107,-0.1831401535654952,Rep1
89,0.2749832118917785,bandit,TTTAAGACGGATTTATACAT,CGGATT,0.5049362117287864,0.19612368273827338,Rep1
90,-0.27211407635862456,bandit,TTTAAGACTCGGATATACAT,CTCGGA,0.14741068763559703,-0.2178171186334797,Rep1
91,-0.3290329923228079,bandit,TTTAAGAACCGGATATACAT,ACCGGA,0.19255451223866887,-0.3788656516752912,Rep1
92,-0.35307754177785,bandit,TTTAAGAATCGGATATACAT,ATCGGA,0.25363185032438773,-0.4397411911958603,Rep1
93,-0.45475992076981936,bandit,TTTAAGACCGGATTATACAT,CCGGAT,0.2234680592725046,-0.534072538861084,Rep1
94,-0.49790731869616844,bandit,TTTAAGACGATAATATACAT,CGATAA,0.16785296502186697,-0.5136316147234414,Rep1
95,-0.5822556353800978,bandit,TTTAAGAACACACTATACAT,ACACAC,0.08505944780898965,-0.6190816241537621,Rep1
96,-0.576654046669133,bandit,TTTAAGATATATATATACAT,TATATA,0.05173902328249366,-0.5393856790457755,Rep1
97,-0.3824325340508697,bandit,TTTAAGACTCTCTTATACAT,CTCTCT,0.12293098351415069,-0.2700784941919438,Rep1
98,-0.35760831833006196,bandit,TTTAAGAATATATTATACAT,ATATAT,0.19926788796000167,-0.3830544377391247,Rep1
99,-0.6220249740249363,bandit,TTTAAGATGTGTGTATACAT,TGTGTG,0.04542004428455914,-0.6052613818308886,Rep1
100,-0.7688283291203812,bandit,TTTAAGATCTCTCTATACAT,TCTCTC,0.24793342122009596,-1.017287388770361,Rep1
101,-0.8493343732416512,bandit,TTTAAGACACACATATACAT,CACACA,0.19998195614463157,-1.0381685350498462,Rep1
102,-0.9733059838592482,bandit,TTTAAGACTAAGATATACAT,CTAAGA,0.2652945776733668,-1.1264310956445138,Rep1
103,-0.9068954143906293,bandit,TTTAAGAATAAGATATACAT,ATAAGA,0.16998508287882338,-0.7861923768293131,Rep1
104,-1.0363457190688072,bandit,TTTAAGATAAGATTATACAT,TAAGAT,0.15450496609980735,-1.0688893037262754,Rep1
105,-1.0818209916301316,bandit,TTTAAGATTAAGATATACAT,TTAAGA,0.3562423564049427,-1.0583854132802675,Rep1
106,0.49069347411474645,bandit,TTTAAGAGGAAGATATACAT,GGAAGA,0.663563473828768,0.30222877926964437,Rep1
107,-0.6435008055794009,bandit,TTTAAGAGGGATATATACAT,GGGATA,0.08786631977817343,-0.7294584338656306,Rep1
108,-0.4893969989178483,bandit,TTTAAGAGGATCGTATACAT,GGATCG,0.09136261051411472,-0.5656227551987303,Rep1
109,-0.8550924811905576,bandit,TTTAAGAGGATGATATACAT,GGATGA,0.2290262028631131,-0.7526973098220086,Rep1
110,-0.05580932946330271,bandit,TTTAAGAGGATCATATACAT,GGATCA,0.36615457398258033,-0.20441765021659347,Rep1
111,-0.8188756430947435,bandit,TTTAAGACCCCGATATACAT,CCCCGA,0.15148728037866369,-0.9937941223100121,Rep1
112,-1.256161347642834,bandit,TTTAAGATTTTTGTATACAT,TTTTTG,0.538558206270825,-1.1500654589683839,Rep1
113,-1.2378299062924618,bandit,TTTAAGATTTTTATATACAT,TTTTTA,0.44016746886339964,-1.0549660371299774,Rep1
114,0.975098157136022,bandit,TTTAAGAGTTTTTTATACAT,GTTTTT,0.8303777036563502,0.9170909562800136,Rep1
115,1.59345064415533,bandit,TTTAAGACTTTTTTATACAT,CTTTTT,0.8589730293865038,1.631655279287622,Rep1
116,-1.1255653569867923,bandit,TTTAAGACCCCCGTATACAT,CCCCCG,0.40364568215374796,-1.2090562941410914,Rep1
117,-0.9754990183249452,bandit,TTTAAGACCCCCATATACAT,CCCCCA,0.08927894438684396,-1.0550952538050706,Rep1
118,-1.1675273454474473,bandit,TTTAAGATTTTTCTATACAT,TTTTTC,0.19935233659614332,-1.2456958190290262,Rep1
119,-1.1631660194785918,bandit,TTTAAGAGCCCCCTATACAT,GCCCCC,0.2843192112270211,-1.160275361610633,Rep1
120,-0.9690059437156098,bandit,TTTAAGAATTTTTTATACAT,ATTTTT,0.18533878801512607,-1.1760682441297494,Rep1
121,-1.2467861003591432,bandit,TTTAAGAACCCCCTATACAT,ACCCCC,0.44960252118569016,-1.122333991047118,Rep1
122,-1.1492251969470402,bandit,TTTAAGATCCCCCTATACAT,TCCCCC,0.23291482858330664,-1.2015172892142605,Rep1
123,0.4444475799575483,bandit,TTTAAGAGGATAATATACAT,GGATAA,0.675412939693169,0.32468339173175975,Rep1
124,-0.009779065192269898,bandit,TTTAAGACCCCCCTATACAT,CCCCCC,0.46044852257461666,-0.21281708587752546,Rep1
125,-0.4671927862047281,bandit,TTTAAGATTTTTTTATACAT,TTTTTT,0.07303424225305405,-0.4352546260036554,Rep1
126,-0.07294468540470263,prob random,TTTAAGAGAAAGATATACAT,GAAAGA,0.44752398972268065,-0.21389544312905334,Rep1
127,-0.506076968572373,prob random,TTTAAGACGGGGGTATACAT,CGGGGG,0.08534586551507355,-0.5342556057406127,Rep1
128,0.44048608869998557,prob random,TTTAAGATGAGGGTATACAT,TGAGGG,0.5024610944045027,0.3027171951819451,Rep1
129,-0.9040419245836211,prob random,TTTAAGAAAGGGTTATACAT,AAGGGT,0.2942789887280903,-1.2340659172176123,Rep1
130,-0.4225488226236407,prob random,TTTAAGACTGTAGTATACAT,CTGTAG,0.19846520007980276,-0.5367646412032959,Rep1
131,-1.0688209647594042,prob random,TTTAAGACTGACATATACAT,CTGACA,0.3246261938993369,-1.100792659305303,Rep1
132,0.33926608458523794,prob random,TTTAAGACGTGTGTATACAT,CGTGTG,0.6757913657286537,0.12535455072622959,Rep1
133,-0.8169540235480791,prob random,TTTAAGAGAGGGGTATACAT,GAGGGG,0.23667866907097923,-1.0894127065008814,Rep1
134,0.6655570754608039,prob random,TTTAAGACTAGGATATACAT,CTAGGA,0.8713011429718948,0.5929608935863974,Rep1
135,-0.46794247829272395,prob random,TTTAAGAATTGGGTATACAT,ATTGGG,0.18105361156643482,-0.5367635255570581,Rep1
136,-0.4990187565285582,prob random,TTTAAGATACTGATATACAT,TACTGA,0.11308958149023704,-0.5480318698290163,Rep1
137,-0.18291806500552,prob random,TTTAAGAAGAGCGTATACAT,AGAGCG,0.2816806622584979,-0.28378869042506716,Rep1
138,-0.42878989617204727,prob random,TTTAAGAAGGGGTTATACAT,AGGGGT,0.09817085408092943,-0.5155272268347131,Rep1
139,-0.649448011154856,prob random,TTTAAGACAATTGTATACAT,CAATTG,0.09128407425624839,-0.7450063739492297,Rep1
140,-0.29730781485322894,prob random,TTTAAGATCCGGCTATACAT,TCCGGC,0.2576847876801971,-0.48235205368528666,Rep1
141,0.3694900123032787,prob random,TTTAAGAAAAGTGTATACAT,AAAGTG,0.6322063841943638,0.23813429060448685,Rep1
142,-0.6361349488778253,prob random,TTTAAGACGGGAGTATACAT,CGGGAG,0.09123478221188666,-0.6926426521569697,Rep1
143,0.06059032049491762,prob random,TTTAAGATAAGAGTATACAT,TAAGAG,0.43665168649674535,0.1745717768772753,Rep1
144,-0.5297646918338973,prob random,TTTAAGATAAGGGTATACAT,TAAGGG,0.13256801114297256,-0.5993205690480244,Rep1
145,1.1491357567832587,prob random,TTTAAGATAGTCTTATACAT,TAGTCT,0.8097107050204686,1.1261171232038756,Rep1
146,0.05189829437439928,prob random,TTTAAGAAAGTAGTATACAT,AAGTAG,0.493937013820274,-0.11245051190669346,Rep1
147,-0.3769523572176283,prob random,TTTAAGACCACGCTATACAT,CCACGC,0.17224048606982142,-0.44078840204913755,Rep1
148,-0.4500302784160266,prob random,TTTAAGAGTAATGTATACAT,GTAATG,0.06036348782754093,-0.4566034092708805,Rep1
149,-0.319288416392729,prob random,TTTAAGACATTGATATACAT,CATTGA,0.19156638986408212,-0.3884344418189319,Rep1
150,2.592357456217219,bps,TTTAAGAAGGAGATATACAT,AGGAGA,0.71751531730649,2.7835293465663953,Rep2
151,1.604160584564361,bps,CTTAAGAAGGAGATATACAT,AGGAGA,0.2843820879229365,1.678119322822546,Rep2
152,0.6626619749815347,bps,GTTAAGAAGGAGATATACAT,AGGAGA,0.017068883626879503,0.67026274221343,Rep2
153,1.6789987956314747,bps,ATTAAGAAGGAGATATACAT,AGGAGA,0.5007121926918805,1.948916572093953,Rep2
154,1.6717434336612138,bps,TCTAAGAAGGAGATATACAT,AGGAGA,0.6243880363910776,2.201733047408305,Rep2
155,0.19245942584328302,bps,TGTAAGAAGGAGATATACAT,AGGAGA,0.13403723703341597,0.0554172160093011,Rep2
156,1.1191470685346572,bps,TATAAGAAGGAGATATACAT,AGGAGA,0.4242368760762398,1.259398952189292,Rep2
157,1.7324317538480514,bps,TTGAAGAAGGAGATATACAT,AGGAGA,0.060986506461618635,1.6893077815681636,Rep2
158,0.667512204806607,bps,TTAAAGAAGGAGATATACAT,AGGAGA,0.25522950351254825,0.5219881215804587,Rep2
159,1.007069288861732,bps,TTTCAGAAGGAGATATACAT,AGGAGA,0.6579786409652689,0.8580822523956725,Rep2
160,1.7411033403155936,bps,TTTGAGAAGGAGATATACAT,AGGAGA,0.6798259038098037,2.1106934260319563,Rep2
161,1.625461992352162,bps,TTTTAGAAGGAGATATACAT,AGGAGA,0.5649010762913111,1.4788756145313176,Rep2
162,1.4641324222413583,bps,TTTACGAAGGAGATATACAT,AGGAGA,0.3444822474155104,1.4193372368299528,Rep2
163,1.348639030613434,bps,TTTAGGAAGGAGATATACAT,AGGAGA,0.1697921465836725,1.3774290636579056,Rep2
164,0.5278156378525426,bps,TTTATGAAGGAGATATACAT,AGGAGA,0.2820553266130225,0.2322846001025685,Rep2
165,0.7011502509524282,bps,TTTAACAAGGAGATATACAT,AGGAGA,0.23449847792801362,0.7486186468051569,Rep2
166,0.42012764350087317,bps,TTTAAAAAGGAGATATACAT,AGGAGA,0.2996385449734073,0.3369682491546762,Rep2
167,0.5703423643811977,bps,TTTAATAAGGAGATATACAT,AGGAGA,0.28479212321651,0.6153213568107154,Rep2
168,0.2621486580089995,bps,TTTAAGCAGGAGATATACAT,AGGAGA,0.18436975266589037,0.05302392375940837,Rep2
169,0.9313710534669118,bps,TTTAAGGAGGAGATATACAT,AGGAGA,0.5675963333991549,1.5386469248635692,Rep2
170,0.24828264313770018,bps,TTTAAGTAGGAGATATACAT,AGGAGA,0.21420923183095766,0.18635900448984413,Rep2
171,0.5249571879363738,bps,TTTAAGACGGAGATATACAT,CGGAGA,0.33058900382958956,0.7854677758504582,Rep2
172,-0.2348271390042421,bps,TTTAAGAGGGAGATATACAT,GGGAGA,0.5651969858480672,-0.5024881628345286,Rep2
173,0.6584242158371086,bps,TTTAAGATGGAGATATACAT,TGGAGA,0.6804249664450883,0.8117908514368438,Rep2
174,1.0936379694100604,bps,TTTAAGAACGAGATATACAT,ACGAGA,0.16804965904319186,1.046770883929375,Rep2
175,0.09441548951609373,bps,TTTAAGAAAGAGATATACAT,AAGAGA,0.6062873340235058,-0.3618412543780452,Rep2
176,-0.42619496891169356,bps,TTTAAGAATGAGATATACAT,ATGAGA,0.37170314808391947,-0.6168777301223803,Rep2
177,-0.42557233171992764,bps,TTTAAGAAGCAGATATACAT,AGCAGA,0.2934468707196492,-0.68631062130924,Rep2
178,-0.8872127935814835,bps,TTTAAGAAGAAGATATACAT,AGAAGA,0.5717310779588709,-0.9909574455746485,Rep2
179,-1.1301199203795924,bps,TTTAAGAAGTAGATATACAT,AGTAGA,0.5082533888352693,-1.7167940007438522,Rep2
180,-1.1916946069396805,bps,TTTAAGAAGGCGATATACAT,AGGCGA,0.4238862630401917,-1.4579570696402484,Rep2
181,-0.3605315401351113,bps,TTTAAGAAGGGGATATACAT,AGGGGA,0.21618294799170368,-0.18027418756088476,Rep2
182,-0.15716427615931186,bps,TTTAAGAAGGTGATATACAT,AGGTGA,0.11171590596383778,-0.1517999601230291,Rep2
183,-0.015935926820844947,bps,TTTAAGAAGGACATATACAT,AGGACA,0.10134900524436842,-0.10525240144745548,Rep2
184,-0.08763850503365728,bps,TTTAAGAAGGAAATATACAT,AGGAAA,0.11739921196293054,-0.17586023617701307,Rep2
185,0.8166099001765614,bps,TTTAAGAAGGATATATACAT,AGGATA,0.5422001743354447,1.1027437305333585,Rep2
186,0.3935279413582151,bps,TTTAAGAAGGAGCTATACAT,AGGAGC,0.43933133916605355,0.03576897420329464,Rep2
187,0.1736528546829116,bps,TTTAAGAAGGAGGTATACAT,AGGAGG,0.10320802176298678,0.11933159300637533,Rep2
188,0.001209017807515626,bps,TTTAAGAAGGAGTTATACAT,AGGAGT,0.30343723426969177,-0.33616463484637726,Rep2
189,0.252212475166107,bps,TTTAAGAAGGAGACATACAT,AGGAGA,0.11644437813109931,0.3292423323154231,Rep2
190,0.41285404443717727,bps,TTTAAGAAGGAGAGATACAT,AGGAGA,0.2255787136117192,0.3585997552429605,Rep2
191,-0.8832050924152163,bps,TTTAAGAAGGAGAAATACAT,AGGAGA,0.9319568523135325,-1.4109839178770371,Rep2
192,-1.1527686051268347,bps,TTTAAGAAGGAGATCTACAT,AGGAGA,0.44216441826999114,-1.4289675596915896,Rep2
193,0.4910980740398007,bps,TTTAAGAAGGAGATGTACAT,AGGAGA,1.2363295624270385,1.4037120115366388,Rep2
194,0.5430527072094763,bps,TTTAAGAAGGAGATTTACAT,AGGAGA,0.07135651593408762,0.6246409546425534,Rep2
195,0.4663278497807788,bps,TTTAAGAAGGAGATACACAT,AGGAGA,0.1974314982245244,0.4093699952223385,Rep2
196,1.0071218522984078,bps,TTTAAGAAGGAGATAGACAT,AGGAGA,0.5908581613212579,1.34467668245306,Rep2
197,1.8417932581832328,bps,TTTAAGAAGGAGATAAACAT,AGGAGA,0.878285955847508,1.974373295335934,Rep2
198,1.1871613271029657,bps,TTTAAGAAGGAGATATCCAT,AGGAGA,0.31326553958143927,0.8282333093385316,Rep2
199,0.4948643104836057,bps,TTTAAGAAGGAGATATGCAT,AGGAGA,0.3412266650199715,0.25949641695421805,Rep2
200,0.6799523174392452,bps,TTTAAGAAGGAGATATTCAT,AGGAGA,0.5052660417168222,0.6814686025648198,Rep2
201,0.5609100640717489,bps,TTTAAGAAGGAGATATAAAT,AGGAGA,0.1494289730757033,0.44969484596153797,Rep2
202,0.4398978533301876,bps,TTTAAGAAGGAGATATAGAT,AGGAGA,0.23796511050202748,0.49865894753708023,Rep2
203,0.48141026733833087,bps,TTTAAGAAGGAGATATATAT,AGGAGA,0.2689202103811141,0.4346551728520128,Rep2
204,0.5149620617605771,bps,TTTAAGAAGGAGATATACCT,AGGAGA,0.28480920531534737,0.6343085797523981,Rep2
205,0.7946276055434472,bps,TTTAAGAAGGAGATATACGT,AGGAGA,0.2909208104723019,1.0153417506402387,Rep2
206,0.7969897491712,bps,TTTAAGAAGGAGATATACTT,AGGAGA,0.2537846778986131,0.8829946428623886,Rep2
207,0.784928528070134,bps,TTTAAGAAGGAGATATACAC,AGGAGA,0.3201031584480091,0.7010678772729155,Rep2
208,-0.1539182311987033,bps,TTTAAGAAGGAGATATACAG,AGGAGA,0.6619739979649274,-0.7578545382015344,Rep2
209,1.6164778537778546,bps,TTTAAGAAGGAGATATACAA,AGGAGA,1.3591559785012441,1.956968901990707,Rep2
210,1.2835066425283805,uni random,TTTAAGAGTTGACTATACAT,GTTGAC,0.22807855991282003,1.1117625549000407,Rep2
211,-0.3989990186696268,uni random,TTTAAGATACCTGTATACAT,TACCTG,1.1124619212898623,-1.181471006295666,Rep2
212,-0.829366477482155,uni random,TTTAAGAGAAGCGTATACAT,GAAGCG,0.6871843194255122,-1.4874278588534953,Rep2
213,-0.8487519298904497,uni random,TTTAAGAGTATGCTATACAT,GTATGC,0.34895700801115576,-1.23548557349035,Rep2
214,-1.1885997826420918,uni random,TTTAAGATCACTTTATACAT,TCACTT,0.3894114682721139,-1.3027478950782725,Rep2
215,-0.9466057937698408,uni random,TTTAAGAGAAGCCTATACAT,GAAGCC,0.524479760674068,-0.8959372522799268,Rep2
216,-1.109858507869123,uni random,TTTAAGAATAGAATATACAT,ATAGAA,0.3690407071622301,-1.314696803639689,Rep2
217,-0.953731737400572,uni random,TTTAAGATCTGACTATACAT,TCTGAC,0.4197041811838842,-0.7754404600270899,Rep2
218,-0.7697284516967552,uni random,TTTAAGATAAGTATATACAT,TAAGTA,0.15775256163709014,-0.8129284287561476,Rep2
219,-0.724227999304773,uni random,TTTAAGAGATAAATATACAT,GATAAA,0.14686104258071805,-0.8929698667903373,Rep2
220,-0.225018528798598,uni random,TTTAAGAGGTCAATATACAT,GGTCAA,0.11892905466350799,-0.34211191590876916,Rep2
221,0.05763745590968141,uni random,TTTAAGACGATCCTATACAT,CGATCC,0.22968670973528693,-0.19426950518177621,Rep2
222,-0.30939955777278877,uni random,TTTAAGAACAGACTATACAT,ACAGAC,0.5838245145704752,-0.7949430206306989,Rep2
223,-0.3678797842840622,uni random,TTTAAGAGTTATATATACAT,GTTATA,0.38658908681232956,-0.7732689232732991,Rep2
224,-0.4740307294300116,uni random,TTTAAGAGGAACATATACAT,GGAACA,0.3863746778744576,-0.8780796479605026,Rep2
225,0.12028155888804008,uni random,TTTAAGACCCGAATATACAT,CCCGAA,0.7276323658208745,0.4246495174736542,Rep2
226,-0.7135288881353511,uni random,TTTAAGAAATGTCTATACAT,AATGTC,0.8144053311966146,-0.8116312771436776,Rep2
227,-0.7368727937315193,uni random,TTTAAGACGTACCTATACAT,CGTACC,0.14250364766322615,-0.8625823434842944,Rep2
228,-0.4796884100475188,uni random,TTTAAGAACCGTGTATACAT,ACCGTG,0.3160684166117502,-0.8325921443030693,Rep2
229,-0.7893521677670395,uni random,TTTAAGAGGACACTATACAT,GGACAC,0.7571542464402128,-0.6609816458100984,Rep2
230,-0.361207043859594,uni random,TTTAAGAATCCCATATACAT,ATCCCA,0.2210768917781101,-0.5586610634362594,Rep2
231,-0.5514295156460448,uni random,TTTAAGAGAGCGATATACAT,GAGCGA,0.5217686641893454,-1.0754823959672832,Rep2
232,0.5596248318502173,uni random,TTTAAGAATATGCTATACAT,ATATGC,0.5333598675924918,0.5261532511540333,Rep2
233,0.360440240602726,uni random,TTTAAGACAACATTATACAT,CAACAT,0.40342077879424765,-0.08053978872205216,Rep2
234,0.6019925268056393,uni random,TTTAAGAGCTACATATACAT,GCTACA,0.2055142853440046,0.41674322212771636,Rep2
235,0.03147682860617407,uni random,TTTAAGAGAAGACTATACAT,GAAGAC,0.5915161786335477,-0.3757670764625185,Rep2
236,0.0494426917705047,uni random,TTTAAGACTCCGTTATACAT,CTCCGT,0.2643875387184456,-0.2556303961662534,Rep2
237,-0.014634176567939824,uni random,TTTAAGATTACTATATACAT,TTACTA,0.41616878637518834,-0.38230930343456704,Rep2
238,-0.20189910504773143,uni random,TTTAAGACGAGACTATACAT,CGAGAC,0.2612952714283107,-0.47206833360759026,Rep2
239,0.2749832118917785,bandit,TTTAAGACGGATTTATACAT,CGGATT,0.5049362117287864,0.8147093475440002,Rep2
240,-0.27211407635862456,bandit,TTTAAGACTCGGATATACAT,CTCGGA,0.14741068763559703,-0.15955288799825587,Rep2
241,-0.3290329923228079,bandit,TTTAAGAACCGGATATACAT,ACCGGA,0.19255451223866887,-0.1164606749193792,Rep2
242,-0.35307754177785,bandit,TTTAAGAATCGGATATACAT,ATCGGA,0.25363185032438773,-0.06747278337393796,Rep2
243,-0.45475992076981936,bandit,TTTAAGACCGGATTATACAT,CCGGAT,0.2234680592725046,-0.20245341780550857,Rep2
244,-0.49790731869616844,bandit,TTTAAGACGATAATATACAT,CGATAA,0.16785296502186697,-0.32274550615068925,Rep2
245,-0.5822556353800978,bandit,TTTAAGAACACACTATACAT,ACACAC,0.08505944780898965,-0.4849883793791861,Rep2
246,-0.576654046669133,bandit,TTTAAGATATATATATACAT,TATATA,0.05173902328249366,-0.5548502766348995,Rep2
247,-0.3824325340508697,bandit,TTTAAGACTCTCTTATACAT,CTCTCT,0.12293098351415069,-0.3634799725673461,Rep2
248,-0.35760831833006196,bandit,TTTAAGAATATATTATACAT,ATATAT,0.19926788796000167,-0.14683965168787455,Rep2
249,-0.6220249740249363,bandit,TTTAAGATGTGTGTATACAT,TGTGTG,0.04542004428455914,-0.6734441597427894,Rep2
250,-0.7688283291203812,bandit,TTTAAGATCTCTCTATACAT,TCTCTC,0.24793342122009596,-0.5214239109606039,Rep2
251,-0.8493343732416512,bandit,TTTAAGACACACATATACAT,CACACA,0.19998195614463157,-0.6398128732908435,Rep2
252,-0.9733059838592482,bandit,TTTAAGACTAAGATATACAT,CTAAGA,0.2652945776733668,-1.1265166597592946,Rep2
253,-0.9068954143906293,bandit,TTTAAGAATAAGATATACAT,ATAAGA,0.16998508287882338,-1.1012917426341087,Rep2
254,-1.0363457190688072,bandit,TTTAAGATAAGATTATACAT,TAAGAT,0.15450496609980735,-1.1719866348086687,Rep2
255,-1.0818209916301316,bandit,TTTAAGATTAAGATATACAT,TTAAGA,0.3562423564049427,-1.4492025219251021,Rep2
256,0.49069347411474645,bandit,TTTAAGAGGAAGATATACAT,GGAAGA,0.663563473828768,1.2281033070709635,Rep2
257,-0.6435008055794009,bandit,TTTAAGAGGGATATATACAT,GGGATA,0.08786631977817343,-0.5538427159929482,Rep2
258,-0.4893969989178483,bandit,TTTAAGAGGATCGTATACAT,GGATCG,0.09136261051411472,-0.3881228022390051,Rep2
259,-0.8550924811905576,bandit,TTTAAGAGGATGATATACAT,GGATGA,0.2290262028631131,-1.1174521450475001,Rep2
260,-0.05580932946330271,bandit,TTTAAGAGGATCATATACAT,GGATCA,0.36615457398258033,0.36128608999170686,Rep2
261,-0.8188756430947435,bandit,TTTAAGACCCCGATATACAT,CCCCGA,0.15148728037866369,-0.7303964337389787,Rep2
262,-1.256161347642834,bandit,TTTAAGATTTTTGTATACAT,TTTTTG,0.538558206270825,-1.8398717914525884,Rep2
263,-1.2378299062924618,bandit,TTTAAGATTTTTATATACAT,TTTTTA,0.44016746886339964,-1.739953945328862,Rep2
264,0.975098157136022,bandit,TTTAAGAGTTTTTTATACAT,GTTTTT,0.8303777036563502,1.8329585028561373,Rep2
265,1.59345064415533,bandit,TTTAAGACTTTTTTATACAT,CTTTTT,0.8589730293865038,2.432683907585471,Rep2
266,-1.1255653569867923,bandit,TTTAAGACCCCCGTATACAT,CCCCCG,0.40364568215374796,-1.480936727993646,Rep2
267,-0.9754990183249452,bandit,TTTAAGACCCCCATATACAT,CCCCCA,0.08927894438684396,-0.9924376557253864,Rep2
268,-1.1675273454474473,bandit,TTTAAGATTTTTCTATACAT,TTTTTC,0.19935233659614332,-1.3159494323094523,Rep2
269,-1.1631660194785918,bandit,TTTAAGAGCCCCCTATACAT,GCCCCC,0.2843192112270211,-1.4489195384908262,Rep2
270,-0.9690059437156098,bandit,TTTAAGAATTTTTTATACAT,ATTTTT,0.18533878801512607,-0.8186306993949883,Rep2
271,-1.2467861003591432,bandit,TTTAAGAACCCCCTATACAT,ACCCCC,0.44960252118569016,-1.745505203553583,Rep2
272,-1.1492251969470402,bandit,TTTAAGATCCCCCTATACAT,TCCCCC,0.23291482858330664,-1.351548996063801,Rep2
273,0.4444475799575483,bandit,TTTAAGAGGATAATATACAT,GGATAA,0.675412939693169,1.1717313848256157,Rep2
274,-0.009779065192269898,bandit,TTTAAGACCCCCCTATACAT,CCCCCC,0.46044852257461666,0.5172919555536781,Rep2
275,-0.4671927862047281,bandit,TTTAAGATTTTTTTATACAT,TTTTTT,0.07303424225305405,-0.4155677394619821,Rep2
276,-0.07294468540470263,prob random,TTTAAGAGAAAGATATACAT,GAAAGA,0.44752398972268065,0.4280854336473869,Rep2
277,-0.506076968572373,prob random,TTTAAGACGGGGGTATACAT,CGGGGG,0.08534586551507355,-0.4102050719778814,Rep2
278,0.44048608869998557,prob random,TTTAAGATGAGGGTATACAT,TGAGGG,0.5024610944045027,0.9974606402288952,Rep2
279,-0.9040419245836211,prob random,TTTAAGAAAGGGTTATACAT,AAGGGT,0.2942789887280903,-0.6689353748315191,Rep2
280,-0.4225488226236407,prob random,TTTAAGACTGTAGTATACAT,CTGTAG,0.19846520007980276,-0.19338134303227297,Rep2
281,-1.0688209647594042,prob random,TTTAAGACTGACATATACAT,CTGACA,0.3246261938993369,-1.3762783487133081,Rep2
282,0.33926608458523794,prob random,TTTAAGACGTGTGTATACAT,CGTGTG,0.6757913657286537,1.0961259688697282,Rep2
283,-0.8169540235480791,prob random,TTTAAGAGAGGGGTATACAT,GAGGGG,0.23667866907097923,-0.6622451811063279,Rep2
284,0.6655570754608039,prob random,TTTAAGACTAGGATATACAT,CTAGGA,0.8713011429718948,1.5708851011684233,Rep2
285,-0.46794247829272395,prob random,TTTAAGAATTGGGTATACAT,ATTGGG,0.18105361156643482,-0.26256950892661896,Rep2
286,-0.4990187565285582,prob random,TTTAAGATACTGATATACAT,TACTGA,0.11308958149023704,-0.3696907350675171,Rep2
287,-0.18291806500552,prob random,TTTAAGAAGAGCGTATACAT,AGAGCG,0.2816806622584979,0.13530976661766167,Rep2
288,-0.42878989617204727,prob random,TTTAAGAAGGGGTTATACAT,AGGGGT,0.09817085408092943,-0.3222152723153058,Rep2
289,-0.649448011154856,prob random,TTTAAGACAATTGTATACAT,CAATTG,0.09128407425624839,-0.5631431021478704,Rep2
290,-0.29730781485322894,prob random,TTTAAGATCCGGCTATACAT,TCCGGC,0.2576847876801971,-0.0029926775746225904,Rep2
291,0.3694900123032787,prob random,TTTAAGAAAAGTGTATACAT,AAAGTG,0.6322063841943638,1.0570554578485374,Rep2
292,-0.6361349488778253,prob random,TTTAAGACGGGAGTATACAT,CGGGAG,0.09123478221188666,-0.5308814538115623,Rep2
293,0.06059032049491762,prob random,TTTAAGATAAGAGTATACAT,TAAGAG,0.43665168649674535,0.4289475275534229,Rep2
294,-0.5297646918338973,prob random,TTTAAGATAAGGGTATACAT,TAAGGG,0.13256801114297256,-0.37689457508986624,Rep2
295,1.1491357567832587,prob random,TTTAAGATAGTCTTATACAT,TAGTCT,0.8097107050204686,1.9701103493605212,Rep2
296,0.05189829437439928,prob random,TTTAAGAAAGTAGTATACAT,AAGTAG,0.493937013820274,0.6070588241901098,Rep2
297,-0.3769523572176283,prob random,TTTAAGACCACGCTATACAT,CCACGC,0.17224048606982142,-0.1819070698313284,Rep2
298,-0.4500302784160266,prob random,TTTAAGAGTAATGTATACAT,GTAATG,0.06036348782754093,-0.3866492363224417,Rep2
299,-0.319288416392729,prob random,TTTAAGACATTGATATACAT,CATTGA,0.19156638986408212,-0.1027489174757755,Rep2
300,2.592357456217219,bps,TTTAAGAAGGAGATATACAT,AGGAGA,0.71751531730649,1.7986180810398305,Rep3
301,1.604160584564361,bps,CTTAAGAAGGAGATATACAT,AGGAGA,0.2843820879229365,1.2901058633956983,Rep3
302,0.6626619749815347,bps,GTTAAGAAGGAGATATACAT,AGGAGA,0.017068883626879503,0.643113002813502,Rep3
303,1.6789987956314747,bps,ATTAAGAAGGAGATATACAT,AGGAGA,0.5007121926918805,1.1012408611360474,Rep3
304,1.6717434336612138,bps,TCTAAGAAGGAGATATACAT,AGGAGA,0.6243880363910776,0.9834358854504125,Rep3
305,0.19245942584328302,bps,TGTAAGAAGGAGATATACAT,AGGAGA,0.13403723703341597,0.32327463525192146,Rep3
306,1.1191470685346572,bps,TATAAGAAGGAGATATACAT,AGGAGA,0.4242368760762398,0.6425435948911001,Rep3
308,0.667512204806607,bps,TTAAAGAAGGAGATATACAT,AGGAGA,0.25522950351254825,0.9622182829787959,Rep3
309,1.007069288861732,bps,TTTCAGAAGGAGATATACAT,AGGAGA,0.6579786409652689,0.43635893296636025,Rep3
310,1.7411033403155936,bps,TTTGAGAAGGAGATATACAT,AGGAGA,0.6798259038098037,0.9565453143583008,Rep3
311,1.625461992352162,bps,TTTTAGAAGGAGATATACAT,AGGAGA,0.5649010762913111,1.1483030476732003,Rep3
312,1.4641324222413583,bps,TTTACGAAGGAGATATACAT,AGGAGA,0.3444822474155104,1.144239111901991,Rep3
313,1.348639030613434,bps,TTTAGGAAGGAGATATACAT,AGGAGA,0.1697921465836725,1.166292462924009,Rep3
314,0.5278156378525426,bps,TTTATGAAGGAGATATACAT,AGGAGA,0.2820553266130225,0.7941191741126552,Rep3
315,0.7011502509524282,bps,TTTAACAAGGAGATATACAT,AGGAGA,0.23449847792801362,0.4465489923679189,Rep3
316,0.42012764350087317,bps,TTTAAAAAGGAGATATACAT,AGGAGA,0.2996385449734073,0.17085231839867912,Rep3
317,0.5703423643811977,bps,TTTAATAAGGAGATATACAT,AGGAGA,0.28479212321651,0.26573725157248496,Rep3
318,0.2621486580089995,bps,TTTAAGCAGGAGATATACAT,AGGAGA,0.18436975266589037,0.40124129941391057,Rep3
319,0.9313710534669118,bps,TTTAAGGAGGAGATATACAT,AGGAGA,0.5675963333991549,0.4142439852518729,Rep3
320,0.24828264313770018,bps,TTTAAGTAGGAGATATACAT,AGGAGA,0.21420923183095766,0.4866322447296931,Rep3
321,0.5249571879363738,bps,TTTAAGACGGAGATATACAT,CGGAGA,0.33058900382958956,0.15306215254275843,Rep3
322,-0.2348271390042421,bps,TTTAAGAGGGAGATATACAT,GGGAGA,0.5651969858480672,0.4144796721268132,Rep3
323,0.6584242158371086,bps,TTTAAGATGGAGATATACAT,TGGAGA,0.6804249664450883,-0.08559495539445736,Rep3
324,1.0936379694100604,bps,TTTAAGAACGAGATATACAT,ACGAGA,0.16804965904319186,0.95399700424545,Rep3
325,0.09441548951609373,bps,TTTAAGAAAGAGATATACAT,AAGAGA,0.6062873340235058,0.7823880406539719,Rep3
326,-0.42619496891169356,bps,TTTAAGAATGAGATATACAT,ATGAGA,0.37170314808391947,0.002152858670727603,Rep3
327,-0.42557233171992764,bps,TTTAAGAAGCAGATATACAT,AGCAGA,0.2934468707196492,-0.10779261040493619,Rep3
328,-0.8872127935814835,bps,TTTAAGAAGAAGATATACAT,AGAAGA,0.5717310779588709,-0.27071297012208223,Rep3
329,-1.1301199203795924,bps,TTTAAGAAGTAGATATACAT,AGTAGA,0.5082533888352693,-0.8502606335005125,Rep3
330,-1.1916946069396805,bps,TTTAAGAAGGCGATATACAT,AGGCGA,0.4238862630401917,-0.7028840400754393,Rep3
331,-0.3605315401351113,bps,TTTAAGAAGGGGATATACAT,AGGGGA,0.21618294799170368,-0.600211318506368,Rep3
332,-0.15716427615931186,bps,TTTAAGAAGGTGATATACAT,AGGTGA,0.11171590596383778,-0.04822716285561474,Rep3
333,-0.015935926820844947,bps,TTTAAGAAGGACATATACAT,AGGACA,0.10134900524436842,-0.03676468351572838,Rep3
334,-0.08763850503365728,bps,TTTAAGAAGGAAATATACAT,AGGAAA,0.11739921196293054,0.04560860224176973,Rep3
335,0.8166099001765614,bps,TTTAAGAAGGATATATACAT,AGGATA,0.5422001743354447,0.19128102050853255,Rep3
336,0.3935279413582151,bps,TTTAAGAAGGAGCTATACAT,AGGAGC,0.43933133916605355,0.8838852197118381,Rep3
337,0.1736528546829116,bps,TTTAAGAAGGAGGTATACAT,AGGAGG,0.10320802176298678,0.2926764059713326,Rep3
338,0.001209017807515626,bps,TTTAAGAAGGAGTTATACAT,AGGAGT,0.30343723426969177,0.2518007830115997,Rep3
339,0.252212475166107,bps,TTTAAGAAGGAGACATACAT,AGGAGA,0.11644437813109931,0.11825597268884926,Rep3
340,0.41285404443717727,bps,TTTAAGAAGGAGAGATACAT,AGGAGA,0.2255787136117192,0.2193500259753452,Rep3
341,-0.8832050924152163,bps,TTTAAGAAGGAGAAATACAT,AGGAGA,0.9319568523135325,0.19286084553650648,Rep3
342,-1.1527686051268347,bps,TTTAAGAAGGAGATCTACAT,AGGAGA,0.44216441826999114,-0.6427888031336142,Rep3
343,0.4910980740398007,bps,TTTAAGAAGGAGATGTACAT,AGGAGA,1.2363295624270385,-0.9159258019664628,Rep3
344,0.5430527072094763,bps,TTTAAGAAGGAGATTTACAT,AGGAGA,0.07135651593408762,0.5122220556212138,Rep3
345,0.4663278497807788,bps,TTTAAGAAGGAGATACACAT,AGGAGA,0.1974314982245244,0.3036365686219291,Rep3
346,1.0071218522984078,bps,TTTAAGAAGGAGATAGACAT,AGGAGA,0.5908581613212579,0.32487007634277487,Rep3
347,1.8417932581832328,bps,TTTAAGAAGGAGATAAACAT,AGGAGA,0.878285955847508,0.9047546418185123,Rep3
348,1.1871613271029657,bps,TTTAAGAAGGAGATATCCAT,AGGAGA,0.31326553958143927,1.3277240913133115,Rep3
349,0.4948643104836057,bps,TTTAAGAAGGAGATATGCAT,AGGAGA,0.3412266650199715,0.8862033374903918,Rep3
350,0.6799523174392452,bps,TTTAAGAAGGAGATATTCAT,AGGAGA,0.5052660417168222,0.17392983953133476,Rep3
351,0.5609100640717489,bps,TTTAAGAAGGAGATATAAAT,AGGAGA,0.1494289730757033,0.5022705749580918,Rep3
352,0.4398978533301876,bps,TTTAAGAAGGAGATATAGAT,AGGAGA,0.23796511050202748,0.17805710711311099,Rep3
353,0.48141026733833087,bps,TTTAAGAAGGAGATATATAT,AGGAGA,0.2689202103811141,0.23893343638525952,Rep3
354,0.5149620617605771,bps,TTTAAGAAGGAGATATACCT,AGGAGA,0.28480920531534737,0.18989552870750326,Rep3
355,0.7946276055434472,bps,TTTAAGAAGGAGATATACGT,AGGAGA,0.2909208104723019,0.46495599270757915,Rep3
356,0.7969897491712,bps,TTTAAGAAGGAGATATACTT,AGGAGA,0.2537846778986131,0.5113784990393724,Rep3
357,0.784928528070134,bps,TTTAAGAAGGAGATATACAC,AGGAGA,0.3201031584480091,0.5151032192224775,Rep3
358,-0.1539182311987033,bps,TTTAAGAAGGAGATATACAG,AGGAGA,0.6619739979649274,0.5538272957410377,Rep3
359,1.6164778537778546,bps,TTTAAGAAGGAGATATACAA,AGGAGA,1.3591559785012441,0.11944886638103175,Rep3
360,1.2835066425283805,uni random,TTTAAGAGTTGACTATACAT,GTTGAC,0.22807855991282003,1.5422885060909894,Rep3
361,-0.3989990186696268,uni random,TTTAAGATACCTGTATACAT,TACCTG,1.1124619212898623,0.8744924470761818,Rep3
362,-0.829366477482155,uni random,TTTAAGAGAAGCGTATACAT,GAAGCG,0.6871843194255122,-0.11635831008067944,Rep3
363,-0.8487519298904497,uni random,TTTAAGAGTATGCTATACAT,GTATGC,0.34895700801115576,-0.7533586255381075,Rep3
364,-1.1885997826420918,uni random,TTTAAGATCACTTTATACAT,TCACTT,0.3894114682721139,-0.7548707809602703,Rep3
365,-0.9466057937698408,uni random,TTTAAGAGAAGCCTATACAT,GAAGCC,0.524479760674068,-0.44929913277084105,Rep3
366,-1.109858507869123,uni random,TTTAAGAATAGAATATACAT,ATAGAA,0.3690407071622301,-0.6838315758034273,Rep3
367,-0.953731737400572,uni random,TTTAAGATCTGACTATACAT,TCTGAC,0.4197041811838842,-0.652607258075911,Rep3
368,-0.7697284516967552,uni random,TTTAAGATAAGTATATACAT,TAAGTA,0.15775256163709014,-0.5948764087285788,Rep3
369,-0.724227999304773,uni random,TTTAAGAGATAAATATACAT,GATAAA,0.14686104258071805,-0.6252693157009376,Rep3
370,-0.225018528798598,uni random,TTTAAGAGGTCAATATACAT,GGTCAA,0.11892905466350799,-0.10433509840887993,Rep3
371,0.05763745590968141,uni random,TTTAAGACGATCCTATACAT,CGATCC,0.22968670973528693,0.2554459769485593,Rep3
372,-0.30939955777278877,uni random,TTTAAGAACAGACTATACAT,ACAGAC,0.5838245145704752,0.3383866463240119,Rep3
373,-0.3678797842840622,uni random,TTTAAGAGTTATATATACAT,GTTATA,0.38658908681232956,-0.0033338739406118603,Rep3
374,-0.4740307294300116,uni random,TTTAAGAGGAACATATACAT,GGAACA,0.3863746778744576,-0.10816566079594579,Rep3
375,0.12028155888804008,uni random,TTTAAGACCCGAATATACAT,CCCGAA,0.7276323658208745,-0.7101125420705399,Rep3
376,-0.7135288881353511,uni random,TTTAAGAAATGTCTATACAT,AATGTC,0.8144053311966146,0.14548402425096726,Rep3
377,-0.7368727937315193,uni random,TTTAAGACGTACCTATACAT,CGTACC,0.14250364766322615,-0.7659697530586844,Rep3
378,-0.4796884100475188,uni random,TTTAAGAACCGTGTATACAT,ACCGTG,0.3160684166117502,-0.2226545366104889,Rep3
379,-0.7893521677670395,uni random,TTTAAGAGGACACTATACAT,GGACAC,0.7571542464402128,-0.1045892932101958,Rep3
380,-0.361207043859594,uni random,TTTAAGAATCCCATATACAT,ATCCCA,0.2210768917781101,-0.12235892683529354,Rep3
381,-0.5514295156460448,uni random,TTTAAGAGAGCGATATACAT,GAGCGA,0.5217686641893454,-0.03197546837967216,Rep3
382,0.5596248318502173,uni random,TTTAAGAATATGCTATACAT,ATATGC,0.5333598675924918,0.043789041729960974,Rep3
383,0.360440240602726,uni random,TTTAAGACAACATTATACAT,CAACAT,0.40342077879424765,0.7109332747127249,Rep3
384,0.6019925268056393,uni random,TTTAAGAGCTACATATACAT,GCTACA,0.2055142853440046,0.5661720826336148,Rep3
385,0.03147682860617407,uni random,TTTAAGAGAAGACTATACAT,GAAGAC,0.5915161786335477,0.7099731760319867,Rep3
386,0.0494426917705047,uni random,TTTAAGACTCCGTTATACAT,CTCCGT,0.2643875387184456,0.1920505453848712,Rep3
387,-0.014634176567939824,uni random,TTTAAGATTACTATATACAT,TTACTA,0.41616878637518834,0.43717299254054054,Rep3
388,-0.20189910504773143,uni random,TTTAAGACGAGACTATACAT,CGAGAC,0.2612952714283107,0.04951117202989122,Rep3
389,0.2749832118917785,bandit,TTTAAGACGGATTTATACAT,CGGATT,0.5049362117287864,-0.18588339460693803,Rep3
390,-0.27211407635862456,bandit,TTTAAGACTCGGATATACAT,CTCGGA,0.14741068763559703,-0.438972222444138,Rep3
391,-0.3290329923228079,bandit,TTTAAGAACCGGATATACAT,ACCGGA,0.19255451223866887,-0.49177265037375345,Rep3
392,-0.35307754177785,bandit,TTTAAGAATCGGATATACAT,ATCGGA,0.25363185032438773,-0.5520186507637519,Rep3
393,-0.45475992076981936,bandit,TTTAAGACCGGATTATACAT,CCGGAT,0.2234680592725046,-0.6277538056428654,Rep3
394,-0.49790731869616844,bandit,TTTAAGACGATAATATACAT,CGATAA,0.16785296502186697,-0.6573448352143747,Rep3
395,-0.5822556353800978,bandit,TTTAAGAACACACTATACAT,ACACAC,0.08505944780898965,-0.6426969026073451,Rep3
396,-0.576654046669133,bandit,TTTAAGATATATATATACAT,TATATA,0.05173902328249366,-0.635726184326724,Rep3
397,-0.3824325340508697,bandit,TTTAAGACTCTCTTATACAT,CTCTCT,0.12293098351415069,-0.5137391353933191,Rep3
398,-0.35760831833006196,bandit,TTTAAGAATATATTATACAT,ATATAT,0.19926788796000167,-0.5429308655631867,Rep3
399,-0.6220249740249363,bandit,TTTAAGATGTGTGTATACAT,TGTGTG,0.04542004428455914,-0.5873693805011309,Rep3
400,-0.7688283291203812,bandit,TTTAAGATCTCTCTATACAT,TCTCTC,0.24793342122009596,-0.7677736876301786,Rep3
401,-0.8493343732416512,bandit,TTTAAGACACACATATACAT,CACACA,0.19998195614463157,-0.870021711384264,Rep3
402,-0.9733059838592482,bandit,TTTAAGACTAAGATATACAT,CTAAGA,0.2652945776733668,-0.6669701961739356,Rep3
403,-0.9068954143906293,bandit,TTTAAGAATAAGATATACAT,ATAAGA,0.16998508287882338,-0.8332021237084659,Rep3
404,-1.0363457190688072,bandit,TTTAAGATAAGATTATACAT,TAAGAT,0.15450496609980735,-0.868161218671478,Rep3
405,-1.0818209916301316,bandit,TTTAAGATTAAGATATACAT,TTAAGA,0.3562423564049427,-0.7378750396850252,Rep3
406,0.49069347411474645,bandit,TTTAAGAGGAAGATATACAT,GGAAGA,0.663563473828768,-0.058251663996368344,Rep3
407,-0.6435008055794009,bandit,TTTAAGAGGGATATATACAT,GGGATA,0.08786631977817343,-0.6472012668796241,Rep3
408,-0.4893969989178483,bandit,TTTAAGAGGATCGTATACAT,GGATCG,0.09136261051411472,-0.5144454393158094,Rep3
409,-0.8550924811905576,bandit,TTTAAGAGGATGATATACAT,GGATGA,0.2290262028631131,-0.6951279887021642,Rep3
410,-0.05580932946330271,bandit,TTTAAGAGGATCATATACAT,GGATCA,0.36615457398258033,-0.3242964281650215,Rep3
411,-0.8188756430947435,bandit,TTTAAGACCCCGATATACAT,CCCCGA,0.15148728037866369,-0.7324363732352397,Rep3
412,-1.256161347642834,bandit,TTTAAGATTTTTGTATACAT,TTTTTG,0.538558206270825,-0.7785467925075292,Rep3
413,-1.2378299062924618,bandit,TTTAAGATTTTTATATACAT,TTTTTA,0.44016746886339964,-0.9185697364185464,Rep3
414,0.975098157136022,bandit,TTTAAGAGTTTTTTATACAT,GTTTTT,0.8303777036563502,0.17524501227191508,Rep3
415,1.59345064415533,bandit,TTTAAGACTTTTTTATACAT,CTTTTT,0.8589730293865038,0.7160127455928968,Rep3
416,-1.1255653569867923,bandit,TTTAAGACCCCCGTATACAT,CCCCCG,0.40364568215374796,-0.686703048825639,Rep3
417,-0.9754990183249452,bandit,TTTAAGACCCCCATATACAT,CCCCCA,0.08927894438684396,-0.8789641454443786,Rep3
418,-1.1675273454474473,bandit,TTTAAGATTTTTCTATACAT,TTTTTC,0.19935233659614332,-0.9409367850038632,Rep3
419,-1.1631660194785918,bandit,TTTAAGAGCCCCCTATACAT,GCCCCC,0.2843192112270211,-0.8803031583343159,Rep3
420,-0.9690059437156098,bandit,TTTAAGAATTTTTTATACAT,ATTTTT,0.18533878801512607,-0.9123188876220917,Rep3
421,-1.2467861003591432,bandit,TTTAAGAACCCCCTATACAT,ACCCCC,0.44960252118569016,-0.8725191064767286,Rep3
422,-1.1492251969470402,bandit,TTTAAGATCCCCCTATACAT,TCCCCC,0.23291482858330664,-0.8946093055630588,Rep3
423,0.4444475799575483,bandit,TTTAAGAGGATAATATACAT,GGATAA,0.675412939693169,-0.16307203668473044,Rep3
424,-0.009779065192269898,bandit,TTTAAGACCCCCCTATACAT,CCCCCC,0.46044852257461666,-0.33381206525296236,Rep3
425,-0.4671927862047281,bandit,TTTAAGATTTTTTTATACAT,TTTTTT,0.07303424225305405,-0.5507559931485468,Rep3
426,-0.07294468540470263,prob random,TTTAAGAGAAAGATATACAT,GAAAGA,0.44752398972268065,-0.43302404673244144,Rep3
427,-0.506076968572373,prob random,TTTAAGACGGGGGTATACAT,CGGGGG,0.08534586551507355,-0.573770227998625,Rep3
428,0.44048608869998557,prob random,TTTAAGATGAGGGTATACAT,TGAGGG,0.5024610944045027,0.02128043068911641,Rep3
429,-0.9040419245836211,prob random,TTTAAGAAAGGGTTATACAT,AAGGGT,0.2942789887280903,-0.8091244817017319,Rep3
430,-0.4225488226236407,prob random,TTTAAGACTGTAGTATACAT,CTGTAG,0.19846520007980276,-0.5375004836353531,Rep3
431,-1.0688209647594042,prob random,TTTAAGACTGACATATACAT,CTGACA,0.3246261938993369,-0.7293918862596015,Rep3
432,0.33926608458523794,prob random,TTTAAGACGTGTGTATACAT,CGTGTG,0.6757913657286537,-0.20368226584024418,Rep3
433,-0.8169540235480791,prob random,TTTAAGAGAGGGGTATACAT,GAGGGG,0.23667866907097923,-0.699204183037028,Rep3
434,0.6655570754608039,prob random,TTTAAGACTAGGATATACAT,CTAGGA,0.8713011429718948,-0.16717476837240894,Rep3
435,-0.46794247829272395,prob random,TTTAAGAATTGGGTATACAT,ATTGGG,0.18105361156643482,-0.6044944003944949,Rep3
436,-0.4990187565285582,prob random,TTTAAGATACTGATATACAT,TACTGA,0.11308958149023704,-0.5793336646891412,Rep3
437,-0.18291806500552,prob random,TTTAAGAAGAGCGTATACAT,AGAGCG,0.2816806622584979,-0.4002752712091545,Rep3
438,-0.42878989617204727,prob random,TTTAAGAAGGGGTTATACAT,AGGGGT,0.09817085408092943,-0.44862718936612295,Rep3
439,-0.649448011154856,prob random,TTTAAGACAATTGTATACAT,CAATTG,0.09128407425624839,-0.6401945573674677,Rep3
440,-0.29730781485322894,prob random,TTTAAGATCCGGCTATACAT,TCCGGC,0.2576847876801971,-0.4065787132997777,Rep3
441,0.3694900123032787,prob random,TTTAAGAAAAGTGTATACAT,AAAGTG,0.6322063841943638,-0.18671971154318792,Rep3
442,-0.6361349488778253,prob random,TTTAAGACGGGAGTATACAT,CGGGAG,0.09123478221188666,-0.6848807406649436,Rep3
443,0.06059032049491762,prob random,TTTAAGATAAGAGTATACAT,TAAGAG,0.43665168649674535,-0.4217483429459454,Rep3
444,-0.5297646918338973,prob random,TTTAAGATAAGGGTATACAT,TAAGGG,0.13256801114297256,-0.6130789313638011,Rep3
445,1.1491357567832587,prob random,TTTAAGATAGTCTTATACAT,TAGTCT,0.8097107050204686,0.3511797977853798,Rep3
446,0.05189829437439928,prob random,TTTAAGAAAGTAGTATACAT,AAGTAG,0.493937013820274,-0.3389134291602185,Rep3
447,-0.3769523572176283,prob random,TTTAAGACCACGCTATACAT,CCACGC,0.17224048606982142,-0.508161599772419,Rep3
448,-0.4500302784160266,prob random,TTTAAGAGTAATGTATACAT,GTAATG,0.06036348782754093,-0.5068381896547577,Rep3
449,-0.319288416392729,prob random,TTTAAGACATTGATATACAT,CATTGA,0.19156638986408212,-0.4666818898834796,Rep3
0,1.5889284992852353,Baseline data,TTAAGTAAGCGGGGAAAATA,AGCGGG,,1.5889284992852353,no
1,-0.9191337823750807,Baseline data,TTAAGTAGACGCGGAAAATA,GACGCG,,-0.9191337823750807,no
2,-0.712665516146235,Baseline data,TTAAGTAAGCGCGGAAAATA,AGCGCG,,-0.712665516146235,no
3,-0.08530949273897022,Baseline data,TTAAGTAAACGAGGAAAATA,AACGAG,,-0.08530949273897022,no
4,0.18586680671436256,Baseline data,TTAAGTAGGCGAGGAAAATA,GGCGAG,0.488244927033951,0.5311081055000004,no
5,-0.8100570366205649,Baseline data,TTAAGTAGGCGCGGAAAATA,GGCGCG,,-0.8100570366205649,no
6,-0.3719709121594664,Baseline data,TTAAGTAAACGGGGAAAATA,AACGGG,3.106278960646545e-05,-0.37194894745029317,no
7,-0.8798608823732534,Baseline data,TTAAGTAAACGCGGAAAATA,AACGCG,,-0.8798608823732534,no
8,-0.6538000955618407,Baseline data,TTAAGTAGACGAGGAAAATA,GACGAG,,-0.6538000955618407,no
9,-0.15937449207127527,Baseline data,TTAAGTAGGCGGGGAAAATA,GGCGGG,,-0.15937449207127527,no
30,0.18586680671436256,Baseline data,TTAAGTAGGCGAGGAAAATA,GGCGAG,0.488244927033951,-0.15937449207127527,no
34,-0.7904205866196513,Baseline data,TTAAGTAGACGGGGAAAATA,GACGGG,,-0.7904205866196513,no
47,-0.3719709121594664,Baseline data,TTAAGTAAACGGGGAAAATA,AACGGG,3.106278960646545e-05,-0.37199287686863974,no
59,1.2687708983754846,Baseline data,AGCATCTAAGGGGGATACTA,AAGGGG,,1.2687708983754846,no
61,0.23063088400951018,Baseline data,AGCATCTAAGAGGGGTACTA,AAGAGG,,0.23063088400951018,no
62,2.0816408554602845,Baseline data,AGCATCTAAGGGGGGTACTA,AAGGGG,,2.0816408554602845,no
66,-0.3179157628840208,Baseline data,AGCATCTAAGGGGGCTACTA,AAGGGG,,-0.3179157628840208,no
67,-0.7327851897489608,Baseline data,AGCATCTAAGAGGGATACTA,AAGAGG,,-0.7327851897489608,no
78,-0.9167176643660196,Baseline data,AGCATCTAAGAGCGATACTA,AAGAGC,,-0.9167176643660196,no
79,-0.7504667806334524,Baseline data,AGCATCTAAGGGCGGTACTA,AAGGGC,0.20827600431114907,-0.6031934056266003,no
89,-0.8104963308040306,Baseline data,AGCATCTAAGAGGGCTACTA,AAGAGG,0.10990014962756837,-0.7327851897489608,no
93,-0.8977401556403045,Baseline data,AGCATCTAAGGGCGCTACTA,AAGGGC,,-0.8977401556403045,no
94,-0.8513946192846806,Baseline data,AGCATCTAAGAGCGGTACTA,AAGAGC,,-0.8513946192846806,no
95,-0.8839023888611373,Baseline data,AGCATCTAAGGGCGATACTA,AAGGGC,,-0.8839023888611373,no
100,-0.9376719969173302,Baseline data,AGCATCTAAGAGCGCTACTA,AAGAGC,,-0.9376719969173302,no
104,-0.7504667806334524,Baseline data,AGCATCTAAGGGCGGTACTA,AAGGGC,0.20827600431114907,-0.8977401556403045,no
117,-0.8104963308040306,Baseline data,AGCATCTAAGAGGGCTACTA,AAGAGG,0.10990014962756837,-0.8882074718591004,no
119,-0.294574598602547,Baseline data,TTTAAGGAAGGAACGTACAT,AAGGAA,0.8687791403642038,-0.04568515739037048,no
120,0.03304514617033964,Baseline data,TTTAAGGACGTAACGTACAT,ACGTAA,1.4315487027127005,2.5276123105145913,no
121,-0.294574598602547,Baseline data,TTTAAGGAAGGAACGTACAT,AAGGAA,0.8687791403642038,-0.7327851897489608,no
122,0.17118705941688617,Baseline data,TTTAAGGAAGAAACGTACAT,AAGAAA,1.4290623508187412,1.3706871489395105,no
124,0.17118705941688617,Baseline data,TTTAAGGAAGAAACGTACAT,AAGAAA,1.4290623508187412,-0.554475680680262,no
125,-0.6436304352146114,Baseline data,TTTAAGGAGGAAACGTACAT,AGGAAA,0.1260838630125211,-0.7327851897489608,no
126,-0.294574598602547,Baseline data,TTTAAGGAAGGAACGTACAT,AAGGAA,0.8687791403642038,-0.8932154255506085,no
127,0.03304514617033964,Baseline data,TTTAAGGACGTAACGTACAT,ACGTAA,1.4315487027127005,-0.04568515739037048,no
128,-0.0883186578957098,Baseline data,TTTAAGGAAGTAACGTACAT,AAGTAA,0.9721721263126074,0.5991108451004797,no
129,-0.294574598602547,Baseline data,TTTAAGGAAGGAACGTACAT,AAGGAA,0.8687791403642038,1.3706871489395105,no
131,0.03304514617033964,Baseline data,TTTAAGGACGTAACGTACAT,ACGTAA,1.4315487027127005,-0.7327851897489608,no
134,0.03304514617033964,Baseline data,TTTAAGGACGTAACGTACAT,ACGTAA,1.4315487027127005,-0.8932154255506085,no
136,0.26744373658392984,Baseline data,TTTAAGGACGGAACGTACAT,ACGGAA,0.8904041627927739,1.3706871489395105,no
138,0.26744373658392984,Baseline data,TTTAAGGACGGAACGTACAT,ACGGAA,0.8904041627927739,-0.34554736702400884,no
139,0.03304514617033964,Baseline data,TTTAAGGACGTAACGTACAT,ACGTAA,1.4315487027127005,-0.6907008069729536,no
140,0.17118705941688617,Baseline data,TTTAAGGAAGAAACGTACAT,AAGAAA,1.4290623508187412,-0.6907008069729536,no
142,0.26744373658392984,Baseline data,TTTAAGGACGGAACGTACAT,ACGGAA,0.8904041627927739,-0.554475680680262,no
143,-0.5896777879153077,Baseline data,TTTAAGGACGAAACGTACAT,ACGAAA,0.21246769312493471,-0.7327851897489608,no
145,0.17118705941688617,Baseline data,TTTAAGGAAGAAACGTACAT,AAGAAA,1.4290623508187412,-0.8932154255506085,no
146,-0.5896777879153077,Baseline data,TTTAAGGACGAAACGTACAT,ACGAAA,0.21246769312493471,-0.34554736702400884,no
148,-0.294574598602547,Baseline data,TTTAAGGAAGGAACGTACAT,AAGGAA,0.8687791403642038,-0.7757481608918994,no
149,-0.7757481608918994,Baseline data,TTTAAGGAGGGAACGTACAT,AGGGAA,,-0.7757481608918994,no
150,-0.5896777879153077,Baseline data,TTTAAGGACGAAACGTACAT,ACGAAA,0.21246769312493471,-0.6907008069729536,no
151,-0.7327851897489608,Baseline data,TTTAAGGAGGTAACGTACAT,AGGTAA,,-0.7327851897489608,no
152,-0.0883186578957098,Baseline data,TTTAAGGAAGTAACGTACAT,AAGTAA,0.9721721263126074,-0.7757481608918994,no
153,-0.6436304352146114,Baseline data,TTTAAGGAGGAAACGTACAT,AGGAAA,0.1260838630125211,-0.554475680680262,no
154,0.17118705941688617,Baseline data,TTTAAGGAAGAAACGTACAT,AAGAAA,1.4290623508187412,2.5276123105145913,no
155,0.26744373658392984,Baseline data,TTTAAGGACGGAACGTACAT,ACGGAA,0.8904041627927739,0.5991108451004797,no
156,-0.294574598602547,Baseline data,TTTAAGGAAGGAACGTACAT,AAGGAA,0.8687791403642038,-0.6907008069729536,no
157,0.17118705941688617,Baseline data,TTTAAGGAAGAAACGTACAT,AAGAAA,1.4290623508187412,-0.7327851897489608,no
158,0.1377640936248762,Baseline data,AAAGATGAGGAGTGCAAAAA,AGGAGT,,0.1377640936248762,no
159,0.6789745276545311,Baseline data,AAAGATGAGGAGTACAAAAA,AGGAGT,,0.6789745276545311,no
166,2.8753575861459835,Baseline data,AAATATGAGGAGTACAAAAA,AGGAGT,,2.8753575861459835,no
167,1.3832509625866276,Baseline data,AAATATGAGGAGTGCAAAAA,AGGAGT,,1.3832509625866276,no
174,-0.7410439203981146,Baseline data,AAAGATGAGGCGTACAAAAA,AGGCGT,,-0.7410439203981146,no
180,-0.895280108212897,Baseline data,AAAGATGAGGCGTGCAAAAA,AGGCGT,,-0.895280108212897,no
188,-0.4746998569629038,Baseline data,AAATATGAGGCGTACAAAAA,AGGCGT,,-0.4746998569629038,no
193,-0.8416862178300902,Baseline data,AAATATGAGGCGTGCAAAAA,AGGCGT,,-0.8416862178300902,no
197,-0.7113476335958382,Baseline data,AACACGAGAGGAGGCATACG,GAGGAG,0.17339249158312217,-0.588740626990581,no
198,-0.8452664654253352,Baseline data,AACACGCGAGGAGGAATACG,GAGGAG,0.015997336647314186,-0.8339546402010952,no
199,-0.038231799410903634,Baseline data,AACACGTGACGAGGAATACG,GACGAG,1.2719627817961197,-0.588740626990581,no
200,-0.6264027816530343,Baseline data,AACACGAGAGGAGGAATACG,GAGGAG,0.2138464337235918,-0.8565782906495751,no
202,-0.2596360678775807,Baseline data,AACACGAGACGAGGAATACG,GACGAG,0.7005165510642756,-0.8565782906495751,no
203,-0.038231799410903634,Baseline data,AACACGTGACGAGGAATACG,GACGAG,1.2719627817961197,0.51155951433578,no
204,-0.7597578526137504,Baseline data,AACACGCGACGAGGCATACG,GACGAG,0.14853661496340984,-0.588740626990581,no
205,-0.7113476335958382,Baseline data,AACACGAGAGGAGGCATACG,GAGGAG,0.17339249158312217,-0.8339546402010952,no
206,-0.5639863997522929,Baseline data,AACACGTGAGGAGGAATACG,GAGGAG,0.18398490283891664,-0.6940833721856389,no
207,-0.6264027816530343,Baseline data,AACACGAGAGGAGGAATACG,GAGGAG,0.2138464337235918,-0.588740626990581,no
209,-0.038231799410903634,Baseline data,AACACGTGACGAGGAATACG,GACGAG,1.2719627817961197,-0.8339546402010952,no
212,-0.7597578526137504,Baseline data,AACACGCGACGAGGCATACG,GACGAG,0.14853661496340984,-0.8339546402010952,no
214,-0.6264027816530343,Baseline data,AACACGAGAGGAGGAATACG,GAGGAG,0.2138464337235918,-0.43388942731894686,no
216,-0.6131873483004433,Baseline data,AACACGTGAGGAGGCATACG,GAGGAG,0.2535655515573319,-0.43388942731894686,no
217,-0.7679397067807978,Baseline data,AACACGTGACGAGGCATACG,GACGAG,0.12237859946481183,-0.8339546402010952,no
218,-0.7679397067807978,Baseline data,AACACGTGACGAGGCATACG,GACGAG,0.12237859946481183,-0.8565782906495751,no
220,-0.2596360678775807,Baseline data,AACACGAGACGAGGAATACG,GACGAG,0.7005165510642756,-0.43388942731894686,no
221,-0.038231799410903634,Baseline data,AACACGTGACGAGGAATACG,GACGAG,1.2719627817961197,-0.7924852692819399,no
223,-0.7597578526137504,Baseline data,AACACGCGACGAGGCATACG,GACGAG,0.14853661496340984,-0.8565782906495751,no
224,-0.6131873483004433,Baseline data,AACACGTGAGGAGGCATACG,GAGGAG,0.2535655515573319,-0.7924852692819399,no
226,-0.1344811550082229,Baseline data,AACACGAGACGAGGCATACG,GACGAG,0.8796083884608766,-0.588740626990581,no
227,-0.1344811550082229,Baseline data,AACACGAGACGAGGCATACG,GACGAG,0.8796083884608766,0.8793805341515512,no
228,-0.7679397067807978,Baseline data,AACACGTGACGAGGCATACG,GACGAG,0.12237859946481183,-0.7924852692819399,no
229,-0.038231799410903634,Baseline data,AACACGTGACGAGGAATACG,GACGAG,1.2719627817961197,2.3308085163219894,no
230,-0.1344811550082229,Baseline data,AACACGAGACGAGGCATACG,GACGAG,0.8796083884608766,-0.6940833721856389,no
231,-0.2596360678775807,Baseline data,AACACGAGACGAGGAATACG,GACGAG,0.7005165510642756,0.51155951433578,no
232,-0.8452664654253352,Baseline data,AACACGCGAGGAGGAATACG,GAGGAG,0.015997336647314186,-0.8565782906495751,no
233,-0.5639863997522929,Baseline data,AACACGTGAGGAGGAATACG,GAGGAG,0.18398490283891664,-0.43388942731894686,no
234,-0.7679397067807978,Baseline data,AACACGTGACGAGGCATACG,GACGAG,0.12237859946481183,-0.588740626990581,no
235,-0.038231799410903634,Baseline data,AACACGTGACGAGGAATACG,GACGAG,1.2719627817961197,-0.8565782906495751,no
236,-0.3878513968917489,Baseline data,GCCAAATTGGGAGGTGGGCG,TGGGAG,6.945850913075829e-05,-0.38780746747340233,no
237,-0.3878513968917489,Baseline data,GCCAAATTGGGAGGTGGGCG,TGGGAG,6.945850913075829e-05,-0.3877635380550558,no
238,0.011928274771146765,Baseline data,GCCAAATTGGGAGGAGGGCG,TGGGAG,0.00010760465964633661,0.011906310061973483,no
239,0.011928274771146765,Baseline data,GCCAAATTGGGAGGAGGGCG,TGGGAG,0.00010760465964633661,0.01199416889866661,no
240,0.011928274771146765,Baseline data,GCCAAATTGGGAGGAGGGCG,TGGGAG,0.00010760465964633661,0.012038098317013171,no
241,1.7506546529281066,Baseline data,GCCAAATAGGGAGGAGGGCG,AGGGAG,3.106278960640658e-05,1.7506326882189334,no
242,0.011928274771146765,Baseline data,GCCAAATTGGGAGGAGGGCG,TGGGAG,0.00010760465964633661,0.011774521806933795,no
243,-0.3878513968917489,Baseline data,GCCAAATTGGGAGGTGGGCG,TGGGAG,6.945850913075829e-05,-0.38793925572844207,no
244,0.011928274771146765,Baseline data,GCCAAATTGGGAGGAGGGCG,TGGGAG,0.00010760465964633661,0.011818451225280358,no
245,-0.3878513968917489,Baseline data,GCCAAATTGGGAGGTGGGCG,TGGGAG,6.945850913075829e-05,-0.3878953263100955,no
248,0.011928274771146765,Baseline data,GCCAAATTGGGAGGAGGGCG,TGGGAG,0.00010760465964633661,0.011950239480320047,no
250,0.011928274771146765,Baseline data,GCCAAATTGGGAGGAGGGCG,TGGGAG,0.00010760465964633661,0.012082027735359735,no
251,-0.3878513968917489,Baseline data,GCCAAATTGGGAGGTGGGCG,TGGGAG,6.945850913075829e-05,-0.3878513968917489,no
252,0.3664606455370827,Baseline data,GCCAAATAGGGAGGTGGGCG,AGGGAG,,0.3664606455370827,no
254,0.011928274771146765,Baseline data,GCCAAATTGGGAGGAGGGCG,TGGGAG,0.00010760465964633661,0.011862380643626921,no
256,1.7506546529281066,Baseline data,GCCAAATAGGGAGGAGGGCG,AGGGAG,3.106278960640658e-05,1.7506766176372799,no
257,-0.8356239580982646,Baseline data,GCCAAATTGGGAGGCGGGCG,TGGGAG,,-0.8356239580982646,no
264,-0.6863517945566439,Baseline data,GCCAAATAGGGAGGCGGGCG,AGGGAG,,-0.6863517945566439,no
