,Name,RBS,RBS6,AVERAGE,STD,Group,variable,label
0,RBS_1by1_0,TTTAAGAAGGAGATATACAT,AGGAGA,69.5632441490869,17.7436621601498,reference,Rep2,52.4024308742318
1,RBS_1by1_1,CTTAAGAAGGAGATATACAT,AGGAGA,53.4041833430766,15.2561659999009,bps_noncore,Rep2,40.0729510654815
2,RBS_1by1_2,GTTAAGAAGGAGATATACAT,AGGAGA,34.9994192275654,13.0047831797023,bps_noncore,Rep2,28.8315590988607
3,RBS_1by1_3,ATTAAGAAGGAGATATACAT,AGGAGA,51.0222008096645,14.3850701913841,bps_noncore,Rep2,43.0933590095392
4,RBS_1by1_4,TCTAAGAAGGAGATATACAT,AGGAGA,51.4584340679373,11.487255342722,bps_noncore,Rep2,45.9132136885755
5,RBS_1by1_5,TGTAAGAAGGAGATATACAT,AGGAGA,28.575681876758,10.2336225433563,bps_noncore,Rep2,21.973718715652
6,RBS_1by1_6,TATAAGAAGGAGATATACAT,AGGAGA,41.5140827850865,11.6004529246663,bps_noncore,Rep2,35.4026438995032
7,RBS_1by1_8,TTGAAGAAGGAGATATACAT,AGGAGA,45.3187671686119,7.27173688480705,bps_noncore,Rep2,40.1977444663301
8,RBS_1by1_9,TTAAAGAAGGAGATATACAT,AGGAGA,35.8447602489963,17.6541750655294,bps_noncore,Rep2,27.1777393378885
9,RBS_1by1_10,TTTCAGAAGGAGATATACAT,AGGAGA,41.7634198980636,10.4123983163159,bps_noncore,Rep2,30.9264531279906
10,RBS_1by1_11,TTTGAGAAGGAGATATACAT,AGGAGA,51.8834975952094,12.2761812400753,bps_noncore,Rep2,44.897779461053
11,RBS_1by1_12,TTTTAGAAGGAGATATACAT,AGGAGA,49.7156031496403,17.5701045150886,bps_noncore,Rep2,37.8506342548584
12,RBS_1by1_13,TTTACGAAGGAGATATACAT,AGGAGA,49.0917124366076,15.923846982311,bps_noncore,Rep2,37.1865573874997
13,RBS_1by1_14,TTTAGGAAGGAGATATACAT,AGGAGA,46.7733493664676,16.7640130835511,bps_noncore,Rep2,36.7191236173622
14,RBS_1by1_15,TTTATGAAGGAGATATACAT,AGGAGA,33.9587952332307,16.0058517414339,bps_noncore,Rep2,23.9464553420296
15,RBS_1by1_16,TTTAACAAGGAGATATACAT,AGGAGA,35.7098782217986,9.97474706800356,bps_noncore,Rep2,29.7055221739268
16,RBS_1by1_17,TTTAAAAAGGAGATATACAT,AGGAGA,31.1874686177543,8.27953133946976,bps_noncore,Rep2,25.1140718006925
17,RBS_1by1_18,TTTAATAAGGAGATATACAT,AGGAGA,33.437060906915,8.45488148454329,bps_noncore,Rep2,28.2187559874023
18,RBS_1by1_19,TTTAAGCAGGAGATATACAT,AGGAGA,29.8894709565281,11.1183319875098,bps_noncore,Rep2,21.9470245046012
19,RBS_1by1_20,TTTAAGGAGGAGATATACAT,AGGAGA,36.8697036426196,9.66929747762812,bps_noncore,Rep2,38.5173091972369
20,RBS_1by1_21,TTTAAGTAGGAGATATACAT,AGGAGA,29.3043079536479,12.5217823495463,bps_core,Rep2,23.4342121999834
21,RBS_1by1_22,TTTAAGACGGAGATATACAT,CGGAGA,32.7298306269198,6.18704960770715,bps_core,Rep2,30.1165285722543
22,RBS_1by1_23,TTTAAGAGGGAGATATACAT,GGGAGA,22.6195960296542,14.1504444443407,bps_core,Rep2,15.7509751581518
23,RBS_1by1_24,TTTAAGATGGAGATATACAT,TGGAGA,34.2496083692784,7.27253509508347,bps_core,Rep2,30.4101298803439
24,RBS_1by1_25,TTTAAGAACGAGATATACAT,ACGAGA,42.7872962101359,14.9446835112269,bps_core,Rep2,33.031041129424
25,RBS_1by1_26,TTTAAGAAAGAGATATACAT,AAGAGA,26.9740113809471,18.7265801169272,bps_core,Rep2,17.3197172364118
26,RBS_1by1_27,TTTAAGAATGAGATATACAT,ATGAGA,18.7786864944873,8.98859172557281,bps_core,Rep2,14.4751012019608
27,RBS_1by1_28,TTTAAGAAGCAGATATACAT,AGCAGA,18.2120488829295,7.83749467936479,bps_core,Rep2,13.7006632906307
28,RBS_1by1_29,TTTAAGAAGAAGATATACAT,AGAAGA,11.5157535646992,8.11085970019477,bps_core,Rep2,10.30270525886
29,RBS_1by1_30,TTTAAGAAGTAGATATACAT,AGTAGA,8.15118458257368,3.91336350884379,bps_core,Rep2,2.20689740549706
30,RBS_1by1_31,TTTAAGAAGGCGATATACAT,AGGCGA,8.11138453791744,3.15887683163185,bps_core,Rep2,5.09390281276871
31,RBS_1by1_32,TTTAAGAAGGGGATATACAT,AGGGGA,17.7615032807536,2.98119269057245,bps_core,Rep2,19.3448730032053
32,RBS_1by1_33,TTTAAGAAGGTGATATACAT,AGGTGA,21.7479609914766,7.15940750589619,bps_core,Rep2,19.6624677460825
33,RBS_1by1_34,TTTAAGAAGGACATATACAT,AGGACA,24.767179088474,6.590294975681,bps_core,Rep2,20.1816481158184
34,RBS_1by1_35,TTTAAGAAGGAAATATACAT,AGGAAA,23.1847421016884,8.1086614412899,bps_core,Rep2,19.3941051643901
35,RBS_1by1_36,TTTAAGAAGGATATATACAT,AGGATA,36.8049667381413,6.89531608363487,bps_core,Rep2,33.6553489131591
36,RBS_1by1_37,TTTAAGAAGGAGCTATACAT,AGGAGC,32.1787149781596,18.0213997729588,bps_core,Rep2,21.7545669118678
37,RBS_1by1_38,TTTAAGAAGGAGGTATACAT,AGGAGG,27.1773282319903,10.4990875519274,bps_core,Rep2,22.6866044356542
38,RBS_1by1_39,TTTAAGAAGGAGTTATACAT,AGGAGT,25.5007734194099,10.7811854368611,bps_noncore,Rep2,17.606108127821
39,RBS_1by1_40,TTTAAGAAGGAGACATACAT,AGGAGA,30.8826930353091,6.09794894039224,bps_noncore,Rep2,25.0278987665897
40,RBS_1by1_41,TTTAAGAAGGAGAGATACAT,AGGAGA,32.0443541550277,8.00789532255212,bps_noncore,Rep2,25.355344461352
41,RBS_1by1_42,TTTAAGAAGGAGAAATACAT,AGGAGA,13.0248849813343,15.1226433265054,bps_noncore,Rep2,5.61783014631719
42,RBS_1by1_43,TTTAAGAAGGAGATCTACAT,AGGAGA,7.25451203234166,3.5844345637248,bps_noncore,Rep2,5.41724489389713
43,RBS_1by1_44,TTTAAGAAGGAGATGTACAT,AGGAGA,28.8004703299372,13.2352307520765,bps_noncore,Rep2,37.0122773505695
44,RBS_1by1_45,TTTAAGAAGGAGATTTACAT,AGGAGA,33.5012264459926,11.2544450555574,bps_noncore,Rep2,28.3227045592672
45,RBS_1by1_46,TTTAAGAAGGAGATACACAT,AGGAGA,32.9749114480213,8.8424783775874,bps_noncore,Rep2,25.9216236114099
46,RBS_1by1_47,TTTAAGAAGGAGATAGACAT,AGGAGA,40.1437962070763,7.39390771964673,bps_noncore,Rep2,36.3538113675366
47,RBS_1by1_48,TTTAAGAAGGAGATAAACAT,AGGAGA,54.384883381219,12.982823542956,bps_noncore,Rep2,43.3772972301697
48,RBS_1by1_49,TTTAAGAAGGAGATATCCAT,AGGAGA,46.6011937717758,19.3250162689448,bps_noncore,Rep2,30.5935251349106
49,RBS_1by1_50,TTTAAGAAGGAGATATGCAT,AGGAGA,33.0843622207156,17.6957366947601,bps_noncore,Rep2,24.2499694582627
50,RBS_1by1_51,TTTAAGAAGGAGATATTCAT,AGGAGA,34.3035923134974,9.01573892579993,bps_noncore,Rep2,28.9565465930705
51,RBS_1by1_52,TTTAAGAAGGAGATATAAAT,AGGAGA,35.9822027418978,10.0019914372189,bps_noncore,Rep2,26.3713973806905
52,RBS_1by1_53,TTTAAGAAGGAGATATAGAT,AGGAGA,32.293991002814,7.1176381739398,bps_noncore,Rep2,26.9175312936838
53,RBS_1by1_54,TTTAAGAAGGAGATATATAT,AGGAGA,33.2765035656412,8.31573244237777,bps_noncore,Rep2,26.2036484531875
54,RBS_1by1_55,TTTAAGAAGGAGATATACCT,AGGAGA,33.3099431773591,6.78540630164179,bps_noncore,Rep2,28.4305349444004
55,RBS_1by1_56,TTTAAGAAGGAGATATACGT,AGGAGA,37.2890041391835,9.65155648502951,bps_noncore,Rep2,32.6804880713085
56,RBS_1by1_57,TTTAAGAAGGAGATATACTT,AGGAGA,37.0432050012119,10.8027691479945,bps_noncore,Rep2,31.2043199906474
57,RBS_1by1_58,TTTAAGAAGGAGATATACAC,AGGAGA,38.8593116468717,9.93496945635527,bps_noncore,Rep2,29.1751522295213
58,RBS_1by1_59,TTTAAGAAGGAGATATACAG,AGGAGA,24.6926424405179,15.8625589719227,bps_noncore,Rep2,12.9026795019774
59,RBS_1by1_60,TTTAAGAAGGAGATATACAA,AGGAGA,50.6371408899464,11.9308223604208,bps_noncore,Rep2,43.1831727770489
60,RBS_RU_0,TTTAAGAGTTGACTATACAT,GTTGAC,46.1962114263439,22.7774943648054,uni random,Rep2,33.7559427295161
61,RBS_RU_1,TTTAAGATACCTGTATACAT,TACCTG,21.4549154230499,22.8403396216059,uni random,Rep2,8.17776243244393
62,RBS_RU_2,TTTAAGAGAAGCGTATACAT,GAAGCG,12.9962951742914,10.2975483424834,uni random,Rep2,4.76519265748893
63,RBS_RU_3,TTTAAGAGTATGCTATACAT,GTATGC,10.6962969097958,3.90403762152153,uni random,Rep2,7.57529683026882
64,RBS_RU_4,TTTAAGATCACTTTATACAT,TCACTT,7.74932021964005,3.06704283972125,uni random,Rep2,6.82506893465121
65,RBS_RU_5,TTTAAGAGAAGCCTATACAT,GAAGCC,10.2819145257563,6.2636463275334,uni random,Rep2,11.3625378363528
66,RBS_RU_6,TTTAAGAATAGAATATACAT,ATAGAA,9.33698434430697,2.87832836995571,uni random,Rep2,6.69179365789406
67,RBS_RU_7,TTTAAGATCTGACTATACAT,TCTGAC,10.3999479996321,3.6260967546442,uni random,Rep2,12.7065303234743
68,RBS_RU_8,TTTAAGATAAGTATATACAT,TAAGTA,11.3379891095874,3.04675359848221,uni random,Rep2,12.2883984596519
69,RBS_RU_9,TTTAAGAGATAAATATACAT,GATAAA,12.3318727040289,3.27102989521828,uni random,Rep2,11.3956353465009
70,RBS_RU_10,TTTAAGAGGTCAATATACAT,GGTCAA,21.7444952467542,6.18244808023228,uni random,Rep2,17.5397735730398
71,RBS_RU_11,TTTAAGACGATCCTATACAT,CGATCC,25.952206753338,10.6242953129042,uni random,Rep2,19.1887725677855
72,RBS_RU_12,TTTAAGAACAGACTATACAT,ACAGAC,21.0257791398254,13.8909553533077,uni random,Rep2,12.4890034130825
73,RBS_RU_13,TTTAAGAGTTATATATACAT,GTTATA,18.8416717090784,9.63260448055558,uni random,Rep2,12.7307511266014
74,RBS_RU_14,TTTAAGAGGAACATATACAT,GGAACA,16.6896162868685,8.98896184138358,uni random,Rep2,11.5617172966071
75,RBS_RU_15,TTTAAGACCCGAATATACAT,CCCGAA,24.7700794974538,8.4998824776648,uni random,Rep2,26.092047759046
76,RBS_RU_16,TTTAAGAAATGTCTATACAT,AATGTC,15.0651804317934,13.6146216249382,uni random,Rep2,12.3028665794186
77,RBS_RU_17,TTTAAGACGTACCTATACAT,CGTACC,12.8334086273692,2.60761515975753,uni random,Rep2,11.7345705352473
78,RBS_RU_18,TTTAAGAACCGTGTATACAT,ACCGTG,17.1199234125026,6.85039784424886,uni random,Rep2,12.0690740654514
79,RBS_RU_19,TTTAAGAGGACACTATACAT,GGACAC,14.1323485159486,10.4571233269751,uni random,Rep2,13.9831766434003
80,RBS_RU_20,TTTAAGAATCCCATATACAT,ATCCCA,18.464841791492,7.61051883015962,uni random,Rep2,15.1244360198307
81,RBS_RU_21,TTTAAGAGAGCGATATACAT,GAGCGA,17.6166696505124,9.37273267152771,uni random,Rep2,9.35993411800132
82,RBS_RU_22,TTTAAGAATATGCTATACAT,ATATGC,32.7234882471662,8.0759587311645,uni random,Rep2,27.2241961999353
83,RBS_RU_23,TTTAAGACAACATTATACAT,CAACAT,31.1697620235075,16.0843180908794,uni random,Rep2,20.4572867051876
84,RBS_RU_24,TTTAAGAGCTACATATACAT,GCTACA,34.8692475983965,12.2705044093156,uni random,Rep2,26.0038628260927
85,RBS_RU_25,TTTAAGAGAAGACTATACAT,GAAGAC,27.0803601382736,17.1962084199594,uni random,Rep2,17.1643919376333
86,RBS_RU_26,TTTAAGACTCCGTTATACAT,CTCCGT,25.9922227743851,9.85076467638451,uni random,Rep2,18.5043678218635
87,RBS_RU_27,TTTAAGATTACTATATACAT,TTACTA,25.5053892520856,13.5575424304119,uni random,Rep2,17.0914214980466
88,RBS_RU_28,TTTAAGACGAGACTATACAT,CGAGAC,22.3208281074126,8.66344079193344,uni random,Rep2,16.0902706794362
89,RBS_BA_00,TTTAAGACGGATTTATACAT,CGGATT,36.862720942872,11.5712251104144,bandit,Rep2,29.6957218351174
90,RBS_BA_01,TTTAAGATTCGGATATACAT,TTCGGA,32.7198967320074,11.235537685303,bandit,Rep2,28.1856200104315
91,RBS_BA_02,TTTAAGACTCGGATATACAT,CTCGGA,31.8143224291878,11.4442312240224,bandit,Rep2,25.6725765944549
92,RBS_BA_03,TTTAAGAACCGGATATACAT,ACCGGA,30.2952449419549,10.964175652668,bandit,Rep2,22.032648252148
93,RBS_BA_04,TTTAAGAGCCGGATATACAT,GCCGGA,31.1380955516851,10.2707052040509,bandit,Rep2,26.9483345875681
94,RBS_BA_05,TTTAAGAATCGGATATACAT,ATCGGA,28.7312055906067,9.07141932982487,bandit,Rep2,27.4647372668941
95,RBS_BA_06,TTTAAGACCGGATTATACAT,CCGGAT,31.4560562655559,10.3201686455674,bandit,Rep2,28.0114924694659
96,RBS_BA_07,TTTAAGATAAAGATATACAT,TAAAGA,25.9819890465059,8.8305473807622,bandit,Rep2,20.7448747737654
97,RBS_BA_08,TTTAAGACGATAATATACAT,CGATAA,24.0243326730116,7.49634957342848,bandit,Rep2,23.5958588022674
98,RBS_BA_09,TTTAAGAACACACTATACAT,ACACAC,24.7931508322038,8.47867880236014,bandit,Rep2,20.1011383444583
99,RBS_BA_10,TTTAAGATATATATATACAT,TATATA,28.4162088683051,9.28320116750407,bandit,Rep2,24.2038285467745
100,RBS_BA_11,TTTAAGACTCTCTTATACAT,CTCTCT,38.9101291440617,15.0298573694921,bandit,Rep2,28.7224359705378
101,RBS_BA_12,TTTAAGAGTGTGTTATACAT,GTGTGT,28.6128875009916,10.1431253411725,bandit,Rep2,24.2351791564609
102,RBS_BA_13,TTTAAGAATATATTATACAT,ATATAT,24.1208347656506,6.80522729167525,bandit,Rep2,20.3629103062242
103,RBS_BA_14,TTTAAGATGTGTGTATACAT,TGTGTG,23.448580724026,7.81394177786083,bandit,Rep2,17.4790893192209
104,RBS_BA_15,TTTAAGATCTCTCTATACAT,TCTCTC,18.0907710481882,8.67080471785389,bandit,Rep2,17.1806167297597
105,RBS_BA_16,TTTAAGACACACATATACAT,CACACA,15.1311256880338,8.13761418483123,bandit,Rep2,7.73006084032916
106,RBS_BA_17,TTTAAGACTAAGATATACAT,CTAAGA,13.1167053198325,5.03615432771865,bandit,Rep2,8.6478545553018
107,RBS_BA_18,TTTAAGAATAAGATATACAT,ATAAGA,15.4570812947231,7.57183179862338,bandit,Rep2,14.914491402997
108,RBS_BA_19,TTTAAGATAAGATTATACAT,TAAGAT,12.4095685736107,4.59830033672142,bandit,Rep2,8.56453919578373
109,RBS_BA_20,TTTAAGATTAAGATATACAT,TTAAGA,10.349743454152,1.84706406659486,bandit,Rep2,10.1388022635022
110,RBS_BA_21,TTTAAGAGGTCGATATACAT,GGTCGA,13.1135588851647,4.46737303005784,bandit,Rep2,16.2085117033401
111,RBS_BA_22,TTTAAGAGGTAGATATACAT,GGTAGA,38.4018059000428,10.8019323697004,bandit,Rep2,27.1362564576435
112,RBS_BA_24,TTTAAGAGGGGGATATACAT,GGGGGA,42.4130608813776,13.5772531340401,bandit,Rep2,30.1395177186732
113,RBS_BA_25,TTTAAGAGGGGATTATACAT,GGGGAT,43.8741560140223,12.2859665104831,bandit,Rep2,32.6008286842599
114,RBS_BA_26,TTTAAGAGGGATCTATACAT,GGGATC,20.1862128148612,7.52057022300158,bandit,Rep2,14.624173517582
115,RBS_BA_27,TTTAAGAGGGATTTATACAT,GGGATT,19.3002136915127,4.13361532082708,bandit,Rep2,14.703895994216
116,RBS_BA_28,TTTAAGAGGGATGTATACAT,GGGATG,17.2811594583003,4.87414462737258,bandit,Rep2,16.4364485899713
117,RBS_BA_29,TTTAAGAGGGATATATACAT,GGGATA,19.6704218815775,4.31521130673719,bandit,Rep2,17.3086253728578
118,RBS_BA_30,TTTAAGAGGATCTTATACAT,GGATCT,9.83456352406359,3.13866086071652,bandit,Rep2,10.6837430730866
119,RBS_BA_31,TTTAAGAGGATTTTATACAT,GGATTT,30.6686904414344,7.71765244360738,bandit,Rep2,25.6546299651711
120,RBS_BA_32,TTTAAGAGGATAGTATACAT,GGATAG,28.0321949076726,7.12454688064529,bandit,Rep2,22.8695898749681
121,RBS_BA_33,TTTAAGAGGATTATATACAT,GGATTA,35.4314177544925,7.81760566799024,bandit,Rep2,29.5335086772943
122,RBS_BA_34,TTTAAGAGGATATTATACAT,GGATAT,42.8940028174239,14.6024909065969,bandit,Rep2,30.2693650685914
123,RBS_BA_35,TTTAAGAGGATACTATACAT,GGATAC,42.7761600435975,13.0868371488533,bandit,Rep2,39.7250750803069
124,RBS_BA_36,TTTAAGAGGATGCTATACAT,GGATGC,39.1606707499531,9.50442456552083,bandit,Rep2,38.2284603991078
125,RBS_BA_37,TTTAAGAGGATGTTATACAT,GGATGT,35.4941106219746,8.2943585868404,bandit,Rep2,32.3702273047048
126,RBS_BA_38,TTTAAGAGGATTCTATACAT,GGATTC,24.6143006801211,6.70424179105758,bandit,Rep2,20.5859772171644
127,RBS_BA_39,TTTAAGAGGATCGTATACAT,GGATCG,17.9297876673622,6.62697301641789,bandit,Rep2,15.0058781721867
128,RBS_BA_40,TTTAAGAGGATTGTATACAT,GGATTG,29.8092362763563,6.66297145888352,bandit,Rep2,25.094961225374
129,RBS_BA_41,TTTAAGAGGATCCTATACAT,GGATCC,15.3339477358257,3.87087869155189,bandit,Rep2,13.6050521858432
130,RBS_BA_42,TTTAAGAGGATGATATACAT,GGATGA,28.8114487151385,7.44862432080926,bandit,Rep2,22.0329749882372
131,RBS_BA_43,TTTAAGAGGATCATATACAT,GGATCA,10.7340453480736,3.03326950455782,bandit,Rep2,10.9588254284464
132,RBS_BA_44,TTTAAGACCCCGATATACAT,CCCCGA,9.34114893686083,2.82156830974913,bandit,Rep2,5.340197014859
133,RBS_BA_45,TTTAAGATTTTTGTATACAT,TTTTTG,11.0109705052789,2.89240515243733,bandit,Rep2,8.78233189162012
134,RBS_BA_46,TTTAAGATTTTTATATACAT,TTTTTA,23.4469586132809,8.57815288133268,bandit,Rep2,17.6126129429583
135,RBS_BA_47,TTTAAGAGTTTTTTATACAT,GTTTTT,31.9437680089697,11.1066207248234,bandit,Rep2,22.8054139098118
136,RBS_BA_48,TTTAAGACTTTTTTATACAT,CTTTTT,18.966807990469,8.00810184269537,bandit,Rep2,18.5998404357594
137,RBS_BA_49,TTTAAGACCCCCTTATACAT,CCCCCT,13.1971900352984,5.84342105440353,bandit,Rep2,10.911718988827
138,RBS_BA_50,TTTAAGACCCCCGTATACAT,CCCCCG,31.2231521215394,8.94276041525985,bandit,Rep2,22.9579369802218
139,RBS_BA_51,TTTAAGACCCCCATATACAT,CCCCCA,9.38689483407508,5.06966036187904,bandit,Rep2,2.17662085774859
140,RBS_BA_52,TTTAAGATTTTTCTATACAT,TTTTTC,7.31686110333524,3.87146272567406,bandit,Rep2,6.3586127115048
141,RBS_BA_53,TTTAAGAGCCCCCTATACAT,GCCCCC,10.600029059524,3.30538786063421,bandit,Rep2,8.52047319432373
142,RBS_BA_54,TTTAAGAATTTTTTATACAT,ATTTTT,11.623286257952,5.26626935140448,bandit,Rep2,7.34528277545502
143,RBS_BA_55,TTTAAGAACCCCCTATACAT,ACCCCC,7.18622867936612,3.14184186702831,bandit,Rep2,9.39223030013991
144,RBS_BA_56,TTTAAGATCCCCCTATACAT,TCCCCC,12.3510503022241,6.24931185134182,bandit,Rep2,7.76719422856364
145,RBS_BA_57,TTTAAGAGGATAATATACAT,GGATAA,31.8430556042067,9.88800878755479,bandit,Rep2,21.7775818178498
146,RBS_BA_58,TTTAAGACCCCCCTATACAT,CCCCCC,25.62279587722,9.91092475640518,bandit,Rep2,19.2851156443872
147,RBS_BA_59,TTTAAGATTTTTTTATACAT,TTTTTT,31.8505847250872,12.0146285465248,bandit,Rep2,23.5679526326795
148,RBS_RP_30,TTTAAGAGAAAGATATACAT,GAAAGA,23.8200260377736,7.25215182677345,prob random,Rep2,20.1611140537659
149,RBS_RP_31,TTTAAGACGGGGGTATACAT,CGGGGG,38.7508769534913,10.1627383076539,prob random,Rep2,29.8283502480783
150,RBS_RP_32,TTTAAGATGAGGGTATACAT,TGAGGG,33.0770102916471,9.49639852986264,prob random,Rep2,23.2279913968411
151,RBS_RP_33,TTTAAGACCGGGATATACAT,CCGGGA,15.3468264906405,7.97560755213889,prob random,Rep2,13.0456101825117
152,RBS_RP_34,TTTAAGAAAGGGTTATACAT,AAGGGT,26.0363389645247,6.63871801622391,prob random,Rep2,21.6539613447664
153,RBS_RP_35,TTTAAGACTGTAGTATACAT,CTGTAG,15.6629959692062,7.37902942026716,prob random,Rep2,15.0135603156001
154,RBS_RP_36,TTTAAGACTGACATATACAT,CTGACA,12.8506795935193,3.54247823000431,prob random,Rep2,8.47447039504124
155,RBS_RP_37,TTTAAGACGTGTGTATACAT,CGTGTG,15.1118056437372,5.95744004467382,prob random,Rep2,11.8867956803773
156,RBS_RP_38,TTTAAGAGAGGGGTATACAT,GAGGGG,13.9305594882795,4.22288167380327,prob random,Rep2,9.25830737412669
157,RBS_RP_39,TTTAAGACTAGGATATACAT,CTAGGA,23.3831270149619,6.537781181944,prob random,Rep2,19.0335929953297
158,RBS_RP_40,TTTAAGAATTGGGTATACAT,ATTGGG,26.4932768259712,9.3836956675147,prob random,Rep2,18.8680315452085
159,RBS_RP_41,TTTAAGATACTGATATACAT,TACTGA,30.3416121611466,9.94175038040837,prob random,Rep2,27.798918791793
160,RBS_RP_42,TTTAAGAAGAGCGTATACAT,AGAGCG,25.1086483036096,6.97339835143681,prob random,Rep2,23.7637805160805
161,RBS_RP_43,TTTAAGAAGGGGTTATACAT,AGGGGT,37.0588046516019,8.67207777447586,prob random,Rep2,32.2951506241487
162,RBS_RP_45,TTTAAGACAAGCCTATACAT,CAAGCC,15.7499822859579,9.15439214384885,prob random,Rep2,14.7625467126233
163,RBS_RP_46,TTTAAGACAATTGTATACAT,CAATTG,17.7138914364365,8.01723227805098,prob random,Rep2,8.00776931530421
164,RBS_RP_47,TTTAAGATATTTTTATACAT,TATTTT,17.7862282677786,3.0209323930302,prob random,Rep2,18.0182909329602
165,RBS_RP_48,TTTAAGATCCGGCTATACAT,TCCGGC,16.3893357258102,7.78704371383571,prob random,Rep2,14.1144726639944
166,RBS_RP_49,TTTAAGATGGGAGTATACAT,TGGGAG,40.8836718554375,10.1305125378121,prob random,Rep2,31.490936844283
167,RBS_RP_50,TTTAAGAAAAGTGTATACAT,AAAGTG,20.0301091574691,6.99146607894995,prob random,Rep2,15.5255679161712
168,RBS_RP_51,TTTAAGACGGGAGTATACAT,CGGGAG,31.5013993364711,8.14869962836505,prob random,Rep2,26.2743616967429
169,RBS_RP_52,TTTAAGATAAGAGTATACAT,TAAGAG,22.3214445640905,7.60900084823721,prob random,Rep2,19.1121678458699
170,RBS_RP_53,TTTAAGATAAGGGTATACAT,TAAGGG,32.9761663686385,10.8998135193687,prob random,Rep2,28.226382079064
171,RBS_RP_54,TTTAAGATAGTCTTATACAT,TAGTCT,33.229831486312,10.2056625216997,prob random,Rep2,30.3493954887432
172,RBS_RP_55,TTTAAGAAAGTAGTATACAT,AAGTAG,29.735669341354,10.4541168950894,prob random,Rep2,24.8710632018982
173,RBS_RP_57,TTTAAGACCACGCTATACAT,CCACGC,26.0301050248107,7.33765563701927,prob random,Rep2,24.1620366661614
174,RBS_RP_58,TTTAAGAGTAATGTATACAT,GTAATG,27.1584659261634,9.50037627484968,prob random,Rep2,22.7990475034425
175,RBS_RP_59,TTTAAGACATTGATATACAT,CATTGA,27.8598724021962,9.16314253114336,prob random,Rep2,22.799845762143
176,RBS_1by1_0,TTTAAGAAGGAGATATACAT,AGGAGA,69.5632441490869,17.7436621601498,reference,Rep3,98.72044
177,RBS_1by1_1,CTTAAGAAGGAGATATACAT,AGGAGA,53.4041833430766,15.2561659999009,bps_noncore,Rep3,81.1362
178,RBS_1by1_2,GTTAAGAAGGAGATATACAT,AGGAGA,34.9994192275654,13.0047831797023,bps_noncore,Rep3,58.76333
179,RBS_1by1_3,ATTAAGAAGGAGATATACAT,AGGAGA,51.0222008096645,14.3850701913841,bps_noncore,Rep3,74.60529
180,RBS_1by1_4,TCTAAGAAGGAGATATACAT,AGGAGA,51.4584340679373,11.487255342722,bps_noncore,Rep3,70.53162
181,RBS_1by1_5,TGTAAGAAGGAGATATACAT,AGGAGA,28.575681876758,10.2336225433563,bps_noncore,Rep3,47.70339
182,RBS_1by1_6,TATAAGAAGGAGATATACAT,AGGAGA,41.5140827850865,11.6004529246663,bps_noncore,Rep3,58.74364
184,RBS_1by1_9,TTAAAGAAGGAGATATACAT,AGGAGA,35.8447602489963,17.6541750655294,bps_noncore,Rep3,69.79792
185,RBS_1by1_10,TTTCAGAAGGAGATATACAT,AGGAGA,41.7634198980636,10.4123983163159,bps_noncore,Rep3,51.61382
186,RBS_1by1_11,TTTGAGAAGGAGATATACAT,AGGAGA,51.8834975952094,12.2761812400753,bps_noncore,Rep3,69.60175
187,RBS_1by1_12,TTTTAGAAGGAGATATACAT,AGGAGA,49.7156031496403,17.5701045150886,bps_noncore,Rep3,76.23269
188,RBS_1by1_13,TTTACGAAGGAGATATACAT,AGGAGA,49.0917124366076,15.923846982311,bps_noncore,Rep3,76.09216
189,RBS_1by1_14,TTTAGGAAGGAGATATACAT,AGGAGA,46.7733493664676,16.7640130835511,bps_noncore,Rep3,76.85476
190,RBS_1by1_15,TTTATGAAGGAGATATACAT,AGGAGA,33.9587952332307,16.0058517414339,bps_noncore,Rep3,63.98509
191,RBS_1by1_16,TTTAACAAGGAGATATACAT,AGGAGA,35.7098782217986,9.97474706800356,bps_noncore,Rep3,51.96619
192,RBS_1by1_17,TTTAAAAAGGAGATATACAT,AGGAGA,31.1874686177543,8.27953133946976,bps_noncore,Rep3,42.43266
193,RBS_1by1_18,TTTAATAAGGAGATATACAT,AGGAGA,33.437060906915,8.45488148454329,bps_noncore,Rep3,45.71376
194,RBS_1by1_19,TTTAAGCAGGAGATATACAT,AGGAGA,29.8894709565281,11.1183319875098,bps_noncore,Rep3,50.39946
195,RBS_1by1_20,TTTAAGGAGGAGATATACAT,AGGAGA,36.8697036426196,9.66929747762812,bps_noncore,Rep3,50.84909
196,RBS_1by1_21,TTTAAGTAGGAGATATACAT,AGGAGA,29.3043079536479,12.5217823495463,bps_core,Rep3,53.35226
197,RBS_1by1_22,TTTAAGACGGAGATATACAT,CGGAGA,32.7298306269198,6.18704960770715,bps_core,Rep3,41.81748
198,RBS_1by1_23,TTTAAGAGGGAGATATACAT,GGGAGA,22.6195960296542,14.1504444443407,bps_core,Rep3,50.85724
199,RBS_1by1_24,TTTAAGATGGAGATATACAT,TGGAGA,34.2496083692784,7.27253509508347,bps_core,Rep3,33.56477
200,RBS_1by1_25,TTTAAGAACGAGATATACAT,ACGAGA,42.7872962101359,14.9446835112269,bps_core,Rep3,69.51363
201,RBS_1by1_26,TTTAAGAAAGAGATATACAT,AAGAGA,26.9740113809471,18.7265801169272,bps_core,Rep3,63.57943
202,RBS_1by1_27,TTTAAGAATGAGATATACAT,ATGAGA,18.7786864944873,8.98859172557281,bps_core,Rep3,36.59907
203,RBS_1by1_28,TTTAAGAAGCAGATATACAT,AGCAGA,18.2120488829295,7.83749467936479,bps_core,Rep3,32.79718
204,RBS_1by1_29,TTTAAGAAGAAGATATACAT,AGAAGA,11.5157535646992,8.11085970019477,bps_core,Rep3,27.16343
205,RBS_1by1_30,TTTAAGAAGTAGATATACAT,AGTAGA,8.15118458257368,3.91336350884379,bps_core,Rep3,7.1228
206,RBS_1by1_31,TTTAAGAAGGCGATATACAT,AGGCGA,8.11138453791744,3.15887683163185,bps_core,Rep3,12.21905
207,RBS_1by1_32,TTTAAGAAGGGGATATACAT,AGGGGA,17.7615032807536,2.98119269057245,bps_core,Rep3,15.76945
208,RBS_1by1_33,TTTAAGAAGGTGATATACAT,AGGTGA,21.7479609914766,7.15940750589619,bps_core,Rep3,34.85694
209,RBS_1by1_34,TTTAAGAAGGACATATACAT,AGGACA,24.767179088474,6.590294975681,bps_core,Rep3,35.25331
210,RBS_1by1_35,TTTAAGAAGGAAATATACAT,AGGAAA,23.1847421016884,8.1086614412899,bps_core,Rep3,38.10176
211,RBS_1by1_36,TTTAAGAAGGATATATACAT,AGGATA,36.8049667381413,6.89531608363487,bps_core,Rep3,43.13908
212,RBS_1by1_37,TTTAAGAAGGAGCTATACAT,AGGAGC,32.1787149781596,18.0213997729588,bps_core,Rep3,67.08918
213,RBS_1by1_38,TTTAAGAAGGAGGTATACAT,AGGAGG,27.1773282319903,10.4990875519274,bps_core,Rep3,46.64531
214,RBS_1by1_39,TTTAAGAAGGAGTTATACAT,AGGAGT,25.5007734194099,10.7811854368611,bps_noncore,Rep3,45.23184
215,RBS_1by1_40,TTTAAGAAGGAGACATACAT,AGGAGA,30.8826930353091,6.09794894039224,bps_noncore,Rep3,40.61389
216,RBS_1by1_41,TTTAAGAAGGAGAGATACAT,AGGAGA,32.0443541550277,8.00789532255212,bps_noncore,Rep3,44.1097
217,RBS_1by1_42,TTTAAGAAGGAGAAATACAT,AGGAGA,13.0248849813343,15.1226433265054,bps_noncore,Rep3,43.19371
218,RBS_1by1_43,TTTAAGAAGGAGATCTACAT,AGGAGA,7.25451203234166,3.5844345637248,bps_noncore,Rep3,14.29713
219,RBS_1by1_44,TTTAAGAAGGAGATGTACAT,AGGAGA,28.8004703299372,13.2352307520765,bps_noncore,Rep3,4.852113
220,RBS_1by1_45,TTTAAGAAGGAGATTTACAT,AGGAGA,33.5012264459926,11.2544450555574,bps_noncore,Rep3,54.23715
221,RBS_1by1_46,TTTAAGAAGGAGATACACAT,AGGAGA,32.9749114480213,8.8424783775874,bps_noncore,Rep3,47.02431
222,RBS_1by1_47,TTTAAGAAGGAGATAGACAT,AGGAGA,40.1437962070763,7.39390771964673,bps_noncore,Rep3,47.75856
223,RBS_1by1_48,TTTAAGAAGGAGATAAACAT,AGGAGA,54.384883381219,12.982823542956,bps_noncore,Rep3,67.81084
224,RBS_1by1_49,TTTAAGAAGGAGATATCCAT,AGGAGA,46.6011937717758,19.3250162689448,bps_noncore,Rep3,82.43703
225,RBS_1by1_50,TTTAAGAAGGAGATATGCAT,AGGAGA,33.0843622207156,17.6957366947601,bps_noncore,Rep3,67.16934
226,RBS_1by1_51,TTTAAGAAGGAGATATTCAT,AGGAGA,34.3035923134974,9.01573892579993,bps_noncore,Rep3,42.53908
227,RBS_1by1_52,TTTAAGAAGGAGATATAAAT,AGGAGA,35.9822027418978,10.0019914372189,bps_noncore,Rep3,53.89303
228,RBS_1by1_53,TTTAAGAAGGAGATATAGAT,AGGAGA,32.293991002814,7.1176381739398,bps_noncore,Rep3,42.6818
229,RBS_1by1_54,TTTAAGAAGGAGATATATAT,AGGAGA,33.2765035656412,8.31573244237777,bps_noncore,Rep3,44.78689
230,RBS_1by1_55,TTTAAGAAGGAGATATACCT,AGGAGA,33.3099431773591,6.78540630164179,bps_noncore,Rep3,43.09117
231,RBS_1by1_56,TTTAAGAAGGAGATATACGT,AGGAGA,37.2890041391835,9.65155648502951,bps_noncore,Rep3,52.6027
232,RBS_1by1_57,TTTAAGAAGGAGATATACTT,AGGAGA,37.0432050012119,10.8027691479945,bps_noncore,Rep3,54.20798
233,RBS_1by1_58,TTTAAGAAGGAGATATACAC,AGGAGA,38.8593116468717,9.93496945635527,bps_noncore,Rep3,54.33678
234,RBS_1by1_59,TTTAAGAAGGAGATATACAG,AGGAGA,24.6926424405179,15.8625589719227,bps_noncore,Rep3,55.67585
235,RBS_1by1_60,TTTAAGAAGGAGATATACAA,AGGAGA,50.6371408899464,11.9308223604208,bps_noncore,Rep3,40.65514
236,RBS_RU_0,TTTAAGAGTTGACTATACAT,GTTGAC,46.1962114263439,22.7774943648054,uni random,Rep3,89.85662
237,RBS_RU_1,TTTAAGATACCTGTATACAT,TACCTG,21.4549154230499,22.8403396216059,uni random,Rep3,66.76438
238,RBS_RU_2,TTTAAGAGAAGCGTATACAT,GAAGCG,12.9962951742914,10.2975483424834,uni random,Rep3,32.50098
239,RBS_RU_3,TTTAAGAGTATGCTATACAT,GTATGC,10.6962969097958,3.90403762152153,uni random,Rep3,10.47365
240,RBS_RU_4,TTTAAGATCACTTTATACAT,TCACTT,7.74932021964005,3.06704283972125,uni random,Rep3,10.42136
241,RBS_RU_5,TTTAAGAGAAGCCTATACAT,GAAGCC,10.2819145257563,6.2636463275334,uni random,Rep3,20.98796
242,RBS_RU_6,TTTAAGAATAGAATATACAT,ATAGAA,9.33698434430697,2.87832836995571,uni random,Rep3,12.87788
243,RBS_RU_7,TTTAAGATCTGACTATACAT,TCTGAC,10.3999479996321,3.6260967546442,uni random,Rep3,13.95761
244,RBS_RU_8,TTTAAGATAAGTATATACAT,TAAGTA,11.3379891095874,3.04675359848221,uni random,Rep3,15.95393
245,RBS_RU_9,TTTAAGAGATAAATATACAT,GATAAA,12.3318727040289,3.27102989521828,uni random,Rep3,14.90295
246,RBS_RU_10,TTTAAGAGGTCAATATACAT,GGTCAA,21.7444952467542,6.18244808023228,uni random,Rep3,32.91674
247,RBS_RU_11,TTTAAGACGATCCTATACAT,CGATCC,25.952206753338,10.6242953129042,uni random,Rep3,45.35789
248,RBS_RU_12,TTTAAGAACAGACTATACAT,ACAGAC,21.0257791398254,13.8909553533077,uni random,Rep3,48.22596
249,RBS_RU_13,TTTAAGAGTTATATATACAT,GTTATA,18.8416717090784,9.63260448055558,uni random,Rep3,36.40934
250,RBS_RU_14,TTTAAGAGGAACATATACAT,GGAACA,16.6896162868685,8.98896184138358,uni random,Rep3,32.78428
251,RBS_RU_15,TTTAAGACCCGAATATACAT,CCCGAA,24.7700794974538,8.4998824776648,uni random,Rep3,11.96909
252,RBS_RU_16,TTTAAGAAATGTCTATACAT,AATGTC,15.0651804317934,13.6146216249382,uni random,Rep3,41.55543
253,RBS_RU_17,TTTAAGACGTACCTATACAT,CGTACC,12.8334086273692,2.60761515975753,uni random,Rep3,10.03756
254,RBS_RU_18,TTTAAGAACCGTGTATACAT,ACCGTG,17.1199234125026,6.85039784424886,uni random,Rep3,28.82528
255,RBS_RU_19,TTTAAGAGGACACTATACAT,GGACAC,14.1323485159486,10.4571233269751,uni random,Rep3,32.90795
256,RBS_RU_20,TTTAAGAATCCCATATACAT,ATCCCA,18.464841791492,7.61051883015962,uni random,Rep3,32.29348
257,RBS_RU_21,TTTAAGAGAGCGATATACAT,GAGCGA,17.6166696505124,9.37273267152771,uni random,Rep3,35.41892
258,RBS_RU_22,TTTAAGAATATGCTATACAT,ATATGC,32.7234882471662,8.0759587311645,uni random,Rep3,38.03884
259,RBS_RU_23,TTTAAGACAACATTATACAT,CAACAT,31.1697620235075,16.0843180908794,uni random,Rep3,61.10854
260,RBS_RU_24,TTTAAGAGCTACATATACAT,GCTACA,34.8692475983965,12.2705044093156,uni random,Rep3,56.10273
261,RBS_RU_25,TTTAAGAGAAGACTATACAT,GAAGAC,27.0803601382736,17.1962084199594,uni random,Rep3,61.07534
262,RBS_RU_26,TTTAAGACTCCGTTATACAT,CTCCGT,25.9922227743851,9.85076467638451,uni random,Rep3,43.16569
263,RBS_RU_27,TTTAAGATTACTATATACAT,TTACTA,25.5053892520856,13.5575424304119,uni random,Rep3,51.64197
264,RBS_RU_28,TTTAAGACGAGACTATACAT,CGAGAC,22.3208281074126,8.66344079193344,uni random,Rep3,38.23671
265,RBS_BA_00,TTTAAGACGGATTTATACAT,CGGATT,36.862720942872,11.5712251104144,bandit,Rep3,56.6719745468032
266,RBS_BA_01,TTTAAGATTCGGATATACAT,TTCGGA,32.7198967320074,11.235537685303,bandit,Rep3,53.0492132432282
267,RBS_BA_02,TTTAAGACTCGGATATACAT,CTCGGA,31.8143224291878,11.4442312240224,bandit,Rep3,50.7915049963312
268,RBS_BA_03,TTTAAGAACCGGATATACAT,ACCGGA,30.2952449419549,10.964175652668,bandit,Rep3,48.479264650928
269,RBS_BA_04,TTTAAGAGCCGGATATACAT,GCCGGA,31.1380955516851,10.2707052040509,bandit,Rep3,47.6398830110347
270,RBS_BA_05,TTTAAGAATCGGATATACAT,ATCGGA,28.7312055906067,9.07141932982487,bandit,Rep3,44.1001461270767
271,RBS_BA_06,TTTAAGACCGGATTATACAT,CCGGAT,31.4560562655559,10.3201686455674,bandit,Rep3,48.133595112397
272,RBS_BA_07,TTTAAGATAAAGATATACAT,TAAAGA,25.9819890465059,8.8305473807622,bandit,Rep3,40.7927366950502
273,RBS_BA_08,TTTAAGACGATAATATACAT,CGATAA,24.0243326730116,7.49634957342848,bandit,Rep3,37.2423280572798
274,RBS_BA_09,TTTAAGAACACACTATACAT,ACACAC,24.7931508322038,8.47867880236014,bandit,Rep3,39.1516563671984
275,RBS_BA_10,TTTAAGATATATATATACAT,TATATA,28.4162088683051,9.28320116750407,bandit,Rep3,43.0293988356099
276,RBS_BA_11,TTTAAGACTCTCTTATACAT,CTCTCT,38.9101291440617,15.0298573694921,bandit,Rep3,59.9032911215685
277,RBS_BA_12,TTTAAGAGTGTGTTATACAT,GTGTGT,28.6128875009916,10.1431253411725,bandit,Rep3,48.1925323803716
278,RBS_BA_13,TTTAAGAATATATTATACAT,ATATAT,24.1208347656506,6.80522729167525,bandit,Rep3,37.2176523755373
279,RBS_BA_14,TTTAAGATGTGTGTATACAT,TGTGTG,23.448580724026,7.81394177786083,bandit,Rep3,37.8929437015697
280,RBS_BA_15,TTTAAGATCTCTCTATACAT,TCTCTC,18.0907710481882,8.67080471785389,bandit,Rep3,34.2372101218662
281,RBS_BA_16,TTTAAGACACACATATACAT,CACACA,15.1311256880338,8.13761418483123,bandit,Rep3,29.9253941210988
282,RBS_BA_17,TTTAAGACTAAGATATACAT,CTAAGA,13.1167053198325,5.03615432771865,bandit,Rep3,15.5688497401156
283,RBS_BA_18,TTTAAGAATAAGATATACAT,ATAAGA,15.4570812947231,7.57183179862338,bandit,Rep3,29.3673420388835
284,RBS_BA_19,TTTAAGATAAGATTATACAT,TAAGAT,12.4095685736107,4.59830033672142,bandit,Rep3,16.4964186456031
285,RBS_BA_20,TTTAAGATTAAGATATACAT,TTAAGA,10.349743454152,1.84706406659486,bandit,Rep3,11.1797560387321
286,RBS_BA_21,TTTAAGAGGTCGATATACAT,GGTCGA,13.1135588851647,4.46737303005784,bandit,Rep3,15.3703106842965
287,RBS_BA_22,TTTAAGAGGTAGATATACAT,GGTAGA,38.4018059000428,10.8019323697004,bandit,Rep3,55.5725819531791
288,RBS_BA_24,TTTAAGAGGGGGATATACAT,GGGGGA,42.4130608813776,13.5772531340401,bandit,Rep3,68.368574614275
289,RBS_BA_25,TTTAAGAGGGGATTATACAT,GGGGAT,43.8741560140223,12.2859665104831,bandit,Rep3,66.7735430399379
290,RBS_BA_26,TTTAAGAGGGATCTATACAT,GGGATC,20.1862128148612,7.52057022300158,bandit,Rep3,34.7157013022442
291,RBS_BA_27,TTTAAGAGGGATTTATACAT,GGGATT,19.3002136915127,4.13361532082708,bandit,Rep3,24.3081165236704
292,RBS_BA_28,TTTAAGAGGGATGTATACAT,GGGATG,17.2811594583003,4.87414462737258,bandit,Rep3,20.3078988353668
293,RBS_BA_29,TTTAAGAGGGATATATACAT,GGGATA,19.6704218815775,4.31521130673719,bandit,Rep3,27.9085178300752
294,RBS_BA_30,TTTAAGAGGATCTTATACAT,GGATCT,9.83456352406359,3.13866086071652,bandit,Rep3,8.89858956733271
295,RBS_BA_31,TTTAAGAGGATTTTATACAT,GGATTT,30.6686904414344,7.71765244360738,bandit,Rep3,44.7734363778073
296,RBS_BA_32,TTTAAGAGGATAGTATACAT,GGATAG,28.0321949076726,7.12454688064529,bandit,Rep3,39.3504615720134
297,RBS_BA_33,TTTAAGAGGATTATATACAT,GGATTA,35.4314177544925,7.81760566799024,bandit,Rep3,49.4163613616941
298,RBS_BA_34,TTTAAGAGGATATTATACAT,GGATAT,42.8940028174239,14.6024909065969,bandit,Rep3,67.884784136668
299,RBS_BA_35,TTTAAGAGGATACTATACAT,GGATAC,42.7761600435975,13.0868371488533,bandit,Rep3,63.4740212878535
300,RBS_BA_36,TTTAAGAGGATGCTATACAT,GGATGC,39.1606707499531,9.50442456552083,bandit,Rep3,55.5377528491054
301,RBS_BA_37,TTTAAGAGGATGTTATACAT,GGATGT,35.4941106219746,8.2943585868404,bandit,Rep3,51.9281013032231
302,RBS_BA_38,TTTAAGAGGATTCTATACAT,GGATTC,24.6143006801211,6.70424179105758,bandit,Rep3,36.3189909391992
303,RBS_BA_39,TTTAAGAGGATCGTATACAT,GGATCG,17.9297876673622,6.62697301641789,bandit,Rep3,30.9533431320761
304,RBS_BA_40,TTTAAGAGGATTGTATACAT,GGATTG,29.8092362763563,6.66297145888352,bandit,Rep3,39.840825770314
305,RBS_BA_41,TTTAAGAGGATCCTATACAT,GGATCC,15.3339477358257,3.87087869155189,bandit,Rep3,21.9901476793493
306,RBS_BA_42,TTTAAGAGGATGATATACAT,GGATGA,28.8114487151385,7.44862432080926,bandit,Rep3,42.1249041868338
307,RBS_BA_43,TTTAAGAGGATCATATACAT,GGATCA,10.7340453480736,3.03326950455782,bandit,Rep3,4.96349772159349
308,RBS_BA_44,TTTAAGACCCCGATATACAT,CCCCGA,9.34114893686083,2.82156830974913,bandit,Rep3,11.7998231711885
309,RBS_BA_45,TTTAAGATTTTTGTATACAT,TTTTTG,11.0109705052789,2.89240515243733,bandit,Rep3,15.6518817707121
310,RBS_BA_46,TTTAAGATTTTTATATACAT,TTTTTA,23.4469586132809,8.57815288133268,bandit,Rep3,35.3470097258351
311,RBS_BA_47,TTTAAGAGTTTTTTATACAT,GTTTTT,31.9437680089697,11.1066207248234,bandit,Rep3,48.7038483450392
312,RBS_BA_48,TTTAAGACTTTTTTATACAT,CTTTTT,18.966807990469,8.00810184269537,bandit,Rep3,33.5949007982524
313,RBS_BA_49,TTTAAGACCCCCTTATACAT,CCCCCT,13.1971900352984,5.84342105440353,bandit,Rep3,21.5739578365497
314,RBS_BA_50,TTTAAGACCCCCGTATACAT,CCCCCG,31.2231521215394,8.94276041525985,bandit,Rep3,45.1815565160317
315,RBS_BA_51,TTTAAGACCCCCATATACAT,CCCCCA,9.38689483407508,5.06966036187904,bandit,Rep3,13.2871021662867
316,RBS_BA_52,TTTAAGATTTTTCTATACAT,TTTTTC,7.31686110333524,3.87146272567406,bandit,Rep3,10.9249525698736
317,RBS_BA_53,TTTAAGAGCCCCCTATACAT,GCCCCC,10.600029059524,3.30538786063421,bandit,Rep3,15.1856807994125
318,RBS_BA_54,TTTAAGAATTTTTTATACAT,ATTTTT,11.623286257952,5.26626935140448,bandit,Rep3,21.3087239105551
319,RBS_BA_55,TTTAAGAACCCCCTATACAT,ACCCCC,7.18622867936612,3.14184186702831,bandit,Rep3,9.12009661256426
320,RBS_BA_56,TTTAAGATCCCCCTATACAT,TCCCCC,12.3510503022241,6.24931185134182,bandit,Rep3,23.7568579195042
321,RBS_BA_57,TTTAAGAGGATAATATACAT,GGATAA,31.8430556042067,9.88800878755479,bandit,Rep3,46.0994057637741
322,RBS_BA_58,TTTAAGACCCCCCTATACAT,CCCCCC,25.62279587722,9.91092475640518,bandit,Rep3,39.4892799740373
323,RBS_BA_59,TTTAAGATTTTTTTATACAT,TTTTTT,31.8505847250872,12.0146285465248,bandit,Rep3,49.4431075304558
324,RBS_RP_30,TTTAAGAGAAAGATATACAT,GAAAGA,23.8200260377736,7.25215182677345,prob random,Rep3,35.7647449211604
325,RBS_RP_31,TTTAAGACGGGGGTATACAT,CGGGGG,38.7508769534913,10.1627383076539,prob random,Rep3,58.6581166311324
326,RBS_RP_32,TTTAAGATGAGGGTATACAT,TGAGGG,33.0770102916471,9.49639852986264,prob random,Rep3,48.3246633229584
327,RBS_RP_33,TTTAAGACCGGGATATACAT,CCGGGA,15.3468264906405,7.97560755213889,prob random,Rep3,30.0552307140729
328,RBS_RP_34,TTTAAGAAAGGGTTATACAT,AAGGGT,26.0363389645247,6.63871801622391,prob random,Rep3,34.524237804421
329,RBS_RP_35,TTTAAGACTGTAGTATACAT,CTGTAG,15.6629959692062,7.37902942026716,prob random,Rep3,29.3171417082653
330,RBS_RP_36,TTTAAGACTGACATATACAT,CTGACA,12.8506795935193,3.54247823000431,prob random,Rep3,17.3721078055603
331,RBS_RP_37,TTTAAGACGTGTGTATACAT,CGTGTG,15.1118056437372,5.95744004467382,prob random,Rep3,26.8864558318648
332,RBS_RP_38,TTTAAGAGAGGGGTATACAT,GAGGGG,13.9305594882795,4.22288167380327,prob random,Rep3,21.8763547726465
333,RBS_RP_39,TTTAAGACTAGGATATACAT,CTAGGA,23.3831270149619,6.537781181944,prob random,Rep3,31.5318535257649
334,RBS_RP_40,TTTAAGAATTGGGTATACAT,ATTGGG,26.4932768259712,9.3836956675147,prob random,Rep3,39.0923804584606
335,RBS_RP_41,TTTAAGATACTGATATACAT,TACTGA,30.3416121611466,9.94175038040837,prob random,Rep3,48.1963007999639
336,RBS_RP_42,TTTAAGAAGAGCGTATACAT,AGAGCG,25.1086483036096,6.97339835143681,prob random,Rep3,37.6615644155652
337,RBS_RP_43,TTTAAGAAGGGGTTATACAT,AGGGGT,37.0588046516019,8.67207777447586,prob random,Rep3,54.153157767716
338,RBS_RP_45,TTTAAGACAAGCCTATACAT,CAAGCC,15.7499822859579,9.15439214384885,prob random,Rep3,33.0999405198864
339,RBS_RP_46,TTTAAGACAATTGTATACAT,CAATTG,17.7138914364365,8.01723227805098,prob random,Rep3,31.9655863492431
340,RBS_RP_47,TTTAAGATATTTTTATACAT,TATTTT,17.7862282677786,3.0209323930302,prob random,Rep3,21.197224098081
341,RBS_RP_48,TTTAAGATCCGGCTATACAT,TCCGGC,16.3893357258102,7.78704371383571,prob random,Rep3,30.4999440543901
342,RBS_RP_49,TTTAAGATGGGAGTATACAT,TGGGAG,40.8836718554375,10.1305125378121,prob random,Rep3,57.5672490517333
343,RBS_RP_50,TTTAAGAAAAGTGTATACAT,AAAGTG,20.0301091574691,6.99146607894995,prob random,Rep3,33.6806730357529
344,RBS_RP_51,TTTAAGACGGGAGTATACAT,CGGGAG,31.5013993364711,8.14869962836505,prob random,Rep3,45.0100313422842
345,RBS_RP_52,TTTAAGATAAGAGTATACAT,TAAGAG,22.3214445640905,7.60900084823721,prob random,Rep3,34.4589250081287
346,RBS_RP_53,TTTAAGATAAGGGTATACAT,TAAGGG,32.9761663686385,10.8998135193687,prob random,Rep3,50.4082207089654
347,RBS_RP_54,TTTAAGATAGTCTTATACAT,TAGTCT,33.229831486312,10.2056625216997,prob random,Rep3,48.0656466861603
348,RBS_RP_55,TTTAAGAAAGTAGTATACAT,AAGTAG,29.735669341354,10.4541168950894,prob random,Rep3,47.2826997559053
349,RBS_RP_57,TTTAAGACCACGCTATACAT,CCACGC,26.0301050248107,7.33765563701927,prob random,Rep3,39.2501515595216
350,RBS_RP_58,TTTAAGAGTAATGTATACAT,GTAATG,27.1584659261634,9.50037627484968,prob random,Rep3,44.8388644861888
351,RBS_RP_59,TTTAAGACATTGATATACAT,CATTGA,27.8598724021962,9.16314253114336,prob random,Rep3,42.5709692933133
352,RBS_1by1_0,TTTAAGAAGGAGATATACAT,AGGAGA,69.5632441490869,17.7436621601498,reference,Rep4,61.6221650361057
353,RBS_1by1_1,CTTAAGAAGGAGATATACAT,AGGAGA,53.4041833430766,15.2561659999009,bps_noncore,Rep4,42.0428540275112
354,RBS_1by1_2,GTTAAGAAGGAGATATACAT,AGGAGA,34.9994192275654,13.0047831797023,bps_noncore,Rep4,24.4878699636543
355,RBS_1by1_3,ATTAAGAAGGAGATATACAT,AGGAGA,51.0222008096645,14.3850701913841,bps_noncore,Rep4,38.6419582348774
356,RBS_1by1_4,TCTAAGAAGGAGATATACAT,AGGAGA,51.4584340679373,11.487255342722,bps_noncore,Rep4,44.3529313574395
357,RBS_1by1_5,TGTAAGAAGGAGATATACAT,AGGAGA,28.575681876758,10.2336225433563,bps_noncore,Rep4,21.2056788752271
358,RBS_1by1_6,TATAAGAAGGAGATATACAT,AGGAGA,41.5140827850865,11.6004529246663,bps_noncore,Rep4,29.7386741106696
359,RBS_1by1_8,TTGAAGAAGGAGATATACAT,AGGAGA,45.3187671686119,7.27173688480705,bps_noncore,Rep4,45.2334113781767
360,RBS_1by1_9,TTAAAGAAGGAGATATACAT,AGGAGA,35.8447602489963,17.6541750655294,bps_noncore,Rep4,24.1350489453035
361,RBS_1by1_10,TTTCAGAAGGAGATATACAT,AGGAGA,41.7634198980636,10.4123983163159,bps_noncore,Rep4,38.2239587643922
362,RBS_1by1_11,TTTGAGAAGGAGATATACAT,AGGAGA,51.8834975952094,12.2761812400753,bps_noncore,Rep4,42.0631485276073
363,RBS_1by1_12,TTTTAGAAGGAGATATACAT,AGGAGA,49.7156031496403,17.5701045150886,bps_noncore,Rep4,37.0783703793485
364,RBS_1by1_13,TTTACGAAGGAGATATACAT,AGGAGA,49.0917124366076,15.923846982311,bps_noncore,Rep4,40.6795284764738
365,RBS_1by1_14,TTTAGGAAGGAGATATACAT,AGGAGA,46.7733493664676,16.7640130835511,bps_noncore,Rep4,37.7335339514206
366,RBS_1by1_15,TTTATGAAGGAGATATACAT,AGGAGA,33.9587952332307,16.0058517414339,bps_noncore,Rep4,24.6952110219412
367,RBS_1by1_16,TTTAACAAGGAGATATACAT,AGGAGA,35.7098782217986,9.97474706800356,bps_noncore,Rep4,27.2308032294794
368,RBS_1by1_17,TTTAAAAAGGAGATATACAT,AGGAGA,31.1874686177543,8.27953133946976,bps_noncore,Rep4,24.9608360482528
369,RBS_1by1_18,TTTAATAAGGAGATATACAT,AGGAGA,33.437060906915,8.45488148454329,bps_noncore,Rep4,27.33741648627
370,RBS_1by1_19,TTTAAGCAGGAGATATACAT,AGGAGA,29.8894709565281,11.1183319875098,bps_noncore,Rep4,22.5475906493885
371,RBS_1by1_20,TTTAAGGAGGAGATATACAT,AGGAGA,36.8697036426196,9.66929747762812,bps_noncore,Rep4,31.2219056419998
372,RBS_1by1_21,TTTAAGTAGGAGATATACAT,AGGAGA,29.3043079536479,12.5217823495463,bps_core,Rep4,23.3785523433258
373,RBS_1by1_22,TTTAAGACGGAGATATACAT,CGGAGA,32.7298306269198,6.18704960770715,bps_core,Rep4,27.8051960760375
374,RBS_1by1_23,TTTAAGAGGGAGATATACAT,GGGAGA,22.6195960296542,14.1504444443407,bps_core,Rep4,14.4256547830233
375,RBS_1by1_24,TTTAAGATGGAGATATACAT,TGGAGA,34.2496083692784,7.27253509508347,bps_core,Rep4,28.1751557650844
376,RBS_1by1_25,TTTAAGAACGAGATATACAT,ACGAGA,42.7872962101359,14.9446835112269,bps_core,Rep4,32.5247044155131
377,RBS_1by1_26,TTTAAGAAAGAGATATACAT,AAGAGA,26.9740113809471,18.7265801169272,bps_core,Rep4,14.5349979149782
378,RBS_1by1_27,TTTAAGAATGAGATATACAT,ATGAGA,18.7786864944873,8.98859172557281,bps_core,Rep4,13.5156308111582
379,RBS_1by1_28,TTTAAGAAGCAGATATACAT,AGCAGA,18.2120488829295,7.83749467936479,bps_core,Rep4,14.6612621281552
380,RBS_1by1_29,TTTAAGAAGAAGATATACAT,AGAAGA,11.5157535646992,8.11085970019477,bps_core,Rep4,6.79700512139644
381,RBS_1by1_30,TTTAAGAAGTAGATATACAT,AGTAGA,8.15118458257368,3.91336350884379,bps_core,Rep4,10.8485346306729
382,RBS_1by1_31,TTTAAGAAGGCGATATACAT,AGGCGA,8.11138453791744,3.15887683163185,bps_core,Rep4,10.3236643085159
383,RBS_1by1_32,TTTAAGAAGGGGATATACAT,AGGGGA,17.7615032807536,2.98119269057245,bps_core,Rep4,17.4283688520767
384,RBS_1by1_33,TTTAAGAAGGTGATATACAT,AGGTGA,21.7479609914766,7.15940750589619,bps_core,Rep4,16.9946338512889
385,RBS_1by1_34,TTTAAGAAGGACATATACAT,AGGACA,24.767179088474,6.590294975681,bps_core,Rep4,22.4444116185685
386,RBS_1by1_35,TTTAAGAAGGAAATATACAT,AGGAAA,23.1847421016884,8.1086614412899,bps_core,Rep4,16.6507809513895
387,RBS_1by1_36,TTTAAGAAGGATATATACAT,AGGATA,36.8049667381413,6.89531608363487,bps_core,Rep4,30.3848119444955
388,RBS_1by1_37,TTTAAGAAGGAGCTATACAT,AGGAGC,32.1787149781596,18.0213997729588,bps_core,Rep4,21.5449384547329
389,RBS_1by1_38,TTTAAGAAGGAGGTATACAT,AGGAGG,27.1773282319903,10.4990875519274,bps_core,Rep4,19.2417869542687
390,RBS_1by1_39,TTTAAGAAGGAGTTATACAT,AGGAGT,25.5007734194099,10.7811854368611,bps_noncore,Rep4,18.2371906899905
391,RBS_1by1_40,TTTAAGAAGGAGACATACAT,AGGAGA,30.8826930353091,6.09794894039224,bps_noncore,Rep4,32.3933418335796
392,RBS_1by1_41,TTTAAGAAGGAGAGATACAT,AGGAGA,32.0443541550277,8.00789532255212,bps_noncore,Rep4,29.0618445564047
393,RBS_1by1_42,TTTAAGAAGGAGAAATACAT,AGGAGA,13.0248849813343,15.1226433265054,bps_noncore,Rep4,6.87393928963104
394,RBS_1by1_43,TTTAAGAAGGAGATCTACAT,AGGAGA,7.25451203234166,3.5844345637248,bps_noncore,Rep4,5.92967067641696
395,RBS_1by1_44,TTTAAGAAGGAGATGTACAT,AGGAGA,28.8004703299372,13.2352307520765,bps_noncore,Rep4,30.5561633077648
396,RBS_1by1_45,TTTAAGAAGGAGATTTACAT,AGGAGA,33.5012264459926,11.2544450555574,bps_noncore,Rep4,27.1877446048192
397,RBS_1by1_46,TTTAAGAAGGAGATACACAT,AGGAGA,32.9749114480213,8.8424783775874,bps_noncore,Rep4,29.9043709100532
398,RBS_1by1_47,TTTAAGAAGGAGATAGACAT,AGGAGA,40.1437962070763,7.39390771964673,bps_noncore,Rep4,35.0955900540214
399,RBS_1by1_48,TTTAAGAAGGAGATAAACAT,AGGAGA,54.384883381219,12.982823542956,bps_noncore,Rep4,49.2026301076817
400,RBS_1by1_49,TTTAAGAAGGAGATATCCAT,AGGAGA,46.6011937717758,19.3250162689448,bps_noncore,Rep4,37.1288473580848
401,RBS_1by1_50,TTTAAGAAGGAGATATGCAT,AGGAGA,33.0843622207156,17.6957366947601,bps_noncore,Rep4,21.9914684361867
402,RBS_1by1_51,TTTAAGAAGGAGATATTCAT,AGGAGA,34.3035923134974,9.01573892579993,bps_noncore,Rep4,29.0709027878072
403,RBS_1by1_52,TTTAAGAAGGAGATATAAAT,AGGAGA,35.9822027418978,10.0019914372189,bps_noncore,Rep4,30.5185556798774
404,RBS_1by1_53,TTTAAGAAGGAGATATAGAT,AGGAGA,32.293991002814,7.1176381739398,bps_noncore,Rep4,30.0369475238794
405,RBS_1by1_54,TTTAAGAAGGAGATATATAT,AGGAGA,33.2765035656412,8.31573244237777,bps_noncore,Rep4,32.2998230955639
406,RBS_1by1_55,TTTAAGAAGGAGATATACCT,AGGAGA,33.3099431773591,6.78540630164179,bps_noncore,Rep4,29.940182531718
407,RBS_1by1_56,TTTAAGAAGGAGATATACGT,AGGAGA,37.2890041391835,9.65155648502951,bps_noncore,Rep4,34.4390624003664
408,RBS_1by1_57,TTTAAGAAGGAGATATACTT,AGGAGA,37.0432050012119,10.8027691479945,bps_noncore,Rep4,31.9382486522844
409,RBS_1by1_58,TTTAAGAAGGAGATATACAC,AGGAGA,38.8593116468717,9.93496945635527,bps_noncore,Rep4,34.4090433315586
410,RBS_1by1_59,TTTAAGAAGGAGATATACAG,AGGAGA,24.6926424405179,15.8625589719227,bps_noncore,Rep4,15.4151223879278
411,RBS_1by1_60,TTTAAGAAGGAGATATACAA,AGGAGA,50.6371408899464,11.9308223604208,bps_noncore,Rep4,47.4338738485415
412,RBS_RU_0,TTTAAGAGTTGACTATACAT,GTTGAC,46.1962114263439,22.7774943648054,uni random,Rep4,30.9953256548985
413,RBS_RU_1,TTTAAGATACCTGTATACAT,TACCTG,21.4549154230499,22.8403396216059,uni random,Rep4,13.8595181761621
414,RBS_RU_2,TTTAAGAGAAGCGTATACAT,GAAGCG,12.9962951742914,10.2975483424834,uni random,Rep4,10.7791724088733
415,RBS_RU_3,TTTAAGAGTATGCTATACAT,GTATGC,10.6962969097958,3.90403762152153,uni random,Rep4,7.6740038206439
416,RBS_RU_4,TTTAAGATCACTTTATACAT,TCACTT,7.74932021964005,3.06704283972125,uni random,Rep4,8.54109488496616
417,RBS_RU_5,TTTAAGAGAAGCCTATACAT,GAAGCC,10.2819145257563,6.2636463275334,uni random,Rep4,5.82947247033784
418,RBS_RU_6,TTTAAGAATAGAATATACAT,ATAGAA,9.33698434430697,2.87832836995571,uni random,Rep4,11.1002631547703
419,RBS_RU_7,TTTAAGATCTGACTATACAT,TCTGAC,10.3999479996321,3.6260967546442,uni random,Rep4,11.2176569289928
420,RBS_RU_8,TTTAAGATAAGTATATACAT,TAAGTA,11.3379891095874,3.04675359848221,uni random,Rep4,7.36080243131667
421,RBS_RU_9,TTTAAGAGATAAATATACAT,GATAAA,12.3318727040289,3.27102989521828,uni random,Rep4,7.06007083787328
422,RBS_RU_10,TTTAAGAGGTCAATATACAT,GGTCAA,21.7444952467542,6.18244808023228,uni random,Rep4,18.9132505173209
423,RBS_RU_11,TTTAAGACGATCCTATACAT,CGATCC,25.952206753338,10.6242953129042,uni random,Rep4,17.079993115501
424,RBS_RU_12,TTTAAGAACAGACTATACAT,ACAGAC,21.0257791398254,13.8909553533077,uni random,Rep4,13.1866797056058
425,RBS_RU_13,TTTAAGAGTTATATATACAT,GTTATA,18.8416717090784,9.63260448055558,uni random,Rep4,12.0135743576053
426,RBS_RU_14,TTTAAGAGGAACATATACAT,GGAACA,16.6896162868685,8.98896184138358,uni random,Rep4,10.2353025730962
427,RBS_RU_15,TTTAAGACCCGAATATACAT,CCCGAA,24.7700794974538,8.4998824776648,uni random,Rep4,26.00441221881
428,RBS_RU_16,TTTAAGAAATGTCTATACAT,AATGTC,15.0651804317934,13.6146216249382,uni random,Rep4,10.2922319927797
429,RBS_RU_17,TTTAAGACGTACCTATACAT,CGTACC,12.8334086273692,2.60761515975753,uni random,Rep4,12.4970127608154
430,RBS_RU_18,TTTAAGAACCGTGTATACAT,ACCGTG,17.1199234125026,6.85039784424886,uni random,Rep4,11.9138280265471
431,RBS_RU_19,TTTAAGAGGACACTATACAT,GGACAC,14.1323485159486,10.4571233269751,uni random,Rep4,11.0447091184299
432,RBS_RU_20,TTTAAGAATCCCATATACAT,ATCCCA,18.464841791492,7.61051883015962,uni random,Rep4,12.2429104507836
433,RBS_RU_21,TTTAAGAGAGCGATATACAT,GAGCGA,17.6166696505124,9.37273267152771,uni random,Rep4,13.0566724021413
434,RBS_RU_22,TTTAAGAATATGCTATACAT,ATATGC,32.7234882471662,8.0759587311645,uni random,Rep4,27.5615438326459
435,RBS_RU_23,TTTAAGACAACATTATACAT,CAACAT,31.1697620235075,16.0843180908794,uni random,Rep4,19.0248644853357
436,RBS_RU_24,TTTAAGAGCTACATATACAT,GCTACA,34.8692475983965,12.2705044093156,uni random,Rep4,23.6864984892036
437,RBS_RU_25,TTTAAGAGAAGACTATACAT,GAAGAC,27.0803601382736,17.1962084199594,uni random,Rep4,15.9000428778351
438,RBS_RU_26,TTTAAGACTCCGTTATACAT,CTCCGT,25.9922227743851,9.85076467638451,uni random,Rep4,18.8038172311042
439,RBS_RU_27,TTTAAGATTACTATATACAT,TTACTA,25.5053892520856,13.5575424304119,uni random,Rep4,15.5264757173783
440,RBS_RU_28,TTTAAGACGAGACTATACAT,CGAGAC,22.3208281074126,8.66344079193344,uni random,Rep4,14.2990608207652
441,RBS_BA_00,TTTAAGACGGATTTATACAT,CGGATT,36.862720942872,11.5712251104144,bandit,Rep4,26.2061768286446
442,RBS_BA_01,TTTAAGATTCGGATATACAT,TTCGGA,32.7198967320074,11.235537685303,bandit,Rep4,23.4109729790385
443,RBS_BA_02,TTTAAGACTCGGATATACAT,CTCGGA,31.8143224291878,11.4442312240224,bandit,Rep4,22.8664248074413
444,RBS_BA_03,TTTAAGAACCGGATATACAT,ACCGGA,30.2952449419549,10.964175652668,bandit,Rep4,22.5496777236251
445,RBS_BA_04,TTTAAGAGCCGGATATACAT,GCCGGA,31.1380955516851,10.2707052040509,bandit,Rep4,23.571594743846
446,RBS_BA_05,TTTAAGAATCGGATATACAT,ATCGGA,28.7312055906067,9.07141932982487,bandit,Rep4,19.889512352734
447,RBS_BA_06,TTTAAGACCGGATTATACAT,CCGGAT,31.4560562655559,10.3201686455674,bandit,Rep4,22.2409448940745
448,RBS_BA_07,TTTAAGATAAAGATATACAT,TAAAGA,25.9819890465059,8.8305473807622,bandit,Rep4,20.0314310018762
449,RBS_BA_08,TTTAAGACGATAATATACAT,CGATAA,24.0243326730116,7.49634957342848,bandit,Rep4,18.5295483094653
450,RBS_BA_09,TTTAAGAACACACTATACAT,ACACAC,24.7931508322038,8.47867880236014,bandit,Rep4,19.0135906839539
451,RBS_BA_10,TTTAAGATATATATATACAT,TATATA,28.4162088683051,9.28320116750407,bandit,Rep4,21.6419152039951
452,RBS_BA_11,TTTAAGACTCTCTTATACAT,CTCTCT,38.9101291440617,15.0298573694921,bandit,Rep4,27.1189303409467
453,RBS_BA_12,TTTAAGAGTGTGTTATACAT,GTGTGT,28.6128875009916,10.1431253411725,bandit,Rep4,19.502980880461
454,RBS_BA_13,TTTAAGAATATATTATACAT,ATATAT,24.1208347656506,6.80522729167525,bandit,Rep4,19.7624291901862
455,RBS_BA_14,TTTAAGATGTGTGTATACAT,TGTGTG,23.448580724026,7.81394177786083,bandit,Rep4,18.3527326210861
456,RBS_BA_15,TTTAAGATCTCTCTATACAT,TCTCTC,18.0907710481882,8.67080471785389,bandit,Rep4,8.06062800054043
457,RBS_BA_16,TTTAAGACACACATATACAT,CACACA,15.1311256880338,8.13761418483123,bandit,Rep4,16.2426861927075
458,RBS_BA_17,TTTAAGACTAAGATATACAT,CTAAGA,13.1167053198325,5.03615432771865,bandit,Rep4,6.85309119131496
459,RBS_BA_18,TTTAAGAATAAGATATACAT,ATAAGA,15.4570812947231,7.57183179862338,bandit,Rep4,6.29124308005476
460,RBS_BA_19,TTTAAGATAAGATTATACAT,TAAGAT,12.4095685736107,4.59830033672142,bandit,Rep4,5.98912837636643
461,RBS_BA_20,TTTAAGATTAAGATATACAT,TTAAGA,10.349743454152,1.84706406659486,bandit,Rep4,6.98730322247682
462,RBS_BA_21,TTTAAGAGGTCGATATACAT,GGTCGA,13.1135588851647,4.46737303005784,bandit,Rep4,4.60500862500583
463,RBS_BA_22,TTTAAGAGGTAGATATACAT,GGTAGA,38.4018059000428,10.8019323697004,bandit,Rep4,33.2921373569295
464,RBS_BA_24,TTTAAGAGGGGGATATACAT,GGGGGA,42.4130608813776,13.5772531340401,bandit,Rep4,38.0974288042706
465,RBS_BA_25,TTTAAGAGGGGATTATACAT,GGGGAT,43.8741560140223,12.2859665104831,bandit,Rep4,43.8196890949548
466,RBS_BA_26,TTTAAGAGGGATCTATACAT,GGGATC,20.1862128148612,7.52057022300158,bandit,Rep4,15.9738651575256
467,RBS_BA_27,TTTAAGAGGGATTTATACAT,GGGATT,19.3002136915127,4.13361532082708,bandit,Rep4,16.937361861757
468,RBS_BA_28,TTTAAGAGGGATGTATACAT,GGGATG,17.2811594583003,4.87414462737258,bandit,Rep4,9.87837496588225
469,RBS_BA_29,TTTAAGAGGGATATATACAT,GGGATA,19.6704218815775,4.31521130673719,bandit,Rep4,17.0637739366988
470,RBS_BA_30,TTTAAGAGGATCTTATACAT,GGATCT,9.83456352406359,3.13866086071652,bandit,Rep4,4.29491593634595
471,RBS_BA_31,TTTAAGAGGATTTTATACAT,GGATTT,30.6686904414344,7.71765244360738,bandit,Rep4,25.7572128605508
472,RBS_BA_32,TTTAAGAGGATAGTATACAT,GGATAG,28.0321949076726,7.12454688064529,bandit,Rep4,23.8660684271953
473,RBS_BA_33,TTTAAGAGGATTATATACAT,GGATTA,35.4314177544925,7.81760566799024,bandit,Rep4,30.6665887467823
474,RBS_BA_34,TTTAAGAGGATATTATACAT,GGATAT,42.8940028174239,14.6024909065969,bandit,Rep4,33.3134525123866
475,RBS_BA_35,TTTAAGAGGATACTATACAT,GGATAC,42.7761600435975,13.0868371488533,bandit,Rep4,30.3735591807418
476,RBS_BA_36,TTTAAGAGGATGCTATACAT,GGATGC,39.1606707499531,9.50442456552083,bandit,Rep4,26.9775351261989
477,RBS_BA_37,TTTAAGAGGATGTTATACAT,GGATGT,35.4941106219746,8.2943585868404,bandit,Rep4,29.6436302670895
478,RBS_BA_38,TTTAAGAGGATTCTATACAT,GGATTC,24.6143006801211,6.70424179105758,bandit,Rep4,18.2097121266893
479,RBS_BA_39,TTTAAGAGGATCGTATACAT,GGATCG,17.9297876673622,6.62697301641789,bandit,Rep4,16.3689830086593
480,RBS_BA_40,TTTAAGAGGATTGTATACAT,GGATTG,29.8092362763563,6.66297145888352,bandit,Rep4,25.7658242220584
481,RBS_BA_41,TTTAAGAGGATCCTATACAT,GGATCC,15.3339477358257,3.87087869155189,bandit,Rep4,10.6171845701851
482,RBS_BA_42,TTTAAGAGGATGATATACAT,GGATGA,28.8114487151385,7.44862432080926,bandit,Rep4,24.8983044164498
483,RBS_BA_43,TTTAAGAGGATCATATACAT,GGATCA,10.7340453480736,3.03326950455782,bandit,Rep4,13.3142024887359
484,RBS_BA_44,TTTAAGACCCCGATATACAT,CCCCGA,9.34114893686083,2.82156830974913,bandit,Rep4,11.7590603130572
485,RBS_BA_45,TTTAAGATTTTTGTATACAT,TTTTTG,11.0109705052789,2.89240515243733,bandit,Rep4,7.40018836239796
486,RBS_BA_46,TTTAAGATTTTTATATACAT,TTTTTA,23.4469586132809,8.57815288133268,bandit,Rep4,16.2287362832042
487,RBS_BA_47,TTTAAGAGTTTTTTATACAT,GTTTTT,31.9437680089697,11.1066207248234,bandit,Rep4,24.1188104142906
488,RBS_BA_48,TTTAAGACTTTTTTATACAT,CTTTTT,18.966807990469,8.00810184269537,bandit,Rep4,15.484879540069
489,RBS_BA_49,TTTAAGACCCCCTTATACAT,CCCCCT,13.1971900352984,5.84342105440353,bandit,Rep4,15.8978863506457
490,RBS_BA_50,TTTAAGACCCCCGTATACAT,CCCCCG,31.2231521215394,8.94276041525985,bandit,Rep4,23.9305174776574
491,RBS_BA_51,TTTAAGACCCCCATATACAT,CCCCCA,9.38689483407508,5.06966036187904,bandit,Rep4,13.0447411335072
492,RBS_BA_52,TTTAAGATTTTTCTATACAT,TTTTTC,7.31686110333524,3.87146272567406,bandit,Rep4,6.56805904665864
493,RBS_BA_53,TTTAAGAGCCCCCTATACAT,GCCCCC,10.600029059524,3.30538786063421,bandit,Rep4,12.4447912733404
494,RBS_BA_54,TTTAAGAATTTTTTATACAT,ATTTTT,11.623286257952,5.26626935140448,bandit,Rep4,7.13960066768275
495,RBS_BA_55,TTTAAGAACCCCCTATACAT,ACCCCC,7.18622867936612,3.14184186702831,bandit,Rep4,2.43640375858507
496,RBS_BA_56,TTTAAGATCCCCCTATACAT,TCCCCC,12.3510503022241,6.24931185134182,bandit,Rep4,5.73820642837433
497,RBS_BA_57,TTTAAGAGGATAATATACAT,GGATAA,31.8430556042067,9.88800878755479,bandit,Rep4,23.9509365509563
498,RBS_BA_58,TTTAAGACCCCCCTATACAT,CCCCCC,25.62279587722,9.91092475640518,bandit,Rep4,17.203586166923
499,RBS_BA_59,TTTAAGATTTTTTTATACAT,TTTTTT,31.8505847250872,12.0146285465248,bandit,Rep4,21.7288399734301
500,RBS_RP_30,TTTAAGAGAAAGATATACAT,GAAAGA,23.8200260377736,7.25215182677345,prob random,Rep4,15.9303746611377
501,RBS_RP_31,TTTAAGACGGGGGTATACAT,CGGGGG,38.7508769534913,10.1627383076539,prob random,Rep4,35.4534979483274
502,RBS_RP_32,TTTAAGATGAGGGTATACAT,TGAGGG,33.0770102916471,9.49639852986264,prob random,Rep4,26.9543122701168
503,RBS_RP_33,TTTAAGACCGGGATATACAT,CCGGGA,15.3468264906405,7.97560755213889,prob random,Rep4,14.8976775228623
504,RBS_RP_34,TTTAAGAAAGGGTTATACAT,AAGGGT,26.0363389645247,6.63871801622391,prob random,Rep4,19.8974072284439
505,RBS_RP_35,TTTAAGACTGTAGTATACAT,CTGTAG,15.6629959692062,7.37902942026716,prob random,Rep4,13.4545473276771
506,RBS_RP_36,TTTAAGACTGACATATACAT,CTGACA,12.8506795935193,3.54247823000431,prob random,Rep4,9.27043110596517
507,RBS_RP_37,TTTAAGACGTGTGTATACAT,CGTGTG,15.1118056437372,5.95744004467382,prob random,Rep4,10.7349653145068
508,RBS_RP_38,TTTAAGAGAGGGGTATACAT,GAGGGG,13.9305594882795,4.22288167380327,prob random,Rep4,13.4735837519832
509,RBS_RP_39,TTTAAGACTAGGATATACAT,CTAGGA,23.3831270149619,6.537781181944,prob random,Rep4,17.4541468624236
510,RBS_RP_40,TTTAAGAATTGGGTATACAT,ATTGGG,26.4932768259712,9.3836956675147,prob random,Rep4,18.5555633043351
511,RBS_RP_41,TTTAAGATACTGATATACAT,TACTGA,30.3416121611466,9.94175038040837,prob random,Rep4,20.6482158346003
512,RBS_RP_42,TTTAAGAAGAGCGTATACAT,AGAGCG,25.1086483036096,6.97339835143681,prob random,Rep4,18.1392389531941
513,RBS_RP_43,TTTAAGAAGGGGTTATACAT,AGGGGT,37.0588046516019,8.67207777447586,prob random,Rep4,30.4524248313294
514,RBS_RP_45,TTTAAGACAAGCCTATACAT,CAAGCC,15.7499822859579,9.15439214384885,prob random,Rep4,13.5164926843735
515,RBS_RP_46,TTTAAGACAATTGTATACAT,CAATTG,17.7138914364365,8.01723227805098,prob random,Rep4,14.8797076980373
516,RBS_RP_47,TTTAAGATATTTTTATACAT,TATTTT,17.7862282677786,3.0209323930302,prob random,Rep4,13.8692700260781
517,RBS_RP_48,TTTAAGATCCGGCTATACAT,TCCGGC,16.3893357258102,7.78704371383571,prob random,Rep4,14.6009046229262
518,RBS_RP_49,TTTAAGATGGGAGTATACAT,TGGGAG,40.8836718554375,10.1305125378121,prob random,Rep4,34.9878323047246
519,RBS_RP_50,TTTAAGAAAAGTGTATACAT,AAAGTG,20.0301091574691,6.99146607894995,prob random,Rep4,15.678914388487
520,RBS_RP_51,TTTAAGACGGGAGTATACAT,CGGGAG,31.5013993364711,8.14869962836505,prob random,Rep4,25.1962450387173
521,RBS_RP_52,TTTAAGATAAGAGTATACAT,TAAGAG,22.3214445640905,7.60900084823721,prob random,Rep4,14.9654140697121
522,RBS_RP_53,TTTAAGATAAGGGTATACAT,TAAGGG,32.9761663686385,10.8998135193687,prob random,Rep4,22.3820767229033
523,RBS_RP_54,TTTAAGATAGTCTTATACAT,TAGTCT,33.229831486312,10.2056625216997,prob random,Rep4,23.1923178269384
524,RBS_RP_55,TTTAAGAAAGTAGTATACAT,AAGTAG,29.735669341354,10.4541168950894,prob random,Rep4,19.7548753086169
525,RBS_RP_57,TTTAAGACCACGCTATACAT,CCACGC,26.0301050248107,7.33765563701927,prob random,Rep4,19.173250809875
526,RBS_RP_58,TTTAAGAGTAATGTATACAT,GTAATG,27.1584659261634,9.50037627484968,prob random,Rep4,18.1055277675811
527,RBS_RP_59,TTTAAGACATTGATATACAT,CATTGA,27.8598724021962,9.16314253114336,prob random,Rep4,18.3364883124431
528,RBS_1by1_0,TTTAAGAAGGAGATATACAT,AGGAGA,69.5632441490869,17.7436621601498,reference,Rep5,54.1514848350971
529,RBS_1by1_1,CTTAAGAAGGAGATATACAT,AGGAGA,53.4041833430766,15.2561659999009,bps_noncore,Rep5,45.4320316223905
530,RBS_1by1_2,GTTAAGAAGGAGATATACAT,AGGAGA,34.9994192275654,13.0047831797023,bps_noncore,Rep5,24.1336370753119
531,RBS_1by1_3,ATTAAGAAGGAGATATACAT,AGGAGA,51.0222008096645,14.3850701913841,bps_noncore,Rep5,38.049576803906
532,RBS_1by1_4,TCTAAGAAGGAGATATACAT,AGGAGA,51.4584340679373,11.487255342722,bps_noncore,Rep5,38.3948652936713
533,RBS_1by1_5,TGTAAGAAGGAGATATACAT,AGGAGA,28.575681876758,10.2336225433563,bps_noncore,Rep5,21.1722417929108
534,RBS_1by1_6,TATAAGAAGGAGATATACAT,AGGAGA,41.5140827850865,11.6004529246663,bps_noncore,Rep5,31.8485059152596
535,RBS_1by1_8,TTGAAGAAGGAGATATACAT,AGGAGA,45.3187671686119,7.27173688480705,bps_noncore,Rep5,38.6556928299406
536,RBS_1by1_9,TTAAAGAAGGAGATATACAT,AGGAGA,35.8447602489963,17.6541750655294,bps_noncore,Rep5,21.9453529617894
537,RBS_1by1_10,TTTCAGAAGGAGATATACAT,AGGAGA,41.7634198980636,10.4123983163159,bps_noncore,Rep5,31.6803875979352
538,RBS_1by1_11,TTTGAGAAGGAGATATACAT,AGGAGA,51.8834975952094,12.2761812400753,bps_noncore,Rep5,39.3044699873868
539,RBS_1by1_12,TTTTAGAAGGAGATATACAT,AGGAGA,49.7156031496403,17.5701045150886,bps_noncore,Rep5,32.3087711139946
540,RBS_1by1_13,TTTACGAAGGAGATATACAT,AGGAGA,49.0917124366076,15.923846982311,bps_noncore,Rep5,33.4215163190645
541,RBS_1by1_14,TTTAGGAAGGAGATATACAT,AGGAGA,46.7733493664676,16.7640130835511,bps_noncore,Rep5,29.9416192635553
542,RBS_1by1_15,TTTATGAAGGAGATATACAT,AGGAGA,33.9587952332307,16.0058517414339,bps_noncore,Rep5,20.3522098021829
543,RBS_1by1_16,TTTAACAAGGAGATATACAT,AGGAGA,35.7098782217986,9.97474706800356,bps_noncore,Rep5,26.9592257055866
544,RBS_1by1_17,TTTAAAAAGGAGATATACAT,AGGAGA,31.1874686177543,8.27953133946976,bps_noncore,Rep5,23.3457352398263
545,RBS_1by1_18,TTTAATAAGGAGATATACAT,AGGAGA,33.437060906915,8.45488148454329,bps_noncore,Rep5,24.5371220609025
546,RBS_1by1_19,TTTAAGCAGGAGATATACAT,AGGAGA,29.8894709565281,11.1183319875098,bps_noncore,Rep5,21.4979096286506
547,RBS_1by1_20,TTTAAGGAGGAGATATACAT,AGGAGA,36.8697036426196,9.66929747762812,bps_noncore,Rep5,22.1938033738611
548,RBS_1by1_21,TTTAAGTAGGAGATATACAT,AGGAGA,29.3043079536479,12.5217823495463,bps_core,Rep5,17.6536952249303
549,RBS_1by1_22,TTTAAGACGGAGATATACAT,CGGAGA,32.7298306269198,6.18704960770715,bps_core,Rep5,25.7690884863071
550,RBS_1by1_23,TTTAAGAGGGAGATATACAT,GGGAGA,22.6195960296542,14.1504444443407,bps_core,Rep5,14.8699802070958
551,RBS_1by1_24,TTTAAGATGGAGATATACAT,TGGAGA,34.2496083692784,7.27253509508347,bps_core,Rep5,30.7123562009635
552,RBS_1by1_25,TTTAAGAACGAGATATACAT,ACGAGA,42.7872962101359,14.9446835112269,bps_core,Rep5,29.9620055057425
553,RBS_1by1_26,TTTAAGAAAGAGATATACAT,AAGAGA,26.9740113809471,18.7265801169272,bps_core,Rep5,14.2301417533457
554,RBS_1by1_27,TTTAAGAATGAGATATACAT,ATGAGA,18.7786864944873,8.98859172557281,bps_core,Rep5,12.9018004593177
555,RBS_1by1_28,TTTAAGAAGCAGATATACAT,AGCAGA,18.2120488829295,7.83749467936479,bps_core,Rep5,10.4689189958616
556,RBS_1by1_29,TTTAAGAAGAAGATATACAT,AGAAGA,11.5157535646992,8.11085970019477,bps_core,Rep5,9.22132844323976
557,RBS_1by1_30,TTTAAGAAGTAGATATACAT,AGTAGA,8.15118458257368,3.91336350884379,bps_core,Rep5,6.84174087669846
558,RBS_1by1_31,TTTAAGAAGGCGATATACAT,AGGCGA,8.11138453791744,3.15887683163185,bps_core,Rep5,9.0646765683026
559,RBS_1by1_32,TTTAAGAAGGGGATATACAT,AGGGGA,17.7615032807536,2.98119269057245,bps_core,Rep5,13.7978945484861
560,RBS_1by1_33,TTTAAGAAGGTGATATACAT,AGGTGA,21.7479609914766,7.15940750589619,bps_core,Rep5,14.2632033600118
561,RBS_1by1_34,TTTAAGAAGGACATATACAT,AGGACA,24.767179088474,6.590294975681,bps_core,Rep5,16.879975707983
562,RBS_1by1_35,TTTAAGAAGGAAATATACAT,AGGAAA,23.1847421016884,8.1086614412899,bps_core,Rep5,16.4937743926626
563,RBS_1by1_36,TTTAAGAAGGATATATACAT,AGGATA,36.8049667381413,6.89531608363487,bps_core,Rep5,30.019442833052
564,RBS_1by1_37,TTTAAGAAGGAGCTATACAT,AGGAGC,32.1787149781596,18.0213997729588,bps_core,Rep5,18.6408195241974
565,RBS_1by1_38,TTTAAGAAGGAGGTATACAT,AGGAGG,27.1773282319903,10.4990875519274,bps_core,Rep5,17.9899197700288
566,RBS_1by1_39,TTTAAGAAGGAGTTATACAT,AGGAGT,25.5007734194099,10.7811854368611,bps_noncore,Rep5,17.4561482792382
567,RBS_1by1_40,TTTAAGAAGGAGACATACAT,AGGAGA,30.8826930353091,6.09794894039224,bps_noncore,Rep5,23.708214576376
568,RBS_1by1_41,TTTAAGAAGGAGAGATACAT,AGGAGA,32.0443541550277,8.00789532255212,bps_noncore,Rep5,23.1482217573819
569,RBS_1by1_42,TTTAAGAAGGAGAAATACAT,AGGAGA,13.0248849813343,15.1226433265054,bps_noncore,Rep5,5.87172347072313
570,RBS_1by1_43,TTTAAGAAGGAGATCTACAT,AGGAGA,7.25451203234166,3.5844345637248,bps_noncore,Rep5,6.3098615913942
571,RBS_1by1_44,TTTAAGAAGGAGATGTACAT,AGGAGA,28.8004703299372,13.2352307520765,bps_noncore,Rep5,27.6029679913516
572,RBS_1by1_45,TTTAAGAAGGAGATTTACAT,AGGAGA,33.5012264459926,11.2544450555574,bps_noncore,Rep5,22.0260930658765
573,RBS_1by1_46,TTTAAGAAGGAGATACACAT,AGGAGA,32.9749114480213,8.8424783775874,bps_noncore,Rep5,23.0535027186436
574,RBS_1by1_47,TTTAAGAAGGAGATAGACAT,AGGAGA,40.1437962070763,7.39390771964673,bps_noncore,Rep5,31.4075696138237
575,RBS_1by1_48,TTTAAGAAGGAGATAAACAT,AGGAGA,54.384883381219,12.982823542956,bps_noncore,Rep5,39.7876195682437
576,RBS_1by1_49,TTTAAGAAGGAGATATCCAT,AGGAGA,46.6011937717758,19.3250162689448,bps_noncore,Rep5,31.8451363658838
577,RBS_1by1_50,TTTAAGAAGGAGATATGCAT,AGGAGA,33.0843622207156,17.6957366947601,bps_noncore,Rep5,18.8434332091288
578,RBS_1by1_51,TTTAAGAAGGAGATATTCAT,AGGAGA,34.3035923134974,9.01573892579993,bps_noncore,Rep5,23.6462021866091
579,RBS_1by1_52,TTTAAGAAGGAGATATAAAT,AGGAGA,35.9822027418978,10.0019914372189,bps_noncore,Rep5,29.4084406489209
580,RBS_1by1_53,TTTAAGAAGGAGATATAGAT,AGGAGA,32.293991002814,7.1176381739398,bps_noncore,Rep5,23.5818661965067
581,RBS_1by1_54,TTTAAGAAGGAGATATATAT,AGGAGA,33.2765035656412,8.31573244237777,bps_noncore,Rep5,22.7058262794547
582,RBS_1by1_55,TTTAAGAAGGAGATATACCT,AGGAGA,33.3099431773591,6.78540630164179,bps_noncore,Rep5,25.5368184106771
583,RBS_1by1_56,TTTAAGAAGGAGATATACGT,AGGAGA,37.2890041391835,9.65155648502951,bps_noncore,Rep5,24.1136702242424
584,RBS_1by1_57,TTTAAGAAGGAGATATACTT,AGGAGA,37.0432050012119,10.8027691479945,bps_noncore,Rep5,23.7012563631277
585,RBS_1by1_58,TTTAAGAAGGAGATATACAC,AGGAGA,38.8593116468717,9.93496945635527,bps_noncore,Rep5,29.8368526732785
586,RBS_1by1_59,TTTAAGAAGGAGATATACAG,AGGAGA,24.6926424405179,15.8625589719227,bps_noncore,Rep5,16.2773003126845
587,RBS_1by1_60,TTTAAGAAGGAGATATACAA,AGGAGA,50.6371408899464,11.9308223604208,bps_noncore,Rep5,48.0480278241415
588,RBS_RU_0,TTTAAGAGTTGACTATACAT,GTTGAC,46.1962114263439,22.7774943648054,uni random,Rep5,28.867128747305
589,RBS_RU_1,TTTAAGATACCTGTATACAT,TACCTG,21.4549154230499,22.8403396216059,uni random,Rep5,5.8523965066437
590,RBS_RU_2,TTTAAGAGAAGCGTATACAT,GAAGCG,12.9962951742914,10.2975483424834,uni random,Rep5,4.22022080509459
591,RBS_RU_3,TTTAAGAGTATGCTATACAT,GTATGC,10.6962969097958,3.90403762152153,uni random,Rep5,9.5769138980661
592,RBS_RU_4,TTTAAGATCACTTTATACAT,TCACTT,7.74932021964005,3.06704283972125,uni random,Rep5,10.6740662785829
593,RBS_RU_5,TTTAAGAGAAGCCTATACAT,GAAGCC,10.2819145257563,6.2636463275334,uni random,Rep5,10.717208322091
594,RBS_RU_6,TTTAAGAATAGAATATACAT,ATAGAA,9.33698434430697,2.87832836995571,uni random,Rep5,10.7683479088705
595,RBS_RU_7,TTTAAGATCTGACTATACAT,TCTGAC,10.3999479996321,3.6260967546442,uni random,Rep5,10.5783967456933
596,RBS_RU_8,TTTAAGATAAGTATATACAT,TAAGTA,11.3379891095874,3.04675359848221,uni random,Rep5,8.65626465696831
597,RBS_RU_9,TTTAAGAGATAAATATACAT,GATAAA,12.3318727040289,3.27102989521828,uni random,Rep5,11.7414573357705
598,RBS_RU_10,TTTAAGAGGTCAATATACAT,GGTCAA,21.7444952467542,6.18244808023228,uni random,Rep5,15.6735921434102
599,RBS_RU_11,TTTAAGACGATCCTATACAT,CGATCC,25.952206753338,10.6242953129042,uni random,Rep5,18.7647880834035
600,RBS_RU_12,TTTAAGAACAGACTATACAT,ACAGAC,21.0257791398254,13.8909553533077,uni random,Rep5,11.6115925804387
601,RBS_RU_13,TTTAAGAGTTATATATACAT,GTTATA,18.8416717090784,9.63260448055558,uni random,Rep5,11.0212630611852
602,RBS_RU_14,TTTAAGAGGAACATATACAT,GGAACA,16.6896162868685,8.98896184138358,uni random,Rep5,8.65263156463936
603,RBS_RU_15,TTTAAGACCCGAATATACAT,CCCGAA,24.7700794974538,8.4998824776648,uni random,Rep5,21.477357509413
604,RBS_RU_16,TTTAAGAAATGTCTATACAT,AATGTC,15.0651804317934,13.6146216249382,uni random,Rep5,8.32621758676847
605,RBS_RU_17,TTTAAGACGTACCTATACAT,CGTACC,12.8334086273692,2.60761515975753,uni random,Rep5,12.1284998407834
606,RBS_RU_18,TTTAAGAACCGTGTATACAT,ACCGTG,17.1199234125026,6.85039784424886,uni random,Rep5,11.7073849705144
607,RBS_RU_19,TTTAAGAGGACACTATACAT,GGACAC,14.1323485159486,10.4571233269751,uni random,Rep5,12.0176488179126
608,RBS_RU_20,TTTAAGAATCCCATATACAT,ATCCCA,18.464841791492,7.61051883015962,uni random,Rep5,11.8933724868456
609,RBS_RU_21,TTTAAGAGAGCGATATACAT,GAGCGA,17.6166696505124,9.37273267152771,uni random,Rep5,11.8892917324195
610,RBS_RU_22,TTTAAGAATATGCTATACAT,ATATGC,32.7234882471662,8.0759587311645,uni random,Rep5,24.75041120325
611,RBS_RU_23,TTTAAGACAACATTATACAT,CAACAT,31.1697620235075,16.0843180908794,uni random,Rep5,20.217338927014
612,RBS_RU_24,TTTAAGAGCTACATATACAT,GCTACA,34.8692475983965,12.2705044093156,uni random,Rep5,27.2903666766863
613,RBS_RU_25,TTTAAGAGAAGACTATACAT,GAAGAC,27.0803601382736,17.1962084199594,uni random,Rep5,17.7696158758996
614,RBS_RU_26,TTTAAGACTCCGTTATACAT,CTCCGT,25.9922227743851,9.85076467638451,uni random,Rep5,18.4427988189577
615,RBS_RU_27,TTTAAGATTACTATATACAT,TTACTA,25.5053892520856,13.5575424304119,uni random,Rep5,17.4170290450032
616,RBS_RU_28,TTTAAGACGAGACTATACAT,CGAGAC,22.3208281074126,8.66344079193344,uni random,Rep5,18.5387590368617
617,RBS_BA_00,TTTAAGACGGATTTATACAT,CGGATT,36.862720942872,11.5712251104144,bandit,Rep5,28.4482623905934
618,RBS_BA_01,TTTAAGATTCGGATATACAT,TTCGGA,32.7198967320074,11.235537685303,bandit,Rep5,22.7815101881639
619,RBS_BA_02,TTTAAGACTCGGATATACAT,CTCGGA,31.8143224291878,11.4442312240224,bandit,Rep5,20.6679366849243
620,RBS_BA_03,TTTAAGAACCGGATATACAT,ACCGGA,30.2952449419549,10.964175652668,bandit,Rep5,20.8474224216453
621,RBS_BA_04,TTTAAGAGCCGGATATACAT,GCCGGA,31.1380955516851,10.2707052040509,bandit,Rep5,19.5712612716571
622,RBS_BA_05,TTTAAGAATCGGATATACAT,ATCGGA,28.7312055906067,9.07141932982487,bandit,Rep5,19.7120943595311
623,RBS_BA_06,TTTAAGACCGGATTATACAT,CCGGAT,31.4560562655559,10.3201686455674,bandit,Rep5,20.8003275979006
624,RBS_BA_07,TTTAAGATAAAGATATACAT,TAAAGA,25.9819890465059,8.8305473807622,bandit,Rep5,17.0593774488521
625,RBS_BA_08,TTTAAGACGATAATATACAT,CGATAA,24.0243326730116,7.49634957342848,bandit,Rep5,15.4131932253265
626,RBS_BA_09,TTTAAGAACACACTATACAT,ACACAC,24.7931508322038,8.47867880236014,bandit,Rep5,16.1302770577823
627,RBS_BA_10,TTTAAGATATATATATACAT,TATATA,28.4162088683051,9.28320116750407,bandit,Rep5,18.025865508528
628,RBS_BA_11,TTTAAGACTCTCTTATACAT,CTCTCT,38.9101291440617,15.0298573694921,bandit,Rep5,24.4788037184405
629,RBS_BA_12,TTTAAGAGTGTGTTATACAT,GTGTGT,28.6128875009916,10.1431253411725,bandit,Rep5,23.2929638376599
630,RBS_BA_13,TTTAAGAATATATTATACAT,ATATAT,24.1208347656506,6.80522729167525,bandit,Rep5,18.9372067403552
631,RBS_BA_14,TTTAAGATGTGTGTATACAT,TGTGTG,23.448580724026,7.81394177786083,bandit,Rep5,17.9290942250482
632,RBS_BA_15,TTTAAGATCTCTCTATACAT,TCTCTC,18.0907710481882,8.67080471785389,bandit,Rep5,15.1540301954776
633,RBS_BA_16,TTTAAGACACACATATACAT,CACACA,15.1311256880338,8.13761418483123,bandit,Rep5,14.0454936242436
634,RBS_BA_17,TTTAAGACTAAGATATACAT,CTAAGA,13.1167053198325,5.03615432771865,bandit,Rep5,13.5611993691375
635,RBS_BA_18,TTTAAGAATAAGATATACAT,ATAAGA,15.4570812947231,7.57183179862338,bandit,Rep5,13.4848841211061
636,RBS_BA_19,TTTAAGATAAGATTATACAT,TAAGAT,12.4095685736107,4.59830033672142,bandit,Rep5,12.8601746947795
637,RBS_BA_20,TTTAAGATTAAGATATACAT,TTAAGA,10.349743454152,1.84706406659486,bandit,Rep5,12.5138200273625
638,RBS_BA_21,TTTAAGAGGTCGATATACAT,GGTCGA,13.1135588851647,4.46737303005784,bandit,Rep5,12.7251082253039
639,RBS_BA_22,TTTAAGAGGTAGATATACAT,GGTAGA,38.4018059000428,10.8019323697004,bandit,Rep5,29.7810288985843
640,RBS_BA_24,TTTAAGAGGGGGATATACAT,GGGGGA,42.4130608813776,13.5772531340401,bandit,Rep5,41.9067103892888
641,RBS_BA_25,TTTAAGAGGGGATTATACAT,GGGGAT,43.8741560140223,12.2859665104831,bandit,Rep5,42.3487107783954
642,RBS_BA_26,TTTAAGAGGGATCTATACAT,GGGATC,20.1862128148612,7.52057022300158,bandit,Rep5,15.3896542491626
643,RBS_BA_27,TTTAAGAGGGATTTATACAT,GGGATT,19.3002136915127,4.13361532082708,bandit,Rep5,16.2920133749259
644,RBS_BA_28,TTTAAGAGGGATGTATACAT,GGGATG,17.2811594583003,4.87414462737258,bandit,Rep5,15.3925166248267
645,RBS_BA_29,TTTAAGAGGGATATATACAT,GGGATA,19.6704218815775,4.31521130673719,bandit,Rep5,16.0963937792769
646,RBS_BA_30,TTTAAGAGGATCTTATACAT,GGATCT,9.83456352406359,3.13866086071652,bandit,Rep5,11.8919119535608
647,RBS_BA_31,TTTAAGAGGATTTTATACAT,GGATTT,30.6686904414344,7.71765244360738,bandit,Rep5,24.0585425889761
648,RBS_BA_32,TTTAAGAGGATAGTATACAT,GGATAG,28.0321949076726,7.12454688064529,bandit,Rep5,20.7245652492678
649,RBS_BA_33,TTTAAGAGGATTATATACAT,GGATTA,35.4314177544925,7.81760566799024,bandit,Rep5,28.9232183116938
650,RBS_BA_34,TTTAAGAGGATATTATACAT,GGATAT,42.8940028174239,14.6024909065969,bandit,Rep5,31.8426254120945
651,RBS_BA_35,TTTAAGAGGATACTATACAT,GGATAC,42.7761600435975,13.0868371488533,bandit,Rep5,28.9504845790049
652,RBS_BA_36,TTTAAGAGGATGCTATACAT,GGATGC,39.1606707499531,9.50442456552083,bandit,Rep5,33.7321493011835
653,RBS_BA_37,TTTAAGAGGATGTTATACAT,GGATGT,35.4941106219746,8.2943585868404,bandit,Rep5,30.7405571104213
654,RBS_BA_38,TTTAAGAGGATTCTATACAT,GGATTC,24.6143006801211,6.70424179105758,bandit,Rep5,20.1261614699574
655,RBS_BA_39,TTTAAGAGGATCGTATACAT,GGATCG,17.9297876673622,6.62697301641789,bandit,Rep5,14.7849995018618
656,RBS_BA_40,TTTAAGAGGATTGTATACAT,GGATTG,29.8092362763563,6.66297145888352,bandit,Rep5,22.7707941779741
657,RBS_BA_41,TTTAAGAGGATCCTATACAT,GGATCC,15.3339477358257,3.87087869155189,bandit,Rep5,13.5924599682598
658,RBS_BA_42,TTTAAGAGGATGATATACAT,GGATGA,28.8114487151385,7.44862432080926,bandit,Rep5,23.2895618967193
659,RBS_BA_43,TTTAAGAGGATCATATACAT,GGATCA,10.7340453480736,3.03326950455782,bandit,Rep5,13.1110652994561
660,RBS_BA_44,TTTAAGACCCCGATATACAT,CCCCGA,9.34114893686083,2.82156830974913,bandit,Rep5,6.50292788092946
661,RBS_BA_45,TTTAAGATTTTTGTATACAT,TTTTTG,11.0109705052789,2.89240515243733,bandit,Rep5,10.7244515207434
662,RBS_BA_46,TTTAAGATTTTTATATACAT,TTTTTA,23.4469586132809,8.57815288133268,bandit,Rep5,15.671395483422
663,RBS_BA_47,TTTAAGAGTTTTTTATACAT,GTTTTT,31.9437680089697,11.1066207248234,bandit,Rep5,22.2697840064692
664,RBS_BA_48,TTTAAGACTTTTTTATACAT,CTTTTT,18.966807990469,8.00810184269537,bandit,Rep5,17.8382742240842
665,RBS_BA_49,TTTAAGACCCCCTTATACAT,CCCCCT,13.1971900352984,5.84342105440353,bandit,Rep5,3.83174183357278
666,RBS_BA_50,TTTAAGACCCCCGTATACAT,CCCCCG,31.2231521215394,8.94276041525985,bandit,Rep5,25.6099054647453
667,RBS_BA_51,TTTAAGACCCCCATATACAT,CCCCCA,9.38689483407508,5.06966036187904,bandit,Rep5,4.3208021293112
668,RBS_BA_52,TTTAAGATTTTTCTATACAT,TTTTTC,7.31686110333524,3.87146272567406,bandit,Rep5,0.951690505261933
669,RBS_BA_53,TTTAAGAGCCCCCTATACAT,GCCCCC,10.600029059524,3.30538786063421,bandit,Rep5,5.56041955731948
670,RBS_BA_54,TTTAAGAATTTTTTATACAT,ATTTTT,11.623286257952,5.26626935140448,bandit,Rep5,12.897622769928
671,RBS_BA_55,TTTAAGAACCCCCTATACAT,ACCCCC,7.18622867936612,3.14184186702831,bandit,Rep5,4.49098106286994
672,RBS_BA_56,TTTAAGATCCCCCTATACAT,TCCCCC,12.3510503022241,6.24931185134182,bandit,Rep5,11.7916656958004
673,RBS_BA_57,TTTAAGAGGATAATATACAT,GGATAA,31.8430556042067,9.88800878755479,bandit,Rep5,26.1051604667187
674,RBS_BA_58,TTTAAGACCCCCCTATACAT,CCCCCC,25.62279587722,9.91092475640518,bandit,Rep5,16.3879401160716
675,RBS_BA_59,TTTAAGATTTTTTTATACAT,TTTTTT,31.8505847250872,12.0146285465248,bandit,Rep5,21.2820328909435
676,RBS_RP_30,TTTAAGAGAAAGATATACAT,GAAAGA,23.8200260377736,7.25215182677345,prob random,Rep5,18.9007452496797
677,RBS_RP_31,TTTAAGACGGGGGTATACAT,CGGGGG,38.7508769534913,10.1627383076539,prob random,Rep5,34.7118704026209
678,RBS_RP_32,TTTAAGATGAGGGTATACAT,TGAGGG,33.0770102916471,9.49639852986264,prob random,Rep5,26.9712658110474
679,RBS_RP_33,TTTAAGACCGGGATATACAT,CCGGGA,15.3468264906405,7.97560755213889,prob random,Rep5,5.85214596229158
680,RBS_RP_34,TTTAAGAAAGGGTTATACAT,AAGGGT,26.0363389645247,6.63871801622391,prob random,Rep5,20.3687580918471
681,RBS_RP_35,TTTAAGACTGTAGTATACAT,CTGTAG,15.6629959692062,7.37902942026716,prob random,Rep5,6.93049593587882
682,RBS_RP_36,TTTAAGACTGACATATACAT,CTGACA,12.8506795935193,3.54247823000431,prob random,Rep5,13.0793445985806
683,RBS_RP_37,TTTAAGACGTGTGTATACAT,CGTGTG,15.1118056437372,5.95744004467382,prob random,Rep5,13.5495823652299
684,RBS_RP_38,TTTAAGAGAGGGGTATACAT,GAGGGG,13.9305594882795,4.22288167380327,prob random,Rep5,12.4157563905103
685,RBS_RP_39,TTTAAGACTAGGATATACAT,CTAGGA,23.3831270149619,6.537781181944,prob random,Rep5,17.7036928365458
686,RBS_RP_40,TTTAAGAATTGGGTATACAT,ATTGGG,26.4932768259712,9.3836956675147,prob random,Rep5,19.1437993901208
687,RBS_RP_41,TTTAAGATACTGATATACAT,TACTGA,30.3416121611466,9.94175038040837,prob random,Rep5,22.0921588413162
688,RBS_RP_42,TTTAAGAAGAGCGTATACAT,AGAGCG,25.1086483036096,6.97339835143681,prob random,Rep5,19.3698431010833
689,RBS_RP_43,TTTAAGAAGGGGTTATACAT,AGGGGT,37.0588046516019,8.67207777447586,prob random,Rep5,33.4593572146489
690,RBS_RP_45,TTTAAGACAAGCCTATACAT,CAAGCC,15.7499822859579,9.15439214384885,prob random,Rep5,6.21411647978478
691,RBS_RP_46,TTTAAGACAATTGTATACAT,CAATTG,17.7138914364365,8.01723227805098,prob random,Rep5,14.1597317187858
692,RBS_RP_47,TTTAAGATATTTTTATACAT,TATTTT,17.7862282677786,3.0209323930302,prob random,Rep5,14.8767585556466
693,RBS_RP_48,TTTAAGATCCGGCTATACAT,TCCGGC,16.3893357258102,7.78704371383571,prob random,Rep5,6.60998558766251
694,RBS_RP_49,TTTAAGATGGGAGTATACAT,TGGGAG,40.8836718554375,10.1305125378121,prob random,Rep5,32.741801452917
695,RBS_RP_50,TTTAAGAAAAGTGTATACAT,AAAGTG,20.0301091574691,6.99146607894995,prob random,Rep5,15.7161722499069
696,RBS_RP_51,TTTAAGACGGGAGTATACAT,CGGGAG,31.5013993364711,8.14869962836505,prob random,Rep5,24.1691530326312
697,RBS_RP_52,TTTAAGATAAGAGTATACAT,TAAGAG,22.3214445640905,7.60900084823721,prob random,Rep5,15.3499100264417
698,RBS_RP_53,TTTAAGATAAGGGTATACAT,TAAGGG,32.9761663686385,10.8998135193687,prob random,Rep5,23.1805700003422
699,RBS_RP_54,TTTAAGATAGTCTTATACAT,TAGTCT,33.229831486312,10.2056625216997,prob random,Rep5,22.5295274363494
700,RBS_RP_55,TTTAAGAAAGTAGTATACAT,AAGTAG,29.735669341354,10.4541168950894,prob random,Rep5,20.9144299178805
701,RBS_RP_57,TTTAAGACCACGCTATACAT,CCACGC,26.0301050248107,7.33765563701927,prob random,Rep5,19.6699330440733
702,RBS_RP_58,TTTAAGAGTAATGTATACAT,GTAATG,27.1584659261634,9.50037627484968,prob random,Rep5,21.2415264785386
703,RBS_RP_59,TTTAAGACATTGATATACAT,CATTGA,27.8598724021962,9.16314253114336,prob random,Rep5,21.1970647249735
704,RBS_1by1_0,TTTAAGAAGGAGATATACAT,AGGAGA,69.5632441490869,17.7436621601498,reference,Rep1,80.9197
705,RBS_1by1_1,CTTAAGAAGGAGATATACAT,AGGAGA,53.4041833430766,15.2561659999009,bps_noncore,Rep1,58.33688
706,RBS_1by1_2,GTTAAGAAGGAGATATACAT,AGGAGA,34.9994192275654,13.0047831797023,bps_noncore,Rep1,38.7807
707,RBS_1by1_3,ATTAAGAAGGAGATATACAT,AGGAGA,51.0222008096645,14.3850701913841,bps_noncore,Rep1,60.72082
708,RBS_1by1_4,TCTAAGAAGGAGATATACAT,AGGAGA,51.4584340679373,11.487255342722,bps_noncore,Rep1,58.09954
709,RBS_1by1_5,TGTAAGAAGGAGATATACAT,AGGAGA,28.575681876758,10.2336225433563,bps_noncore,Rep1,30.82338
710,RBS_1by1_6,TATAAGAAGGAGATATACAT,AGGAGA,41.5140827850865,11.6004529246663,bps_noncore,Rep1,51.83695
711,RBS_1by1_8,TTGAAGAAGGAGATATACAT,AGGAGA,45.3187671686119,7.27173688480705,bps_noncore,Rep1,57.18822
712,RBS_1by1_9,TTAAAGAAGGAGATATACAT,AGGAGA,35.8447602489963,17.6541750655294,bps_noncore,Rep1,36.16774
713,RBS_1by1_10,TTTCAGAAGGAGATATACAT,AGGAGA,41.7634198980636,10.4123983163159,bps_noncore,Rep1,56.37248
714,RBS_1by1_11,TTTGAGAAGGAGATATACAT,AGGAGA,51.8834975952094,12.2761812400753,bps_noncore,Rep1,63.55034
715,RBS_1by1_12,TTTTAGAAGGAGATATACAT,AGGAGA,49.7156031496403,17.5701045150886,bps_noncore,Rep1,65.10755
716,RBS_1by1_13,TTTACGAAGGAGATATACAT,AGGAGA,49.0917124366076,15.923846982311,bps_noncore,Rep1,58.0788
717,RBS_1by1_14,TTTAGGAAGGAGATATACAT,AGGAGA,46.7733493664676,16.7640130835511,bps_noncore,Rep1,52.61771
718,RBS_1by1_15,TTTATGAAGGAGATATACAT,AGGAGA,33.9587952332307,16.0058517414339,bps_noncore,Rep1,36.81501
719,RBS_1by1_16,TTTAACAAGGAGATATACAT,AGGAGA,35.7098782217986,9.97474706800356,bps_noncore,Rep1,42.68765
720,RBS_1by1_17,TTTAAAAAGGAGATATACAT,AGGAGA,31.1874686177543,8.27953133946976,bps_noncore,Rep1,40.08404
721,RBS_1by1_18,TTTAATAAGGAGATATACAT,AGGAGA,33.437060906915,8.45488148454329,bps_noncore,Rep1,41.37825
722,RBS_1by1_19,TTTAAGCAGGAGATATACAT,AGGAGA,29.8894709565281,11.1183319875098,bps_noncore,Rep1,33.05537
723,RBS_1by1_20,TTTAAGGAGGAGATATACAT,AGGAGA,36.8697036426196,9.66929747762812,bps_noncore,Rep1,41.56641
724,RBS_1by1_21,TTTAAGTAGGAGATATACAT,AGGAGA,29.3043079536479,12.5217823495463,bps_core,Rep1,28.70282
725,RBS_1by1_22,TTTAAGACGGAGATATACAT,CGGAGA,32.7298306269198,6.18704960770715,bps_core,Rep1,38.14086
726,RBS_1by1_23,TTTAAGAGGGAGATATACAT,GGGAGA,22.6195960296542,14.1504444443407,bps_core,Rep1,17.19413
727,RBS_1by1_24,TTTAAGATGGAGATATACAT,TGGAGA,34.2496083692784,7.27253509508347,bps_core,Rep1,48.38563
728,RBS_1by1_25,TTTAAGAACGAGATATACAT,ACGAGA,42.7872962101359,14.9446835112269,bps_core,Rep1,48.9051
729,RBS_1by1_26,TTTAAGAAAGAGATATACAT,AAGAGA,26.9740113809471,18.7265801169272,bps_core,Rep1,25.20577
730,RBS_1by1_27,TTTAAGAATGAGATATACAT,ATGAGA,18.7786864944873,8.98859172557281,bps_core,Rep1,16.40183
731,RBS_1by1_28,TTTAAGAAGCAGATATACAT,AGCAGA,18.2120488829295,7.83749467936479,bps_core,Rep1,19.43222
732,RBS_1by1_29,TTTAAGAAGAAGATATACAT,AGAAGA,11.5157535646992,8.11085970019477,bps_core,Rep1,4.094299
733,RBS_1by1_30,TTTAAGAAGTAGATATACAT,AGTAGA,8.15118458257368,3.91336350884379,bps_core,Rep1,13.73595
734,RBS_1by1_31,TTTAAGAAGGCGATATACAT,AGGCGA,8.11138453791744,3.15887683163185,bps_core,Rep1,3.855629
735,RBS_1by1_32,TTTAAGAAGGGGATATACAT,AGGGGA,17.7615032807536,2.98119269057245,bps_core,Rep1,22.46693
736,RBS_1by1_33,TTTAAGAAGGTGATATACAT,AGGTGA,21.7479609914766,7.15940750589619,bps_core,Rep1,22.96256
737,RBS_1by1_34,TTTAAGAAGGACATATACAT,AGGACA,24.767179088474,6.590294975681,bps_core,Rep1,29.07655
738,RBS_1by1_35,TTTAAGAAGGAAATATACAT,AGGAAA,23.1847421016884,8.1086614412899,bps_core,Rep1,25.28329
739,RBS_1by1_36,TTTAAGAAGGATATATACAT,AGGATA,36.8049667381413,6.89531608363487,bps_core,Rep1,46.82615
740,RBS_1by1_37,TTTAAGAAGGAGCTATACAT,AGGAGC,32.1787149781596,18.0213997729588,bps_core,Rep1,31.86407
741,RBS_1by1_38,TTTAAGAAGGAGGTATACAT,AGGAGG,27.1773282319903,10.4990875519274,bps_core,Rep1,29.32302
742,RBS_1by1_39,TTTAAGAAGGAGTTATACAT,AGGAGT,25.5007734194099,10.7811854368611,bps_noncore,Rep1,28.97258
743,RBS_1by1_40,TTTAAGAAGGAGACATACAT,AGGAGA,30.8826930353091,6.09794894039224,bps_noncore,Rep1,32.67012
744,RBS_1by1_41,TTTAAGAAGGAGAGATACAT,AGGAGA,32.0443541550277,8.00789532255212,bps_noncore,Rep1,38.54666
745,RBS_1by1_42,TTTAAGAAGGAGAAATACAT,AGGAGA,13.0248849813343,15.1226433265054,bps_noncore,Rep1,3.567222
746,RBS_1by1_43,TTTAAGAAGGAGATCTACAT,AGGAGA,7.25451203234166,3.5844345637248,bps_noncore,Rep1,4.318653
747,RBS_1by1_44,TTTAAGAAGGAGATGTACAT,AGGAGA,28.8004703299372,13.2352307520765,bps_noncore,Rep1,43.97883
748,RBS_1by1_45,TTTAAGAAGGAGATTTACAT,AGGAGA,33.5012264459926,11.2544450555574,bps_noncore,Rep1,35.73244
749,RBS_1by1_46,TTTAAGAAGGAGATACACAT,AGGAGA,32.9749114480213,8.8424783775874,bps_noncore,Rep1,38.97075
750,RBS_1by1_47,TTTAAGAAGGAGATAGACAT,AGGAGA,40.1437962070763,7.39390771964673,bps_noncore,Rep1,50.10345
751,RBS_1by1_48,TTTAAGAAGGAGATAAACAT,AGGAGA,54.384883381219,12.982823542956,bps_noncore,Rep1,71.74603
752,RBS_1by1_49,TTTAAGAAGGAGATATCCAT,AGGAGA,46.6011937717758,19.3250162689448,bps_noncore,Rep1,51.00143
753,RBS_1by1_50,TTTAAGAAGGAGATATGCAT,AGGAGA,33.0843622207156,17.6957366947601,bps_noncore,Rep1,33.1676
754,RBS_1by1_51,TTTAAGAAGGAGATATTCAT,AGGAGA,34.3035923134974,9.01573892579993,bps_noncore,Rep1,47.30523
755,RBS_1by1_52,TTTAAGAAGGAGATATAAAT,AGGAGA,35.9822027418978,10.0019914372189,bps_noncore,Rep1,39.71959
756,RBS_1by1_53,TTTAAGAAGGAGATATAGAT,AGGAGA,32.293991002814,7.1176381739398,bps_noncore,Rep1,38.25181
757,RBS_1by1_54,TTTAAGAAGGAGATATATAT,AGGAGA,33.2765035656412,8.31573244237777,bps_noncore,Rep1,40.38633
758,RBS_1by1_55,TTTAAGAAGGAGATATACCT,AGGAGA,33.3099431773591,6.78540630164179,bps_noncore,Rep1,39.55101
759,RBS_1by1_56,TTTAAGAAGGAGATATACGT,AGGAGA,37.2890041391835,9.65155648502951,bps_noncore,Rep1,42.6091
760,RBS_1by1_57,TTTAAGAAGGAGATATACTT,AGGAGA,37.0432050012119,10.8027691479945,bps_noncore,Rep1,44.16422
761,RBS_1by1_58,TTTAAGAAGGAGATATACAC,AGGAGA,38.8593116468717,9.93496945635527,bps_noncore,Rep1,46.53873
762,RBS_1by1_59,TTTAAGAAGGAGATATACAG,AGGAGA,24.6926424405179,15.8625589719227,bps_noncore,Rep1,23.19226
763,RBS_1by1_60,TTTAAGAAGGAGATATACAA,AGGAGA,50.6371408899464,11.9308223604208,bps_noncore,Rep1,73.86549
764,RBS_RU_0,TTTAAGAGTTGACTATACAT,GTTGAC,46.1962114263439,22.7774943648054,uni random,Rep1,47.50604
765,RBS_RU_1,TTTAAGATACCTGTATACAT,TACCTG,21.4549154230499,22.8403396216059,uni random,Rep1,12.62052
766,RBS_RU_2,TTTAAGAGAAGCGTATACAT,GAAGCG,12.9962951742914,10.2975483424834,uni random,Rep1,12.71591
767,RBS_RU_3,TTTAAGAGTATGCTATACAT,GTATGC,10.6962969097958,3.90403762152153,uni random,Rep1,18.18162
768,RBS_RU_4,TTTAAGATCACTTTATACAT,TCACTT,7.74932021964005,3.06704283972125,uni random,Rep1,2.285011
769,RBS_RU_5,TTTAAGAGAAGCCTATACAT,GAAGCC,10.2819145257563,6.2636463275334,uni random,Rep1,2.512394
770,RBS_RU_6,TTTAAGAATAGAATATACAT,ATAGAA,9.33698434430697,2.87832836995571,uni random,Rep1,5.246637
771,RBS_RU_7,TTTAAGATCTGACTATACAT,TCTGAC,10.3999479996321,3.6260967546442,uni random,Rep1,3.539546
772,RBS_RU_8,TTTAAGATAAGTATATACAT,TAAGTA,11.3379891095874,3.04675359848221,uni random,Rep1,12.43055
773,RBS_RU_9,TTTAAGAGATAAATATACAT,GATAAA,12.3318727040289,3.27102989521828,uni random,Rep1,16.55925
774,RBS_RU_10,TTTAAGAGGTCAATATACAT,GGTCAA,21.7444952467542,6.18244808023228,uni random,Rep1,23.67912
775,RBS_RU_11,TTTAAGACGATCCTATACAT,CGATCC,25.952206753338,10.6242953129042,uni random,Rep1,29.36959
776,RBS_RU_12,TTTAAGAACAGACTATACAT,ACAGAC,21.0257791398254,13.8909553533077,uni random,Rep1,19.61566
777,RBS_RU_13,TTTAAGAGTTATATATACAT,GTTATA,18.8416717090784,9.63260448055558,uni random,Rep1,22.03343
778,RBS_RU_14,TTTAAGAGGAACATATACAT,GGAACA,16.6896162868685,8.98896184138358,uni random,Rep1,20.21415
779,RBS_RU_15,TTTAAGACCCGAATATACAT,CCCGAA,24.7700794974538,8.4998824776648,uni random,Rep1,38.30749
780,RBS_RU_16,TTTAAGAAATGTCTATACAT,AATGTC,15.0651804317934,13.6146216249382,uni random,Rep1,2.849156
781,RBS_RU_17,TTTAAGACGTACCTATACAT,CGTACC,12.8334086273692,2.60761515975753,uni random,Rep1,17.7694
782,RBS_RU_18,TTTAAGAACCGTGTATACAT,ACCGTG,17.1199234125026,6.85039784424886,uni random,Rep1,21.08405
783,RBS_RU_19,TTTAAGAGGACACTATACAT,GGACAC,14.1323485159486,10.4571233269751,uni random,Rep1,0.708258
784,RBS_RU_20,TTTAAGAATCCCATATACAT,ATCCCA,18.464841791492,7.61051883015962,uni random,Rep1,20.77001
785,RBS_RU_21,TTTAAGAGAGCGATATACAT,GAGCGA,17.6166696505124,9.37273267152771,uni random,Rep1,18.35853
786,RBS_RU_22,TTTAAGAATATGCTATACAT,ATATGC,32.7234882471662,8.0759587311645,uni random,Rep1,46.04245
787,RBS_RU_23,TTTAAGACAACATTATACAT,CAACAT,31.1697620235075,16.0843180908794,uni random,Rep1,35.04078
788,RBS_RU_24,TTTAAGAGCTACATATACAT,GCTACA,34.8692475983965,12.2705044093156,uni random,Rep1,41.26278
789,RBS_RU_25,TTTAAGAGAAGACTATACAT,GAAGAC,27.0803601382736,17.1962084199594,uni random,Rep1,23.49241
790,RBS_RU_26,TTTAAGACTCCGTTATACAT,CTCCGT,25.9922227743851,9.85076467638451,uni random,Rep1,31.04444
791,RBS_RU_27,TTTAAGATTACTATATACAT,TTACTA,25.5053892520856,13.5575424304119,uni random,Rep1,25.85005
792,RBS_RU_28,TTTAAGACGAGACTATACAT,CGAGAC,22.3208281074126,8.66344079193344,uni random,Rep1,24.43934
793,RBS_BA_00,TTTAAGACGGATTTATACAT,CGGATT,36.862720942872,11.5712251104144,bandit,Rep1,43.2914691132013
794,RBS_BA_01,TTTAAGATTCGGATATACAT,TTCGGA,32.7198967320074,11.235537685303,bandit,Rep1,36.1721672391748
795,RBS_BA_02,TTTAAGACTCGGATATACAT,CTCGGA,31.8143224291878,11.4442312240224,bandit,Rep1,39.0731690627871
796,RBS_BA_03,TTTAAGAACCGGATATACAT,ACCGGA,30.2952449419549,10.964175652668,bandit,Rep1,37.567211661428
797,RBS_BA_04,TTTAAGAGCCGGATATACAT,GCCGGA,31.1380955516851,10.2707052040509,bandit,Rep1,37.9594041443196
798,RBS_BA_05,TTTAAGAATCGGATATACAT,ATCGGA,28.7312055906067,9.07141932982487,bandit,Rep1,32.4895378467977
799,RBS_BA_06,TTTAAGACCGGATTATACAT,CCGGAT,31.4560562655559,10.3201686455674,bandit,Rep1,38.0939212539413
800,RBS_BA_07,TTTAAGATAAAGATATACAT,TAAAGA,25.9819890465059,8.8305473807622,bandit,Rep1,31.2815253129857
801,RBS_BA_08,TTTAAGACGATAATATACAT,CGATAA,24.0243326730116,7.49634957342848,bandit,Rep1,25.3407349707189
802,RBS_BA_09,TTTAAGAACACACTATACAT,ACACAC,24.7931508322038,8.47867880236014,bandit,Rep1,29.5690917076259
803,RBS_BA_10,TTTAAGATATATATATACAT,TATATA,28.4162088683051,9.28320116750407,bandit,Rep1,35.1800362466179
804,RBS_BA_11,TTTAAGACTCTCTTATACAT,CTCTCT,38.9101291440617,15.0298573694921,bandit,Rep1,54.3271845688148
805,RBS_BA_12,TTTAAGAGTGTGTTATACAT,GTGTGT,28.6128875009916,10.1431253411725,bandit,Rep1,27.8407812500046
806,RBS_BA_13,TTTAAGAATATATTATACAT,ATATAT,24.1208347656506,6.80522729167525,bandit,Rep1,24.3239752159503
807,RBS_BA_14,TTTAAGATGTGTGTATACAT,TGTGTG,23.448580724026,7.81394177786083,bandit,Rep1,25.5890437532052
808,RBS_BA_15,TTTAAGATCTCTCTATACAT,TCTCTC,18.0907710481882,8.67080471785389,bandit,Rep1,15.8213701932972
809,RBS_BA_16,TTTAAGACACACATATACAT,CACACA,15.1311256880338,8.13761418483123,bandit,Rep1,7.71199366178979
810,RBS_BA_17,TTTAAGACTAAGATATACAT,CTAAGA,13.1167053198325,5.03615432771865,bandit,Rep1,20.9525317432924
811,RBS_BA_18,TTTAAGAATAAGATATACAT,ATAAGA,15.4570812947231,7.57183179862338,bandit,Rep1,13.2274458305742
812,RBS_BA_19,TTTAAGATAAGATTATACAT,TAAGAT,12.4095685736107,4.59830033672142,bandit,Rep1,18.1375819555207
813,RBS_BA_20,TTTAAGATTAAGATATACAT,TTAAGA,10.349743454152,1.84706406659486,bandit,Rep1,10.9290357186863
814,RBS_BA_21,TTTAAGAGGTCGATATACAT,GGTCGA,13.1135588851647,4.46737303005784,bandit,Rep1,16.6588551878774
815,RBS_BA_22,TTTAAGAGGTAGATATACAT,GGTAGA,38.4018059000428,10.8019323697004,bandit,Rep1,46.2270248338777
816,RBS_BA_24,TTTAAGAGGGGGATATACAT,GGGGGA,42.4130608813776,13.5772531340401,bandit,Rep1,33.5530728803803
817,RBS_BA_25,TTTAAGAGGGGATTATACAT,GGGGAT,43.8741560140223,12.2859665104831,bandit,Rep1,33.8280084725636
818,RBS_BA_26,TTTAAGAGGGATCTATACAT,GGGATC,20.1862128148612,7.52057022300158,bandit,Rep1,20.2276698477915
819,RBS_BA_27,TTTAAGAGGGATTTATACAT,GGGATT,19.3002136915127,4.13361532082708,bandit,Rep1,24.2596807029942
820,RBS_BA_28,TTTAAGAGGGATGTATACAT,GGGATG,17.2811594583003,4.87414462737258,bandit,Rep1,24.3905582754543
821,RBS_BA_29,TTTAAGAGGGATATATACAT,GGGATA,19.6704218815775,4.31521130673719,bandit,Rep1,19.9747984889786
822,RBS_BA_30,TTTAAGAGGATCTTATACAT,GGATCT,9.83456352406359,3.13866086071652,bandit,Rep1,13.4036570899919
823,RBS_BA_31,TTTAAGAGGATTTTATACAT,GGATTT,30.6686904414344,7.71765244360738,bandit,Rep1,33.0996304146669
824,RBS_BA_32,TTTAAGAGGATAGTATACAT,GGATAG,28.0321949076726,7.12454688064529,bandit,Rep1,33.3502894149183
825,RBS_BA_33,TTTAAGAGGATTATATACAT,GGATTA,35.4314177544925,7.81760566799024,bandit,Rep1,38.617411674998
826,RBS_BA_34,TTTAAGAGGATATTATACAT,GGATAT,42.8940028174239,14.6024909065969,bandit,Rep1,51.1597869573788
827,RBS_BA_35,TTTAAGAGGATACTATACAT,GGATAC,42.7761600435975,13.0868371488533,bandit,Rep1,51.3576600900806
828,RBS_BA_36,TTTAAGAGGATGCTATACAT,GGATGC,39.1606707499531,9.50442456552083,bandit,Rep1,41.3274560741699
829,RBS_BA_37,TTTAAGAGGATGTTATACAT,GGATGT,35.4941106219746,8.2943585868404,bandit,Rep1,32.7880371244345
830,RBS_BA_38,TTTAAGAGGATTCTATACAT,GGATTC,24.6143006801211,6.70424179105758,bandit,Rep1,27.8306616475952
831,RBS_BA_39,TTTAAGAGGATCGTATACAT,GGATCG,17.9297876673622,6.62697301641789,bandit,Rep1,12.5357345220273
832,RBS_BA_40,TTTAAGAGGATTGTATACAT,GGATTG,29.8092362763563,6.66297145888352,bandit,Rep1,35.5737759860612
833,RBS_BA_41,TTTAAGAGGATCCTATACAT,GGATCC,15.3339477358257,3.87087869155189,bandit,Rep1,16.8648942754913
834,RBS_BA_42,TTTAAGAGGATGATATACAT,GGATGA,28.8114487151385,7.44862432080926,bandit,Rep1,31.7114980874526
835,RBS_BA_43,TTTAAGAGGATCATATACAT,GGATCA,10.7340453480736,3.03326950455782,bandit,Rep1,11.3226358021361
836,RBS_BA_44,TTTAAGACCCCGATATACAT,CCCCGA,9.34114893686083,2.82156830974913,bandit,Rep1,11.30373630427
837,RBS_BA_45,TTTAAGATTTTTGTATACAT,TTTTTG,11.0109705052789,2.89240515243733,bandit,Rep1,12.4959989809208
838,RBS_BA_46,TTTAAGATTTTTATATACAT,TTTTTA,23.4469586132809,8.57815288133268,bandit,Rep1,32.375038630985
839,RBS_BA_47,TTTAAGAGTTTTTTATACAT,GTTTTT,31.9437680089697,11.1066207248234,bandit,Rep1,41.8209833692379
840,RBS_BA_48,TTTAAGACTTTTTTATACAT,CTTTTT,18.966807990469,8.00810184269537,bandit,Rep1,9.31614495417997
841,RBS_BA_49,TTTAAGACCCCCTTATACAT,CCCCCT,13.1971900352984,5.84342105440353,bandit,Rep1,13.7706451668966
842,RBS_BA_50,TTTAAGACCCCCGTATACAT,CCCCCG,31.2231521215394,8.94276041525985,bandit,Rep1,38.4358441690406
843,RBS_BA_51,TTTAAGACCCCCATATACAT,CCCCCA,9.38689483407508,5.06966036187904,bandit,Rep1,14.1052078835217
844,RBS_BA_52,TTTAAGATTTTTCTATACAT,TTTTTC,7.31686110333524,3.87146272567406,bandit,Rep1,11.7809906833772
845,RBS_BA_53,TTTAAGAGCCCCCTATACAT,GCCCCC,10.600029059524,3.30538786063421,bandit,Rep1,11.2887804732241
846,RBS_BA_54,TTTAAGAATTTTTTATACAT,ATTTTT,11.623286257952,5.26626935140448,bandit,Rep1,9.4252011661393
847,RBS_BA_55,TTTAAGAACCCCCTATACAT,ACCCCC,7.18622867936612,3.14184186702831,bandit,Rep1,10.4914316626714
848,RBS_BA_56,TTTAAGATCCCCCTATACAT,TCCCCC,12.3510503022241,6.24931185134182,bandit,Rep1,12.7013272388781
849,RBS_BA_57,TTTAAGAGGATAATATACAT,GGATAA,31.8430556042067,9.88800878755479,bandit,Rep1,41.2821934217344
850,RBS_BA_58,TTTAAGACCCCCCTATACAT,CCCCCC,25.62279587722,9.91092475640518,bandit,Rep1,35.748057484681
851,RBS_BA_59,TTTAAGATTTTTTTATACAT,TTTTTT,31.8505847250872,12.0146285465248,bandit,Rep1,43.230990597927
852,RBS_RP_30,TTTAAGAGAAAGATATACAT,GAAAGA,23.8200260377736,7.25215182677345,prob random,Rep1,28.3431513031242
853,RBS_RP_31,TTTAAGACGGGGGTATACAT,CGGGGG,38.7508769534913,10.1627383076539,prob random,Rep1,35.1025495372976
854,RBS_RP_32,TTTAAGATGAGGGTATACAT,TGAGGG,33.0770102916471,9.49639852986264,prob random,Rep1,39.906818657272
855,RBS_RP_33,TTTAAGACCGGGATATACAT,CCGGGA,15.3468264906405,7.97560755213889,prob random,Rep1,12.8834680714639
856,RBS_RP_34,TTTAAGAAAGGGTTATACAT,AAGGGT,26.0363389645247,6.63871801622391,prob random,Rep1,33.7373303531452
857,RBS_RP_35,TTTAAGACTGTAGTATACAT,CTGTAG,15.6629959692062,7.37902942026716,prob random,Rep1,13.5992345586099
858,RBS_RP_36,TTTAAGACTGACATATACAT,CTGACA,12.8506795935193,3.54247823000431,prob random,Rep1,16.057044062449
859,RBS_RP_37,TTTAAGACGTGTGTATACAT,CGTGTG,15.1118056437372,5.95744004467382,prob random,Rep1,12.5012290267071
860,RBS_RP_38,TTTAAGAGAGGGGTATACAT,GAGGGG,13.9305594882795,4.22288167380327,prob random,Rep1,12.6287951521309
861,RBS_RP_39,TTTAAGACTAGGATATACAT,CTAGGA,23.3831270149619,6.537781181944,prob random,Rep1,31.1923488547453
862,RBS_RP_40,TTTAAGAATTGGGTATACAT,ATTGGG,26.4932768259712,9.3836956675147,prob random,Rep1,36.8066094317311
863,RBS_RP_41,TTTAAGATACTGATATACAT,TACTGA,30.3416121611466,9.94175038040837,prob random,Rep1,32.9724665380595
864,RBS_RP_42,TTTAAGAAGAGCGTATACAT,AGAGCG,25.1086483036096,6.97339835143681,prob random,Rep1,26.6088145321251
865,RBS_RP_43,TTTAAGAAGGGGTTATACAT,AGGGGT,37.0588046516019,8.67207777447586,prob random,Rep1,34.9339328201663
866,RBS_RP_45,TTTAAGACAAGCCTATACAT,CAAGCC,15.7499822859579,9.15439214384885,prob random,Rep1,11.1568150331213
867,RBS_RP_46,TTTAAGACAATTGTATACAT,CAATTG,17.7138914364365,8.01723227805098,prob random,Rep1,19.5566621008123
868,RBS_RP_47,TTTAAGATATTTTTATACAT,TATTTT,17.7862282677786,3.0209323930302,prob random,Rep1,20.969597726127
869,RBS_RP_48,TTTAAGATCCGGCTATACAT,TCCGGC,16.3893357258102,7.78704371383571,prob random,Rep1,16.1213717000777
870,RBS_RP_49,TTTAAGATGGGAGTATACAT,TGGGAG,40.8836718554375,10.1305125378121,prob random,Rep1,47.6305396235295
871,RBS_RP_50,TTTAAGAAAAGTGTATACAT,AAAGTG,20.0301091574691,6.99146607894995,prob random,Rep1,19.5492181970274
872,RBS_RP_51,TTTAAGACGGGAGTATACAT,CGGGAG,31.5013993364711,8.14869962836505,prob random,Rep1,36.8572055719797
873,RBS_RP_52,TTTAAGATAAGAGTATACAT,TAAGAG,22.3214445640905,7.60900084823721,prob random,Rep1,27.7208058703003
874,RBS_RP_53,TTTAAGATAAGGGTATACAT,TAAGGG,32.9761663686385,10.8998135193687,prob random,Rep1,40.6835823319174
875,RBS_RP_54,TTTAAGATAGTCTTATACAT,TAGTCT,33.229831486312,10.2056625216997,prob random,Rep1,42.0122699933686
876,RBS_RP_55,TTTAAGAAAGTAGTATACAT,AAGTAG,29.735669341354,10.4541168950894,prob random,Rep1,35.8552785224691
877,RBS_RP_57,TTTAAGACCACGCTATACAT,CCACGC,26.0301050248107,7.33765563701927,prob random,Rep1,27.8951530444221
878,RBS_RP_58,TTTAAGAGTAATGTATACAT,GTAATG,27.1584659261634,9.50037627484968,prob random,Rep1,28.8073633950658
879,RBS_RP_59,TTTAAGACATTGATATACAT,CATTGA,27.8598724021962,9.16314253114336,prob random,Rep1,34.3949939181084
