,RBS,Name,Rep1,Rep2,Rep3,AVERAGE,STD,PERC,Group,RBS6,Change_Pos,Base
0,TTTAAGAAGGAGATATACAT,RBS_1by1_0,3.194924941,2.783529347,1.798618081,2.592357456,0.717515317,0.246642783,reference,AGGAGA,1,T
18,TTTAAGCAGGAGATATACAT,RBS_1by1_19,0.332180751,0.053023924,0.401241299,0.262148658,0.184369753,0.201961125,bps_core,AGGAGA,7,C
19,TTTAAGGAGGAGATATACAT,RBS_1by1_20,0.84122225,1.538646925,0.414243985,0.931371053,0.567596333,0.038073916,bps_core,AGGAGA,7,G
20,TTTAAGTAGGAGATATACAT,RBS_1by1_21,0.07185668,0.186359004,0.486632245,0.248282643,0.214209232,0.101053082,bps_core,AGGAGA,7,T
21,TTTAAGACGGAGATATACAT,RBS_1by1_22,0.636341635,0.785467776,0.153062153,0.524957188,0.330589004,0.117559895,bps_core,CGGAGA,8,C
22,TTTAAGAGGGAGATATACAT,RBS_1by1_23,-0.616472926,-0.502488163,0.414479672,-0.234827139,0.565196986,0.043804833,bps_core,GGGAGA,8,G
23,TTTAAGATGGAGATATACAT,RBS_1by1_24,1.249076751,0.811790851,-0.085594955,0.658424216,0.680424966,0.228127759,bps_core,TGGAGA,8,T
24,TTTAAGAACGAGATATACAT,RBS_1by1_25,1.28014602,1.046770884,0.953997004,1.093637969,0.168049659,0.19373696,bps_core,ACGAGA,9,C
25,TTTAAGAAAGAGATATACAT,RBS_1by1_26,-0.137300318,-0.361841254,0.782388041,0.09441549,0.606287334,0.185442973,bps_core,AAGAGA,9,A
26,TTTAAGAATGAGATATACAT,RBS_1by1_27,-0.663860035,-0.61687773,0.002152859,-0.426194969,0.371703148,0.062400269,bps_core,ATGAGA,9,T
27,TTTAAGAAGCAGATATACAT,RBS_1by1_28,-0.482613763,-0.686310621,-0.10779261,-0.425572332,0.293446871,0.172986959,bps_core,AGCAGA,10,C
28,TTTAAGAAGAAGATATACAT,RBS_1by1_29,-1.399967965,-0.990957446,-0.27071297,-0.887212794,0.571731078,0.431229035,bps_core,AGAAGA,10,A
29,TTTAAGAAGTAGATATACAT,RBS_1by1_30,-0.823305127,-1.716794001,-0.850260634,-1.13011992,0.508253389,0.723148902,bps_core,AGTAGA,10,T
30,TTTAAGAAGGCGATATACAT,RBS_1by1_31,-1.414242711,-1.45795707,-0.70288404,-1.191694607,0.423886263,0.138361854,bps_core,AGGCGA,11,C
31,TTTAAGAAGGGGATATACAT,RBS_1by1_32,-0.301109114,-0.180274188,-0.600211319,-0.36053154,0.216182948,0.074669275,bps_core,AGGGGA,11,G
32,TTTAAGAAGGTGATATACAT,RBS_1by1_33,-0.271465705,-0.15179996,-0.048227163,-0.157164276,0.111715906,0.077421469,bps_core,AGGTGA,11,T
33,TTTAAGAAGGACATATACAT,RBS_1by1_34,0.094209305,-0.105252401,-0.036764684,-0.015935927,0.101349005,0.180577086,bps_core,AGGACA,12,C
34,TTTAAGAAGGAAATATACAT,RBS_1by1_35,-0.132663881,-0.175860236,0.045608602,-0.087638505,0.117399212,0.131815761,bps_core,AGGAAA,12,A
35,TTTAAGAAGGATATATACAT,RBS_1by1_36,1.155804949,1.102743731,0.191281021,0.8166099,0.542200174,0.163650047,bps_core,AGGATA,12,T
36,TTTAAGAAGGAGCTATACAT,RBS_1by1_37,0.26092963,0.035768974,0.88388522,0.393527941,0.439331339,0.188544575,bps_core,AGGAGC,13,C
37,TTTAAGAAGGAGGTATACAT,RBS_1by1_38,0.108950565,0.119331593,0.292676406,0.173652855,0.103208022,0.127599759,bps_core,AGGAGG,13,G
38,TTTAAGAAGGAGTTATACAT,RBS_1by1_39,0.087990905,-0.336164635,0.251800783,0.001209018,0.303437234,0.244027308,bps_core,AGGAGT,13,T
1,CTTAAGAAGGAGATATACAT,RBS_1by1_1,1.844256567,1.678119323,1.290105863,1.604160585,0.284382088,0.185590492,bps_noncore,AGGAGA,1,C
2,GTTAAGAAGGAGATATACAT,RBS_1by1_2,0.67461018,0.670262742,0.643113003,0.662661975,0.017068884,0.147149955,bps_noncore,AGGAGA,1,G
3,ATTAAGAAGGAGATATACAT,RBS_1by1_3,1.986838954,1.948916572,1.101240861,1.678998796,0.500712193,0.169798203,bps_noncore,AGGAGA,1,A
4,TCTAAGAAGGAGATATACAT,RBS_1by1_4,1.830061368,2.201733047,0.983435885,1.671743434,0.624388036,0.117161847,bps_noncore,AGGAGA,2,C
5,TGTAAGAAGGAGATATACAT,RBS_1by1_5,0.198686426,0.055417216,0.323274635,0.192459426,0.134037237,0.167616432,bps_noncore,AGGAGA,2,G
6,TATAAGAAGGAGATATACAT,RBS_1by1_6,1.455498659,1.259398952,0.642543595,1.119147069,0.424236876,0.188381277,bps_noncore,AGGAGA,2,A
7,TTGAAGAAGGAGATATACAT,RBS_1by1_8,1.775555726,1.689307782,,1.732431754,0.060986506,0.174465341,bps_noncore,AGGAGA,3,G
8,TTAAAGAAGGAGATATACAT,RBS_1by1_9,0.51833021,0.521988122,0.962218283,0.667512205,0.255229504,0.141920162,bps_noncore,AGGAGA,3,A
9,TTTCAGAAGGAGATATACAT,RBS_1by1_10,1.726766681,0.858082252,0.436358933,1.007069289,0.657978641,0.291481533,bps_noncore,AGGAGA,4,C
10,TTTGAGAAGGAGATATACAT,RBS_1by1_11,2.156071281,2.110693426,0.956545314,1.74110334,0.679825904,0.171995242,bps_noncore,AGGAGA,4,G
11,TTTTAGAAGGAGATATACAT,RBS_1by1_12,2.249207315,1.478875615,1.148303048,1.625461992,0.564901076,0.264737728,bps_noncore,AGGAGA,4,T
12,TTTACGAAGGAGATATACAT,RBS_1by1_13,1.828820918,1.419337237,1.144239112,1.464132422,0.344482247,0.219305771,bps_noncore,AGGAGA,5,C
13,TTTAGGAAGGAGATATACAT,RBS_1by1_14,1.502195565,1.377429064,1.166292463,1.348639031,0.169792147,0.177962278,bps_noncore,AGGAGA,5,G
14,TTTATGAAGGAGATATACAT,RBS_1by1_15,0.557043139,0.2322846,0.794119174,0.527815638,0.282055327,0.211788089,bps_noncore,AGGAGA,5,T
15,TTTAACAAGGAGATATACAT,RBS_1by1_16,0.908283114,0.748618647,0.446548992,0.701150251,0.234498478,0.17932807,bps_noncore,AGGAGA,6,C
16,TTTAAAAAGGAGATATACAT,RBS_1by1_17,0.752562363,0.336968249,0.170852318,0.420127644,0.299638545,0.229607389,bps_noncore,AGGAGA,6,A
17,TTTAATAAGGAGATATACAT,RBS_1by1_18,0.829968485,0.615321357,0.265737252,0.570342364,0.284792123,0.189081324,bps_noncore,AGGAGA,6,T
39,TTTAAGAAGGAGACATACAT,RBS_1by1_40,0.30913912,0.329242332,0.118255973,0.252212475,0.116444378,0.132452056,bps_noncore,AGGAGA,14,C
40,TTTAAGAAGGAGAGATACAT,RBS_1by1_41,0.660612352,0.358599755,0.219350026,0.412854044,0.225578714,0.206430387,bps_noncore,AGGAGA,14,G
41,TTTAAGAAGGAGAAATACAT,RBS_1by1_42,-1.431492205,-1.410983918,0.192860846,-0.883205092,0.931956852,0.223254927,bps_noncore,AGGAGA,14,A
42,TTTAAGAAGGAGATCTACAT,RBS_1by1_43,-1.386549453,-1.42896756,-0.642788803,-1.152768605,0.442164418,0.112839299,bps_noncore,AGGAGA,15,C
43,TTTAAGAAGGAGATGTACAT,RBS_1by1_44,0.985508013,1.403712012,-0.915925802,0.491098074,1.236329562,0.086016266,bps_noncore,AGGAGA,15,G
44,TTTAAGAAGGAGATTTACAT,RBS_1by1_45,0.492295111,0.624640955,0.512222056,0.543052707,0.071356516,0.115677445,bps_noncore,AGGAGA,15,T
45,TTTAAGAAGGAGATACACAT,RBS_1by1_46,0.685976985,0.409369995,0.303636569,0.46632785,0.197431498,0.201088751,bps_noncore,AGGAGA,16,C
46,TTTAAGAAGGAGATAGACAT,RBS_1by1_47,1.351818798,1.344676682,0.324870076,1.007121852,0.590858161,0.159033937,bps_noncore,AGGAGA,16,G
47,TTTAAGAAGGAGATAAACAT,RBS_1by1_48,2.646251837,1.974373295,0.904754642,1.841793258,0.878285956,0.246420369,bps_noncore,AGGAGA,16,A
48,TTTAAGAAGGAGATATCCAT,RBS_1by1_49,1.405526581,0.828233309,1.327724091,1.187161327,0.31326554,0.250112336,bps_noncore,AGGAGA,17,C
49,TTTAAGAAGGAGATATGCAT,RBS_1by1_50,0.338893177,0.259496417,0.886203337,0.49486431,0.341226665,0.155311878,bps_noncore,AGGAGA,17,G
50,TTTAAGAAGGAGATATTCAT,RBS_1by1_51,1.18445851,0.681468603,0.17392984,0.679952317,0.505266042,0.240601311,bps_noncore,AGGAGA,17,T
51,TTTAAGAAGGAGATATAAAT,RBS_1by1_52,0.730764771,0.449694846,0.502270575,0.560910064,0.149428973,0.201966912,bps_noncore,AGGAGA,18,A
52,TTTAAGAAGGAGATATAGAT,RBS_1by1_53,0.642977505,0.498658948,0.178057107,0.439897853,0.237965111,0.173920412,bps_noncore,AGGAGA,18,G
53,TTTAAGAAGGAGATATATAT,RBS_1by1_54,0.770642193,0.434655173,0.238933436,0.481410267,0.26892021,0.212985225,bps_noncore,AGGAGA,18,T
54,TTTAAGAAGGAGATATACCT,RBS_1by1_55,0.720682077,0.63430858,0.189895529,0.514962062,0.284809205,0.163580793,bps_noncore,AGGAGA,19,C
55,TTTAAGAAGGAGATATACGT,RBS_1by1_56,0.903585073,1.015341751,0.464955993,0.794627606,0.29092081,0.13187231,bps_noncore,AGGAGA,19,G
56,TTTAAGAAGGAGATATACTT,RBS_1by1_57,0.996596106,0.882994643,0.511378499,0.796989749,0.253784678,0.171953709,bps_noncore,AGGAGA,19,T
57,TTTAAGAAGGAGATATACAC,RBS_1by1_58,1.138614488,0.701067877,0.515103219,0.784928528,0.320103158,0.229331495,bps_noncore,AGGAGA,20,C
58,TTTAAGAAGGAGATATACAG,RBS_1by1_59,-0.257727451,-0.757854538,0.553827296,-0.153918231,0.661973998,0.285069892,bps_noncore,AGGAGA,20,G
59,TTTAAGAAGGAGATATACAA,RBS_1by1_60,2.773015793,1.956968902,0.119448866,1.616477854,1.359155979,0.262133001,bps_noncore,AGGAGA,20,A
60,TTTAAGAGTTGACTATACAT,RBS_RU_0,1.196468867,1.111762555,1.542288506,1.283506643,0.22807856,0.169207012,uni random,GTTGAC,,
61,TTTAAGATACCTGTATACAT,RBS_RU_1,-0.890018497,-1.181471006,0.874492447,-0.398999019,1.112461921,0.213611753,uni random,TACCTG,,
62,TTTAAGAGAAGCGTATACAT,RBS_RU_2,-0.884313264,-1.487427859,-0.11635831,-0.829366477,0.687184319,0.454817839,uni random,GAAGCG,,
63,TTTAAGAGTATGCTATACAT,RBS_RU_3,-0.557411591,-1.235485573,-0.753358626,-0.84875193,0.348957008,0.411785434,uni random,GTATGC,,
64,TTTAAGATCACTTTATACAT,RBS_RU_4,-1.508180672,-1.302747895,-0.754870781,-1.188599783,0.389411468,0.498355444,uni random,TCACTT,,
65,TTTAAGAGAAGCCTATACAT,RBS_RU_5,-1.494580996,-0.895937252,-0.449299133,-0.946605794,0.524479761,0.637851338,uni random,GAAGCC,,
66,TTTAAGAATAGAATATACAT,RBS_RU_6,-1.331047144,-1.314696804,-0.683831576,-1.109858508,0.369040707,0.121050806,uni random,ATAGAA,,
67,TTTAAGATCTGACTATACAT,RBS_RU_7,-1.433147494,-0.77544046,-0.652607258,-0.953731737,0.419704181,0.564258356,uni random,TCTGAC,,
68,TTTAAGATAAGTATATACAT,RBS_RU_8,-0.901380518,-0.812928429,-0.594876409,-0.769728452,0.157752562,0.005750711,uni random,TAAGTA,,
69,TTTAAGAGATAAATATACAT,RBS_RU_9,-0.654444815,-0.892969867,-0.625269316,-0.724227999,0.146861043,0.184712425,uni random,GATAAA,,
70,TTTAAGAGGTCAATATACAT,RBS_RU_10,-0.228608572,-0.342111916,-0.104335098,-0.225018529,0.118929055,0.148944959,uni random,GGTCAA,,
71,TTTAAGACGATCCTATACAT,RBS_RU_11,0.111735896,-0.194269505,0.255445977,0.057637456,0.22968671,0.209661465,uni random,CGATCC,,
72,TTTAAGAACAGACTATACAT,RBS_RU_12,-0.471642299,-0.794943021,0.338386646,-0.309399558,0.583824515,0.221981975,uni random,ACAGAC,,
73,TTTAAGAGTTATATATACAT,RBS_RU_13,-0.327036556,-0.773268923,-0.003333874,-0.367879784,0.386589087,0.267593787,uni random,GTTATA,,
74,TTTAAGAGGAACATATACAT,RBS_RU_14,-0.43584688,-0.878079648,-0.108165661,-0.474030729,0.386374678,0.272295721,uni random,GGAACA,,
75,TTTAAGACCCGAATATACAT,RBS_RU_15,0.646307701,0.424649517,-0.710112542,0.120281559,0.727632366,0.189682142,uni random,CCCGAA,,
76,TTTAAGAAATGTCTATACAT,RBS_RU_16,-1.474439412,-0.811631277,0.145484024,-0.713528888,0.814405331,0.623924003,uni random,AATGTC,,
77,TTTAAGACGTACCTATACAT,RBS_RU_17,-0.582066285,-0.862582343,-0.765969753,-0.736872794,0.142503648,0.20454296,uni random,CGTACC,,
78,TTTAAGAACCGTGTATACAT,RBS_RU_18,-0.383818549,-0.832592144,-0.222654537,-0.47968841,0.316068417,0.27191935,uni random,ACCGTG,,
79,TTTAAGAGGACACTATACAT,RBS_RU_19,-1.602485564,-0.660981646,-0.104589293,-0.789352168,0.757154246,0.903582187,uni random,GGACAC,,
80,TTTAAGAATCCCATATACAT,RBS_RU_20,-0.402601141,-0.558661063,-0.122358927,-0.361207044,0.221076892,0.157282661,uni random,ATCCCA,,
81,TTTAAGAGAGCGATATACAT,RBS_RU_21,-0.546830683,-1.075482396,-0.031975468,-0.551429516,0.521768664,0.324642659,uni random,GAGCGA,,
82,TTTAAGAATATGCTATACAT,RBS_RU_22,1.108932203,0.526153251,0.043789042,0.559624832,0.533359868,0.25684612,uni random,ATATGC,,
83,TTTAAGACAACATTATACAT,RBS_RU_23,0.450927236,-0.080539789,0.710933275,0.360440241,0.403420779,0.262774798,uni random,CAACAT,,
84,TTTAAGAGCTACATATACAT,RBS_RU_24,0.823062276,0.416743222,0.566172083,0.601992527,0.205514285,0.226842258,uni random,GCTACA,,
85,TTTAAGAGAAGACTATACAT,RBS_RU_25,-0.239775614,-0.375767076,0.709973176,0.031476829,0.591516179,0.155644757,uni random,GAAGAC,,
86,TTTAAGACTCCGTTATACAT,RBS_RU_26,0.211907926,-0.255630396,0.192050545,0.049442692,0.264387539,0.253085245,uni random,CTCCGT,,
87,TTTAAGATTACTATATACAT,RBS_RU_27,-0.098766219,-0.382309303,0.437172993,-0.014634177,0.416168786,0.20396666,uni random,TTACTA,,
88,TTTAAGACGAGACTATACAT,RBS_RU_28,-0.183140154,-0.472068334,0.049511172,-0.201899105,0.261295271,0.205999248,uni random,CGAGAC,,
149,TTTAAGAGAAAGATATACAT,RBS_RP_30,-0.213895443,0.428085434,-0.433024047,-0.072944685,0.44752399,0.078347133,prob random,GAAAGA,,
150,TTTAAGACGGGGGTATACAT,RBS_RP_31,-0.534255606,-0.410205072,-0.573770228,-0.506076969,0.085345866,0.049973249,prob random,CGGGGG,,
151,TTTAAGATGAGGGTATACAT,RBS_RP_32,0.302717195,0.99746064,0.021280431,0.440486089,0.502461094,0.065511817,prob random,TGAGGG,,
153,TTTAAGAAAGGGTTATACAT,RBS_RP_34,-1.234065917,-0.668935375,-0.809124482,-0.904041925,0.294278989,0.306697356,prob random,AAGGGT,,
154,TTTAAGACTGTAGTATACAT,RBS_RP_35,-0.536764641,-0.193381343,-0.537500484,-0.422548823,0.1984652,0.02775883,prob random,CTGTAG,,
155,TTTAAGACTGACATATACAT,RBS_RP_36,-1.100792659,-1.376278349,-0.729391886,-1.068820965,0.324626194,0.246866781,prob random,CTGACA,,
156,TTTAAGACGTGTGTATACAT,RBS_RP_37,0.125354551,1.096125969,-0.203682266,0.339266085,0.675791366,0.061712921,prob random,CGTGTG,,
157,TTTAAGAGAGGGGTATACAT,RBS_RP_38,-1.089412707,-0.662245181,-0.699204183,-0.816954024,0.236678669,0.163586641,prob random,GAGGGG,,
158,TTTAAGACTAGGATATACAT,RBS_RP_39,0.592960894,1.570885101,-0.167174768,0.665557075,0.871301143,0.099223896,prob random,CTAGGA,,
159,TTTAAGAATTGGGTATACAT,RBS_RP_40,-0.536763526,-0.262569509,-0.6044944,-0.467942478,0.181053612,0.076846855,prob random,ATTGGG,,
160,TTTAAGATACTGATATACAT,RBS_RP_41,-0.54803187,-0.369690735,-0.579333665,-0.499018757,0.113089581,0.043734073,prob random,TACTGA,,
161,TTTAAGAAGAGCGTATACAT,RBS_RP_42,-0.28378869,0.135309767,-0.400275271,-0.182918065,0.281680662,0.003276747,prob random,AGAGCG,,
162,TTTAAGAAGGGGTTATACAT,RBS_RP_43,-0.515527227,-0.322215272,-0.448627189,-0.428789896,0.098170854,0.070128805,prob random,AGGGGT,,
164,TTTAAGACAATTGTATACAT,RBS_RP_46,-0.745006374,-0.563143102,-0.640194557,-0.649448011,0.091284074,0.021397843,prob random,CAATTG,,
166,TTTAAGATCCGGCTATACAT,RBS_RP_48,-0.482352054,-0.002992678,-0.406578713,-0.297307815,0.257684788,0.059254067,prob random,TCCGGC,,
168,TTTAAGAAAAGTGTATACAT,RBS_RP_50,0.238134291,1.057055458,-0.186719712,0.369490012,0.632206384,0.039849967,prob random,AAAGTG,,
169,TTTAAGACGGGAGTATACAT,RBS_RP_51,-0.692642652,-0.530881454,-0.684880741,-0.636134949,0.091234782,0.091737314,prob random,CGGGAG,,
170,TTTAAGATAAGAGTATACAT,RBS_RP_52,0.174571777,0.428947528,-0.421748343,0.06059032,0.436651686,0.132296901,prob random,TAAGAG,,
171,TTTAAGATAAGGGTATACAT,RBS_RP_53,-0.599320569,-0.376894575,-0.613078931,-0.529764692,0.132568011,0.056961226,prob random,TAAGGG,,
172,TTTAAGATAGTCTTATACAT,RBS_RP_54,1.126117123,1.970110349,0.351179798,1.149135757,0.809710705,0.047388315,prob random,TAGTCT,,
173,TTTAAGAAAGTAGTATACAT,RBS_RP_55,-0.112450512,0.607058824,-0.338913429,0.051898294,0.493937014,0.053973089,prob random,AAGTAG,,
174,TTTAAGACCACGCTATACAT,RBS_RP_57,-0.440788402,-0.18190707,-0.5081616,-0.376952357,0.172240486,0.025265373,prob random,CCACGC,,
175,TTTAAGAGTAATGTATACAT,RBS_RP_58,-0.456603409,-0.386649236,-0.50683819,-0.450030278,0.060363488,0.063372902,prob random,GTAATG,,
176,TTTAAGACATTGATATACAT,RBS_RP_59,-0.388434442,-0.102748917,-0.46668189,-0.319288416,0.19156639,0.016645892,prob random,CATTGA,,
89,TTTAAGACGGATTTATACAT,RBS_BA_00,0.196123683,0.814709348,-0.185883395,0.274983212,0.504936212,0.009169882,bandit,CGGATT,,
91,TTTAAGACTCGGATATACAT,RBS_BA_02,-0.217817119,-0.159552888,-0.438972222,-0.272114076,0.147410688,0.081392819,bandit,CTCGGA,,
92,TTTAAGAACCGGATATACAT,RBS_BA_03,-0.378865652,-0.116460675,-0.49177265,-0.329032992,0.192554512,0.033883436,bandit,ACCGGA,,
94,TTTAAGAATCGGATATACAT,RBS_BA_05,-0.439741191,-0.067472783,-0.552018651,-0.353077542,0.25363185,0.072092749,bandit,ATCGGA,,
95,TTTAAGACCGGATTATACAT,RBS_BA_06,-0.534072539,-0.202453418,-0.627753806,-0.454759921,0.223468059,0.108945297,bandit,CCGGAT,,
97,TTTAAGACGATAATATACAT,RBS_BA_08,-0.513631615,-0.322745506,-0.657344835,-0.497907319,0.167852965,0.130323089,bandit,CGATAA,,
98,TTTAAGAACACACTATACAT,RBS_BA_09,-0.619081624,-0.484988379,-0.642696903,-0.582255635,0.085059448,0.073943665,bandit,ACACAC,,
99,TTTAAGATATATATATACAT,RBS_BA_10,-0.539385679,-0.554850277,-0.635726184,-0.576654047,0.051739023,0.107672203,bandit,TATATA,,
100,TTTAAGACTCTCTTATACAT,RBS_BA_11,-0.270078494,-0.363479973,-0.513739135,-0.382432534,0.122930984,0.122474367,bandit,CTCTCT,,
102,TTTAAGAATATATTATACAT,RBS_BA_13,-0.383054438,-0.146839652,-0.542930866,-0.357608318,0.199267888,0.070346728,bandit,ATATAT,,
103,TTTAAGATGTGTGTATACAT,RBS_BA_14,-0.605261382,-0.67344416,-0.587369381,-0.622024974,0.045420044,0.09306452,bandit,TGTGTG,,
104,TTTAAGATCTCTCTATACAT,RBS_BA_15,-1.017287389,-0.521423911,-0.767773688,-0.768828329,0.247933421,0.209132391,bandit,TCTCTC,,
105,TTTAAGACACACATATACAT,RBS_BA_16,-1.038168535,-0.639812873,-0.870021711,-0.849334373,0.199981956,0.309455453,bandit,CACACA,,
106,TTTAAGACTAAGATATACAT,RBS_BA_17,-1.126431096,-1.12651666,-0.666970196,-0.973305984,0.265294578,0.216476813,bandit,CTAAGA,,
107,TTTAAGAATAAGATATACAT,RBS_BA_18,-0.786192377,-1.101291743,-0.833202124,-0.906895414,0.169985083,0.276073141,bandit,ATAAGA,,
108,TTTAAGATAAGATTATACAT,RBS_BA_19,-1.068889304,-1.171986635,-0.868161219,-1.036345719,0.154504966,0.157301283,bandit,TAAGAT,,
109,TTTAAGATTAAGATATACAT,RBS_BA_20,-1.058385413,-1.449202522,-0.73787504,-1.081820992,0.356242356,0.289239894,bandit,TTAAGA,,
112,TTTAAGAGGAAGATATACAT,RBS_BA_23,0.302228779,1.228103307,-0.058251664,0.490693474,0.663563474,0.031526794,bandit,GGAAGA,,
118,TTTAAGAGGGATATATACAT,RBS_BA_29,-0.729458434,-0.553842716,-0.647201267,-0.643500806,0.08786632,0.034938812,bandit,GGGATA,,
128,TTTAAGAGGATCGTATACAT,RBS_BA_39,-0.565622755,-0.388122802,-0.514445439,-0.489396999,0.091362611,0.039128791,bandit,GGATCG,,
131,TTTAAGAGGATGATATACAT,RBS_BA_42,-0.75269731,-1.117452145,-0.695127989,-0.855092481,0.229026203,0.204560359,bandit,GGATGA,,
132,TTTAAGAGGATCATATACAT,RBS_BA_43,-0.20441765,0.36128609,-0.324296428,-0.055809329,0.366154574,0.023942119,bandit,GGATCA,,
133,TTTAAGACCCCGATATACAT,RBS_BA_44,-0.993794122,-0.730396434,-0.732436373,-0.818875643,0.15148728,0.087534383,bandit,CCCCGA,,
134,TTTAAGATTTTTGTATACAT,RBS_BA_45,-1.150065459,-1.839871791,-0.778546793,-1.256161348,0.538558206,0.618689274,bandit,TTTTTG,,
135,TTTAAGATTTTTATATACAT,RBS_BA_46,-1.054966037,-1.739953945,-0.918569736,-1.237829906,0.440167469,0.592992751,bandit,TTTTTA,,
136,TTTAAGAGTTTTTTATACAT,RBS_BA_47,0.917090956,1.832958503,0.175245012,0.975098157,0.830377704,0.010396277,bandit,GTTTTT,,
137,TTTAAGACTTTTTTATACAT,RBS_BA_48,1.631655279,2.432683908,0.716012746,1.593450644,0.858973029,0.095234124,bandit,CTTTTT,,
139,TTTAAGACCCCCGTATACAT,RBS_BA_50,-1.209056294,-1.480936728,-0.686703049,-1.125565357,0.403645682,0.399998949,bandit,CCCCCG,,
140,TTTAAGACCCCCATATACAT,RBS_BA_51,-1.055095254,-0.992437656,-0.878964145,-0.975499018,0.089278944,0.213141688,bandit,CCCCCA,,
141,TTTAAGATTTTTCTATACAT,RBS_BA_52,-1.245695819,-1.315949432,-0.940936785,-1.167527345,0.199352337,0.219285717,bandit,TTTTTC,,
142,TTTAAGAGCCCCCTATACAT,RBS_BA_53,-1.160275362,-1.448919538,-0.880303158,-1.163166019,0.284319211,0.188277804,bandit,GCCCCC,,
143,TTTAAGAATTTTTTATACAT,RBS_BA_54,-1.176068244,-0.818630699,-0.912318888,-0.969005944,0.185338788,0.357125487,bandit,ATTTTT,,
144,TTTAAGAACCCCCTATACAT,RBS_BA_55,-1.122333991,-1.745505204,-0.872519106,-1.2467861,0.449602521,0.501729538,bandit,ACCCCC,,
145,TTTAAGATCCCCCTATACAT,RBS_BA_56,-1.201517289,-1.351548996,-0.894609306,-1.149225197,0.232914829,0.116916524,bandit,TCCCCC,,
146,TTTAAGAGGATAATATACAT,RBS_BA_57,0.324683392,1.171731385,-0.163072037,0.44444758,0.67541294,0.044299378,bandit,GGATAA,,
147,TTTAAGACCCCCCTATACAT,RBS_BA_58,-0.212817086,0.517291956,-0.333812065,-0.009779065,0.460448523,0.052268569,bandit,CCCCCC,,
148,TTTAAGATTTTTTTATACAT,RBS_BA_59,-0.435254626,-0.415567739,-0.550755993,-0.467192786,0.073034242,0.082955852,bandit,TTTTTT,,