Change_Pos,Base,AVERAGE,STD,GROUP
-20,T,65.553,18.515,non_core
-20,C,51.33776268,14.67342175,non_core
-20,G,33.43228914,12.37806413,non_core
-20,A,47.78652637,14.99299222,non_core
-19,T,65.553,18.515,non_core
-19,C,50.15566079,10.8834869,non_core
-19,G,27.4381467,9.682068823,non_core
-19,A,40.77432116,10.71813073,non_core
-18,T,65.553,18.515,non_core
-18,G,45.22749816,6.506600186,non_core
-18,A,33.66398841,16.83756941,non_core
-17,A,65.553,18.515,non_core
-17,C,41.55081983,9.517056243,non_core
-17,G,49.67663003,12.24493815,non_core
-17,T,47.82235275,16.58852402,non_core
-16,A,65.553,18.515,non_core
-16,C,47.99033405,14.74356099,non_core
-16,G,44.63630206,16.03210222,non_core
-16,T,31.71927313,15.4456047,non_core
-15,G,65.553,18.515,non_core
-15,C,34.76301841,9.34856674,non_core
-15,A,30.74835601,7.621655468,non_core
-15,T,32.32133537,8.111415914,non_core
-14,A,65.553,18.515,non_core
-14,C,28.88203518,10.39658867,non_core
-14,G,36.19303409,8.955566417,non_core
-14,T,27.96704588,11.81540846,non_core
-13,A,65.553,18.515,core
-13,C,32.28386422,5.735336306,core
-13,G,21.25612633,13.27244563,core
-13,T,32.71512944,7.473147495,core
-12,G,65.553,18.515,core
-12,C,41.65867324,13.87402562,core
-12,A,25.10174992,17.60011792,core
-12,T,16.63710302,9.500572785,core
-11,G,65.553,18.515,core
-11,C,16.36356616,8.262750407,core
-11,A,10.74277561,7.60323476,core
-11,T,7.645691268,3.746949304,core
-10,A,65.553,18.515,core
-10,C,7.916487632,2.916392129,core
-10,G,17.59154049,2.747852792,core
-10,T,21.25898812,6.626442147,core
-9,G,65.553,18.515,core
-9,C,24.33116061,6.094578231,core
-9,A,22.27020629,7.679444687,core
-9,T,34.93580604,7.555789948,core
-8,A,65.553,18.515,core
-8,C,30.177289,17.04907342,core
-8,G,25.83132227,10.04577987,core
-8,T,24.34301858,10.17662096,core
-7,T,65.553,18.515,non_core
-7,C,30.23701805,5.750823013,non_core
-7,G,31.23425598,7.531264933,non_core
-7,A,11.87709036,14.04157328,non_core
-6,A,65.553,18.515,non_core
-6,C,7.304295849,3.274019155,non_core
-6,G,29.99662213,12.37457096,non_core
-6,T,32.24881246,10.64870016,non_core
-5,T,65.553,18.515,non_core
-5,C,32.00897715,8.35601571,non_core
-5,G,38.86977281,7.326247624,non_core
-5,A,51.99995013,12.99619004,non_core
-4,A,65.553,18.515,non_core
-4,C,44.71650785,18.13763353,non_core
-4,G,31.21429966,16.68636922,non_core
-4,T,32.80755526,8.884082657,non_core
-3,C,65.553,18.515,non_core
-3,A,35.50054539,9.193829251,non_core
-3,G,31.51117772,6.729137701,non_core
-3,T,32.85291786,7.650052025,non_core
-2,C,33.4092775,6.198181355,non_core
-2,A,65.553,18.515,non_core
-2,G,36.47354854,8.997330603,non_core
-2,T,35.7909982,10.25133944,non_core
-1,C,38.37767591,9.133065202,non_core
-1,G,23.04966331,14.93923971,non_core
-1,A,49.79966699,11.05111976,non_core
-1,T,65.553,18.515,non_core
