,Name,Group,Plate,Round,RBS,RBS6,Rep1,Rep2,Rep3,Rep4,Rep5,Rep6,Rep7,Rep8,Rep9,AVERAGE,STD,Pred Mean,Pred Std,Pred UCB
0,RBS_1by1_0,reference,First_Plate,0,TTTAAGAAGGAGATATACAT,AGGAGA,2.041125964829603,2.1804301684820837,2.0086865866877694,2.651855443272638,2.696232105031254,1.75973354316173,,,,2.2230106352441794,0.37504720240521255,,,
1,RBS_1by1_1,bps_noncore,First_Plate,0,CTTAAGAAGGAGATATACAT,AGGAGA,1.2662237610892582,1.401483078389425,1.487750864961843,1.504470396442433,2.117808594701071,1.479172915833759,,,,1.5428182685696317,0.29517714744132395,,,
2,RBS_1by1_2,bps_noncore,First_Plate,0,GTTAAGAAGGAGATATACAT,AGGAGA,0.42424747379718397,0.5695690126740011,0.6963899096401135,0.19188492805665683,0.3864201226973978,0.3712864163282035,,,,0.4399663105322594,0.17431322315917588,,,
3,RBS_1by1_3,bps_noncore,First_Plate,0,ATTAAGAAGGAGATATACAT,AGGAGA,1.3564651539060397,1.6036191477371085,1.273798374791373,1.2755033311628021,1.5763868478666032,0.8340583894649433,,,,1.3199718741548117,0.2784807109959464,,,
4,RBS_1by1_4,bps_noncore,First_Plate,0,TCTAAGAAGGAGATATACAT,AGGAGA,1.257112932547998,1.7853489887356806,1.1337554010317548,1.6542631071545155,1.6029153359486046,1.645724931056081,,,,1.5131867827457723,0.25656748035551735,,,
5,RBS_1by1_5,bps_noncore,First_Plate,0,TGTAAGAAGGAGATATACAT,AGGAGA,0.015048680307812132,-0.014021176864589306,0.23177148799520852,-0.09659752565868171,0.09679415957841593,0.05022251602357693,,,,0.04720302356362375,0.11135063415491603,,,
6,RBS_1by1_6,bps_noncore,First_Plate,0,TATAAGAAGGAGATATACAT,AGGAGA,1.0078696985348867,1.0722085792351719,0.6956127740151588,0.6215530993089691,1.0771562567666166,1.2197350354363918,,,,0.9490225738828658,0.23655614004751055,,,
7,RBS_1by1_8,bps_noncore,First_Plate,0,TTGAAGAAGGAGATATACAT,AGGAGA,1.2219114282879746,1.4099956854366669,,1.7102032581529265,1.622871455072571,1.7209490995773247,,,,1.5371861853054927,0.21599842434770486,,,
8,RBS_1by1_9,bps_noncore,First_Plate,0,TTAAAGAAGGAGATATACAT,AGGAGA,0.29499873254088116,0.43483536281401486,1.1079560227370977,0.16165552322205162,0.17386590226711904,0.1365839021690315,,,,0.3849825742916993,0.371327381353765,,,
9,RBS_1by1_10,bps_noncore,First_Plate,0,TTTCAGAAGGAGATATACAT,AGGAGA,1.1901036765221762,0.7352681985909342,0.40283086470476254,1.2466288848029876,1.0629799851684782,1.445772591253474,,,,1.013930700173802,0.3808344555508676,,,
10,RBS_1by1_11,bps_noncore,First_Plate,0,TTTGAGAAGGAGATATACAT,AGGAGA,1.4606845433555076,1.7206531671641085,1.1010272530161114,1.5058059518187459,1.6722027166648894,1.324831015103338,,,,1.4642007745204502,0.2289519289501575,,,
11,RBS_1by1_12,bps_noncore,First_Plate,0,TTTTAGAAGGAGATATACAT,AGGAGA,1.5167646102551455,1.2474556956174252,1.328287339477206,1.166634710005808,1.1157841184318822,1.3058031683796576,,,,1.280121607027854,0.1413736461114861,,,
12,RBS_1by1_13,bps_noncore,First_Plate,0,TTTACGAAGGAGATATACAT,AGGAGA,1.25631567132205,1.2005091834567942,1.3236137930802205,1.4139304769066157,1.2080820739295273,1.5732432271596086,,,,1.3292824043091362,0.143743187003234,,,
13,RBS_1by1_14,bps_noncore,First_Plate,0,TTTAGGAAGGAGATATACAT,AGGAGA,1.0399127060637743,1.167202514696187,1.3489042364405313,1.2125389665794433,0.9142106478719594,1.0030999421355316,,,,1.1143115022979044,0.15838143122288006,,,
14,RBS_1by1_15,bps_noncore,First_Plate,0,TTTATGAAGGAGATATACAT,AGGAGA,0.32745585769606395,0.16082353625097057,0.8968980892601784,0.20956542238475226,0.013865166068214408,-0.05700187139553491,,,,0.2586010333774408,0.3416518364414281,,,
15,RBS_1by1_16,bps_noncore,First_Plate,0,TTTAACAAGGAGATATACAT,AGGAGA,0.6091442981937909,0.6393538399998813,0.41786141828865314,0.4209039233753977,0.6494257695366106,0.7166837037533997,,,,0.5755621588579556,0.1259817093550759,,,
16,RBS_1by1_17,bps_noncore,First_Plate,0,TTTAAAAAGGAGATATACAT,AGGAGA,0.48700252723178994,0.26154824655187864,-0.0121497350292396,0.23212558643539175,0.31081789905045576,0.6043727692644251,,,,0.3139528822507836,0.21451554148863472,,,
17,RBS_1by1_18,bps_noncore,First_Plate,0,TTTAATAAGGAGATATACAT,AGGAGA,0.5482413473702756,0.5200602276729274,0.141584332363829,0.429598563876515,0.42474329031107594,0.46298574792782893,,,,0.42120225158707525,0.1455519904540686,,,
18,RBS_1by1_19,bps_noncore,First_Plate,0,TTTAAGCAGGAGATATACAT,AGGAGA,0.13465574094580232,-0.016428793533015823,0.3505559556148145,0.023351835713518586,0.12938989150520533,0.2276841356066238,,,,0.1415347943088248,0.1343324843105618,,,
19,RBS_1by1_20,bps_noncore,First_Plate,0,TTTAAGGAGGAGATATACAT,AGGAGA,0.5570574802470438,1.2941541142748756,0.36999802238916274,0.7365656163095843,0.19840982141779606,0.9214849255381309,,,,0.6796116633627656,0.39543500068962256,,,
20,RBS_1by1_21,bps_core,First_Plate,0,TTTAAGTAGGAGATATACAT,AGGAGA,-0.10243815720174039,0.11599752897552024,0.4763962356015802,0.09622114738174296,-0.26806975853498305,0.00951335272797862,,,,0.054603391491683084,0.2506884929249436,,,
21,RBS_1by1_22,bps_core,First_Plate,0,TTTAAGACGGAGATATACAT,CGGAGA,0.3930296111654873,0.6718441507282854,-0.041702831597110246,0.46757094550840334,0.5401541911111295,0.7185873865527788,,,,0.458247242244829,0.2736420017121895,,,
22,RBS_1by1_23,bps_core,First_Plate,0,TTTAAGAGGGAGATATACAT,GGGAGA,-0.8181066329960578,-0.6085573809097626,0.3703494831336365,-0.7506215667854195,-0.5746394282969312,-0.6257839736457259,,,,-0.5012265832500434,0.4369621385609578,,,
23,RBS_1by1_24,bps_core,First_Plate,0,TTTAAGATGGAGATATACAT,TGGAGA,0.8626610251356809,0.6949271189833404,-0.4629866208355083,0.49740119296775065,0.9806446528105608,0.32633815954653056,,,,0.4831642547680592,0.5208352234198014,,,
24,RBS_1by1_25,bps_core,First_Plate,0,TTTAAGAACGAGATATACAT,ACGAGA,0.8848994460421316,0.8964713704341983,1.0979105812141687,0.8354640466292135,0.9159780650831079,1.1473218464348316,,,,0.9630075593062752,0.12741871487327538,,,
25,RBS_1by1_26,bps_core,First_Plate,0,TTTAAGAAAGAGATATACAT,AAGAGA,-0.3050870013079034,-0.45200064738288404,0.8817069163647846,-0.739370756284503,-0.6475491299369213,-0.49833635386214764,,,,-0.2934394954015958,0.5953952364117863,,,
26,RBS_1by1_27,bps_core,First_Plate,0,TTTAAGAATGAGATATACAT,ATGAGA,-0.873104869006579,-0.7395376192322128,-0.3024291333596104,-0.845246489888524,-0.8020239008173168,-1.5533111059994802,,,,-0.8526088530506205,0.40236789226227937,,,
27,RBS_1by1_28,bps_core,First_Plate,0,TTTAAGAAGCAGATATACAT,AGCAGA,-0.6671895711169834,-0.8207173129503706,-0.5047385071184374,-0.7264100628090361,-1.0965301861629242,-1.4122072273820527,,,,-0.8712988112566341,0.3295115666423191,,,
28,RBS_1by1_29,bps_core,First_Plate,0,TTTAAGAAGAAGATATACAT,AGAAGA,-1.8588840327746263,-1.1930608177444062,-0.826602903787805,-1.605012195212474,-1.2538026627965042,-1.4406733927445277,,,,-1.3630060008433906,0.35749944370856884,,,
29,RBS_1by1_30,bps_core,First_Plate,0,TTTAAGAAGTAGATATACAT,AGTAGA,-1.0646638845581757,-2.208349111763778,-2.273924666566142,-1.1332804295923111,-1.566643923971846,-1.6517135762984092,,,,-1.649762598791777,0.5133427775353312,,,
30,RBS_1by1_31,bps_core,First_Plate,0,TTTAAGAAGGCGATATACAT,AGGCGA,-1.880980367072906,-1.822635712424125,-1.8485356272464684,-1.1919574926113192,-1.2738671257322476,-1.4331543989555,,,,-1.5751884540070942,0.3121831841571731,,,
31,RBS_1by1_32,bps_core,First_Plate,0,TTTAAGAAGGGGATATACAT,AGGGGA,-0.4722746978040954,-0.2567672924069911,-1.5788089605000872,-0.4504429214443334,-0.6973482121236194,-0.40252886740917926,,,,-0.643028491948051,0.47998324161963324,,,
32,RBS_1by1_33,bps_core,First_Plate,0,TTTAAGAAGGTGATATACAT,AGGTGA,-0.4414316712768101,-0.2268181997319469,-0.3937539959675704,-0.49271260767299874,-0.6437583352868644,-0.2100485858836937,,,,-0.4014205659699807,0.16482155030051834,,,
33,RBS_1by1_34,bps_core,First_Plate,0,TTTAAGAAGGACATATACAT,AGGACA,-0.0814484505087297,-0.17823616072508774,-0.3727755912806973,0.014229724714482252,-0.3516038872088694,0.08467196874400781,,,,-0.147527066044149,0.18856051023383508,,,
34,RBS_1by1_35,bps_core,First_Plate,0,TTTAAGAAGGAAATATACAT,AGGAAA,-0.30046741152861156,-0.25211315161528497,-0.2254372192886721,-0.5264768694641021,-0.39377218876961234,-0.3128058946551042,,,,-0.3351787892202312,0.11016050149665803,,,
35,RBS_1by1_36,bps_core,First_Plate,0,TTTAAGAAGGATATATACAT,AGGATA,0.7950523925614823,0.9433248230743501,0.021496207460717887,0.6719791260699602,0.9209546774597903,0.3707503666810179,,,,0.6205929322178866,0.3602187915063131,,,
36,RBS_1by1_37,bps_core,First_Plate,0,TTTAAGAAGGAGCTATACAT,AGGAGC,0.07131757093542737,-0.03382081977818246,1.0111089766248142,-0.0660011673295191,-0.16327842478458013,-0.08811480704411528,,,,0.12186855477064078,0.4423211403141351,,,
37,RBS_1by1_38,bps_core,First_Plate,0,TTTAAGAAGGAGGTATACAT,AGGAGG,-0.06767348154351979,0.04985781774882736,0.18408560799598464,-0.2774620539562581,-0.23215545890613679,-0.18396948106423844,,,,-0.08788617495422353,0.17851344662306592,,,
38,RBS_1by1_39,bps_noncore,First_Plate,0,TTTAAGAAGGAGTTATACAT,AGGAGT,-0.08727526804329223,-0.4239323658336999,0.119402837193846,-0.3725547280184925,-0.28927926247433833,-0.2337709174082064,,,,-0.21456828409736386,0.2012380323859825,,,
39,RBS_1by1_40,bps_noncore,First_Plate,0,TTTAAGAAGGAGACATACAT,AGGAGA,0.11429617382814794,0.2541822837895575,-0.10021885265622557,0.8255796257294361,0.34572638590740834,0.48401822384721177,,,,0.3205973067409227,0.3182459306835277,,,
40,RBS_1by1_41,bps_noncore,First_Plate,0,TTTAAGAAGGAGAGATACAT,AGGAGA,0.41286039018295956,0.28211537921853247,0.06722942972586858,0.5681845228412111,0.2917041403118917,0.4978187453331954,,,,0.3533187679356098,0.17961410591498383,,,
41,RBS_1by1_42,bps_noncore,First_Plate,0,TTTAAGAAGGAGAAATACAT,AGGAGA,-1.9078658565299007,-1.7556676550265014,0.024085394397047308,-1.5956301701794886,-1.6993766973781432,-1.528279390902612,,,,-1.410455729269933,0.7150026095751458,,,
42,RBS_1by1_43,bps_noncore,First_Plate,0,TTTAAGAAGGAGATCTACAT,AGGAGA,-1.8382375026880238,-1.7812023022543488,-1.6882725085816117,-1.712010179089118,-1.6390328190774108,-1.3620571517748004,,,,-1.6701354105775523,0.16646693551905667,,,
43,RBS_1by1_44,bps_noncore,First_Plate,0,TTTAAGAAGGAGATGTACAT,AGGAGA,0.6681957407167721,1.1881164595297684,-2.4805513894957434,0.6852674638145395,0.7076512010847662,1.1446934022484743,,,,0.3188954796497629,1.3915286707870052,,,
44,RBS_1by1_45,bps_noncore,First_Plate,0,TTTAAGAAGGAGATTTACAT,AGGAGA,0.2730030158202269,0.5284923079788518,0.5132844977578013,0.41738809805710675,0.18185389604325555,0.4026944524008936,,,,0.3861193780096894,0.1358036695608705,,,
45,RBS_1by1_46,bps_noncore,First_Plate,0,TTTAAGAAGGAGATACACAT,AGGAGA,0.43346750519894234,0.33006338312469735,0.20123764121835908,0.6345326769535196,0.28251473104125635,0.49746780410705344,,,,0.39654729027397134,0.1573241813229459,,,
46,RBS_1by1_47,bps_noncore,First_Plate,0,TTTAAGAAGGAGATAGACAT,AGGAGA,0.9356764370155993,1.1410197940919797,0.23424103085806405,1.025104358416041,1.039898227840811,0.8990767376073052,,,,0.8791694309716335,0.32717528810106145,,,
47,RBS_1by1_48,bps_noncore,First_Plate,0,TTTAAGAAGGAGATAAACAT,AGGAGA,1.746389148900735,1.6222147017731623,1.0371610595976353,1.954940244393093,1.7086589993669126,1.4189987226748868,,,,1.5813938127844043,0.3184916404348371,,,
48,RBS_1by1_49,bps_noncore,First_Plate,0,TTTAAGAAGGAGATATCCAT,AGGAGA,0.9732565316436937,0.7092927137104521,1.5289191714782784,1.1701863165658601,1.07687247884027,1.0973369773953947,,,,1.0926440316056583,0.2675186637689788,,,
49,RBS_1by1_50,bps_noncore,First_Plate,0,TTTAAGAAGGAGATATGCAT,AGGAGA,0.1405649835893934,0.18719867236009358,1.0140118958459163,-0.026011920884425648,-0.1420104769507968,0.06000922006586783,,,,0.20562706233767478,0.4132243342188283,,,
50,RBS_1by1_51,bps_noncore,First_Plate,0,TTTAAGAAGGAGATATTCAT,AGGAGA,0.8159591750940112,0.5796079535002931,-0.0070613468158341065,0.5689025199767416,0.33976975212940247,0.3494877949847892,,,,0.4411109748115673,0.2812637714835583,,,
51,RBS_1by1_52,bps_noncore,First_Plate,0,TTTAAGAAGGAGATATAAAT,AGGAGA,0.4695656910079796,0.367827239729986,0.49898314787022113,0.6823539863788683,0.8677860977145229,0.9418187106820965,,,,0.6380558122306125,0.23141470959931512,,,
52,RBS_1by1_53,bps_noncore,First_Plate,0,TTTAAGAAGGAGATATAGAT,AGGAGA,0.3984625457141046,0.41330801550866797,-0.00024833351754881256,0.6448937958966938,0.3335831996067132,0.5302376736874893,,,,0.38670614948268667,0.21939181892097862,,,
53,RBS_1by1_54,bps_noncore,First_Plate,0,TTTAAGAAGGAGATATATAT,AGGAGA,0.5014007962682633,0.3537754789642984,0.09880353168609694,0.8185309326971598,0.24865376721842117,0.7695211054001617,,,,0.4651142687057335,0.28716497124711393,,,
54,RBS_1by1_55,bps_noncore,First_Plate,0,TTTAAGAAGGAGATATACCT,AGGAGA,0.46147110418208415,0.5372245296686123,0.019224013748938704,0.637333527211057,0.5185767860797541,0.9998998048865799,,,,0.5289549609628378,0.31562343429930706,,,
55,RBS_1by1_56,bps_noncore,First_Plate,0,TTTAAGAAGGAGATATACGT,AGGAGA,0.605520025169665,0.8699724316641526,0.44485743704634834,0.9773508802999207,0.38451681511261215,0.8915812456811377,,,,0.6956331391623061,0.25137896817571526,,,
56,RBS_1by1_57,bps_noncore,First_Plate,0,TTTAAGAAGGAGATATACTT,AGGAGA,0.6765945442526772,0.7568466640000664,0.5120743705505533,0.791185127470073,0.3450583274014296,0.6790210340065359,,,,0.6267966779468893,0.16833388134652957,,,
57,RBS_1by1_58,bps_noncore,First_Plate,0,TTTAAGAAGGAGATATACAC,AGGAGA,0.7824503167908454,0.5971187808085168,0.5174146823249403,0.975156533771966,0.9051189078326,1.1441504298836158,,,,0.8202349419020808,0.23623540780340332,,,
58,RBS_1by1_59,bps_noncore,First_Plate,0,TTTAAGAAGGAGATATACAG,AGGAGA,-0.42722764134877894,-0.9057426555766094,0.5724807595587755,-0.6497149599664928,-0.4175484602321375,-0.5866564567148584,,,,-0.4024015690466836,0.5098445533989212,,,
59,RBS_1by1_60,bps_noncore,First_Plate,0,TTTAAGAAGGAGATATACAA,AGGAGA,1.8166857890462786,1.6095085432667697,-0.09819788331615112,1.8473478321790475,2.2977240165405033,1.7665900301195063,,,,1.5399430546393258,0.8348688718390566,,,
60,RBS_RU_0,uni random,First_Plate,0,TTTAAGAGTTGACTATACAT,GTTGAC,0.8246859954308139,0.9508340516043701,1.755311454016209,0.7191653196228336,0.8202551239416264,0.9898419225685263,,,,1.01001564453073,0.37797495397036546,,,
61,RBS_RU_1,uni random,First_Plate,0,TTTAAGATACCTGTATACAT,TACCTG,-1.1479795267317394,-1.440565538417668,0.9993231462611674,-0.8092794687149572,-1.702053639595547,-0.7604766112188751,,,,-0.81017193973627,0.9574660213358912,,,
62,RBS_RU_2,uni random,First_Plate,0,TTTAAGAGAAGCGTATACAT,GAAGCG,-1.140777689843084,-1.865105753297738,-0.5209774256701502,-1.1409955664738367,-1.932884115866357,-1.3786922943650095,,,,-1.329905474252696,0.5250187795927093,,,
63,RBS_RU_3,uni random,First_Plate,0,TTTAAGAGTATGCTATACAT,GTATGC,-0.7507284651406321,-1.5129862376677297,-1.988756393086003,-1.4990858214937648,-1.2085240010550196,-1.1597801358635245,,,,-1.3533101757177792,0.4176267494905898,,,
64,RBS_RU_4,uni random,First_Plate,0,TTTAAGATCACTTTATACAT,TCACTT,-2.0299173825661865,-1.6046345041133354,-1.9930408187967643,-1.3965024962362051,-1.0710880205044047,-1.6753050600093164,,,,-1.6284147137043687,0.3636803849885259,,,
65,RBS_RU_5,uni random,First_Plate,0,TTTAAGAGAAGCCTATACAT,GAAGCC,-2.0079654437348053,-1.0739751223007403,-1.2151263690797935,-1.7245188641124785,-1.0657523090668262,-0.9307290114051553,,,,-1.3363445199499664,0.42965791346546617,,,
66,RBS_RU_6,uni random,First_Plate,0,TTTAAGAATAGAATATACAT,ATAGAA,-1.75408887736843,-1.621089599007776,-1.7969662569988363,-1.105379649605935,-1.0594340770104826,-1.5542900223725569,,,,-1.4818747470606695,0.3219355890843311,,,
67,RBS_RU_7,uni random,First_Plate,0,TTTAAGATCTGACTATACAT,TCTGAC,-1.9104565490118792,-0.926861785297431,-1.7139840067325887,-1.0924207827315062,-1.0829384374479705,-1.3306055455958932,,,,-1.3428778511362112,0.3907384228420538,,,
68,RBS_RU_8,uni random,First_Plate,0,TTTAAGATAAGTATATACAT,TAAGTA,-1.1623656264077613,-0.9721762846085598,-1.5653201290012346,-1.536659837421712,-1.3265194006081666,-0.9238797312337211,,,,-1.247820168213526,0.27518996521774725,,,
69,RBS_RU_9,uni random,First_Plate,0,TTTAAGAGATAAATATACAT,GATAAA,-0.86210951254131,-1.0703007097747483,-1.642836121410026,-1.5730037212831138,-0.940550360115192,-1.3355388021995422,,,,-1.2373898712206552,0.3297042194559212,,,
70,RBS_RU_10,uni random,First_Plate,0,TTTAAGAGGTCAATATACAT,GGTCAA,-0.39730774058641194,-0.43041984312744513,-0.49820398393234244,-0.3083633053761284,-0.4843962849508555,-0.5018554075998058,,,,-0.43675776092883156,0.075318497619433,,,
71,RBS_RU_11,uni random,First_Plate,0,TTTAAGACGATCCTATACAT,CGATCC,-0.06507671053680503,-0.27155239351872346,0.1252175127294603,-0.48436581492333364,-0.1502560789263293,-0.5684100388734494,,,,-0.23574058734153006,0.2609561125040724,,,
72,RBS_RU_12,uni random,First_Plate,0,TTTAAGAACAGACTATACAT,ACAGAC,-0.6550992887727815,-0.9503856076836762,0.255096732119951,-0.8798934744456118,-0.956270184953827,-1.1687416744948522,,,,-0.7258822497051329,0.5080657981529304,,,
73,RBS_RU_13,uni random,First_Plate,0,TTTAAGAGTTATATATACAT,GTTATA,-0.49947237976569003,-0.9242492132975731,-0.31226573611775194,-1.005429929402822,-1.0282914173148927,-1.34302730149961,,,,-0.8521226628997233,0.3785593414657765,,,
74,RBS_RU_14,uni random,First_Plate,0,TTTAAGAGGAACATATACAT,GGAACA,-0.6159369510847911,-1.0519026214888019,-0.505444247822732,-1.2019033646929322,-1.3269900124962029,-1.1020142776571467,,,,-0.9673652458737677,0.33060184101190515,,,
75,RBS_RU_15,uni random,First_Plate,0,TTTAAGACCCGAATATACAT,CCCGAA,0.4011859274699083,0.3444055207603416,-1.8682917837091633,0.3197929366145297,0.12733846891208805,0.30017559100529806,,,,-0.06256555649116625,0.8894021363207716,,,
76,RBS_RU_16,uni random,First_Plate,0,TTTAAGAAATGTCTATACAT,AATGTC,-1.9757007514664382,-0.9706015609507673,-0.05436411928021285,-1.1954932184750948,-1.3694346927608967,-1.2507599015404058,,,,-1.136059040745636,0.6282660562260702,,,
77,RBS_RU_17,uni random,First_Plate,0,TTTAAGACGTACCTATACAT,CGTACC,-0.7786999388688743,-1.0328248246351608,-2.0246414662211105,-0.9533164299586312,-0.893960593169056,-1.768712233312846,,,,-1.2420259143609464,0.5201584893650958,,,
78,RBS_RU_18,uni random,First_Plate,0,TTTAAGAACCGTGTATACAT,ACCGTG,-0.5597727570822228,-0.9961076483549188,-0.7286959758376049,-1.016249807405199,-0.944670459278663,-1.1070503188252916,,,,-0.89209116113065,0.206077815097101,,,
79,RBS_RU_19,uni random,First_Plate,0,TTTAAGAGGACACTATACAT,GGACAC,-2.185984554679211,-0.790952834602775,-0.4986840041428306,-1.1115237971971574,-0.9072644679790842,-0.792311600540627,,,,-1.0477868765236142,0.5919540865816704,,,
80,RBS_RU_20,uni random,First_Plate,0,TTTAAGAATCCCATATACAT,ATCCCA,-0.5799462943171819,-0.6724561032635573,-0.5323962924525878,-0.9806407828878957,-0.922217381883467,-0.8249761655488188,,,,-0.7521055033922514,0.18478718362648577,,,
81,RBS_RU_21,uni random,First_Plate,0,TTTAAGAGAGCGATATACAT,GAGCGA,-0.7387912404771316,-1.301387827411812,-0.3640457769203558,-0.8936525878896676,-0.9227090575170475,-0.7503271455118562,,,,-0.8284856059546452,0.305489601901137,,,
82,RBS_RU_22,uni random,First_Plate,0,TTTAAGAATATGCTATACAT,ATATGC,0.7605850151197978,0.43866923399752655,-0.22862887337161103,0.44782802269084143,0.44489579771338594,0.6391898515951394,,,,0.41708984129084664,0.3424773524436981,,,
83,RBS_RU_23,uni random,First_Plate,0,TTTAAGACAACATTATACAT,CAACAT,0.23777124518411213,-0.15263072241122141,0.7877970038343605,-0.29784390946670464,0.00010707721809347497,-0.4694033907042511,,,,0.017632883942398148,0.4489188031727792,,,
84,RBS_RU_24,uni random,First_Plate,0,TTTAAGAGCTACATATACAT,GCTACA,0.5428202255253906,0.33698931728353543,0.5898633130467421,0.12296015829925207,0.6794527570684996,0.36078391250164804,,,,0.438811613954178,0.20384347483874704,,,
85,RBS_RU_25,uni random,First_Plate,0,TTTAAGAGAAGACTATACAT,GAAGAC,-0.4087522425571717,-0.4672886145039116,0.7865187208987362,-0.600991270111906,-0.2556614188113236,-0.4860177396170768,,,,-0.2386987607837756,0.5147723116113102,,,
86,RBS_RU_26,uni random,First_Plate,0,TTTAAGACTCCGTTATACAT,CTCCGT,0.027075815385600558,-0.3368880229529831,0.022757615134401724,-0.3186985607994854,-0.18414283335559745,-0.48575217616063593,,,,-0.2126080271247833,0.20734707233230903,,,
87,RBS_RU_27,uni random,First_Plate,0,TTTAAGATTACTATATACAT,TTACTA,-0.266873966149973,-0.47448665656681877,0.4040338796093423,-0.6384846527140361,-0.2934888487279277,-0.5529480569857567,,,,-0.3037080502558616,0.37569165761373546,,,
88,RBS_RU_28,uni random,First_Plate,0,TTTAAGACGAGACTATACAT,CGAGAC,-0.3510860824264374,-0.5742858090489001,-0.21860112585665675,-0.763678877465326,-0.17402226843892346,-0.523006352267575,,,,-0.4341134192506364,0.2267818941824861,,,
89,RBS_1by1_0,reference,Second_Plate,0,TTTAAGAAGGAGATATACAT,AGGAGA,3.0648570032809,2.9608368807976944,2.763742359740909,3.57438243891198,3.1847957540723257,3.428026420034825,,,,3.1627734761397726,0.299952629344948,,,
90,RBS_BA_00,bandit,Second_Plate,0,TTTAAGACGGATTTATACAT,CGGATT,1.1610921244337558,1.0729937371503782,1.1240369270570054,0.8198424349063218,1.0758675070175603,1.054251172261952,,,,1.051347317137829,0.12000037683384648,,,
91,RBS_BA_01,bandit,Second_Plate,0,TTTAAGATTCGGATATACAT,TTCGGA,0.6978961702598874,0.9245878184067492,0.9487167753826028,0.5372547562965391,0.49473401379986354,0.25422302649316747,,,,0.6429020934398015,0.26835810872018767,,,
92,RBS_BA_02,bandit,Second_Plate,0,TTTAAGACTCGGATATACAT,CTCGGA,0.8920418010791801,0.6694995148633641,0.8357466051161595,0.4806160652322333,0.2631178728915719,0.30992806401309564,,,,0.5751583205326006,0.26603617168647087,,,
93,RBS_BA_03,bandit,Second_Plate,0,TTTAAGAACCGGATATACAT,ACCGGA,0.7922336295874715,0.28045680045662025,0.7169029124561435,0.4474229966446189,0.2831290364272373,-0.15401201378332835,,,,0.3943555602981272,0.3438636847984294,,,
94,RBS_BA_04,bandit,Second_Plate,0,TTTAAGAGCCGGATATACAT,GCCGGA,0.8184259897178137,0.8003013364744503,0.6729390916805839,0.5538593163718486,0.13941388218603845,0.09664688838889535,,,,0.5135977508032717,0.32124490565688835,,,
95,RBS_BA_05,bandit,Second_Plate,0,TTTAAGAATCGGATATACAT,ATCGGA,0.43961867830152696,0.8524763051155253,0.48245687226764905,0.16114706100036427,0.15543956052741753,-0.02104385579530826,,,,0.34501577023619584,0.3127626744149548,,,
96,RBS_BA_06,bandit,Second_Plate,0,TTTAAGACCGGATTATACAT,CCGGAT,0.8273769771642195,0.9072457661147533,0.6988521099148046,0.4148917714997501,0.2778846488985233,0.14769977494574899,,,,0.5456585080896333,0.3100815547477715,,,
97,RBS_BA_07,bandit,Second_Plate,0,TTTAAGATAAAGATATACAT,TAAAGA,0.3517912554966786,0.13678381086725597,0.29655394110549244,0.17677023574175016,-0.15365888776280823,-0.1448825843452282,,,,0.11055962851719014,0.21583340004577298,,,
98,RBS_BA_08,bandit,Second_Plate,0,TTTAAGACGATAATATACAT,CGATAA,-0.10505697998300952,0.45052085443185386,0.0876697063357241,0.009331544039159324,-0.35358497550958856,0.011143887374226879,,,,0.016670672781394343,0.26277675604601136,,,
99,RBS_BA_09,bandit,Second_Plate,0,TTTAAGAACACACTATACAT,ACACAC,0.2244841003953526,0.06370241382125542,0.2012561165761976,0.06380829816620427,-0.2656970702152681,-0.46738240417115995,,,,-0.029971424237903038,0.27665073990714895,,,
100,RBS_BA_10,bandit,Second_Plate,0,TTTAAGATATATATATACAT,TATATA,0.6296640976526282,0.5154287482764862,0.4231432705178766,0.35126342023320356,-0.03923675319274588,0.21132108761645405,,,,0.34859731185065046,0.23734173594063418,,,
101,RBS_BA_11,bandit,Second_Plate,0,TTTAAGACTCTCTTATACAT,CTCTCT,1.8012604281751239,0.9777496006569065,1.2746291413417836,0.9093049230865469,0.6746213529625963,0.8607226535879728,,,,1.083048016635155,0.40250409216554356,,,
102,RBS_BA_12,bandit,Second_Plate,0,TTTAAGAGTGTGTTATACAT,GTGTGT,0.09249583551267389,0.518757526020371,0.7019351405111024,0.11838776811045147,0.5494959026790167,-0.18714169982260673,,,,0.29898841216850147,0.3420516904562088,,,
103,RBS_BA_13,bandit,Second_Plate,0,TTTAAGAATATATTATACAT,ATATAT,-0.1877746812981484,0.09352408474738923,0.086182025282968,0.14712238847033982,0.0667422013160398,-0.2398396128101443,,,,-0.00567393238192597,0.16423326355701057,,,
104,RBS_BA_14,bandit,Second_Plate,0,TTTAAGATGTGTGTATACAT,TGTGTG,-0.08506974804448139,-0.24315936544232633,0.126711263116763,-0.010692460006192485,-0.05059811065752403,-0.5137113084708876,,,,-0.1294199549174415,0.22293305757750817,,,
105,RBS_BA_15,bandit,Second_Plate,0,TTTAAGATCTCTCTATACAT,TCTCTC,-0.941397387186678,-0.27906797481803314,-0.09738196015984618,-1.3093424570551528,-0.3856600569004827,-0.5403499048185818,,,,-0.5921999568231291,0.4526534783122249,,,
106,RBS_BA_16,bandit,Second_Plate,0,TTTAAGACACACATATACAT,CACACA,-1.7898098478970061,-1.538477284146523,-0.37755484156643787,-0.2549647435907177,-0.5247756007243002,-1.515942581703228,,,,-1.0002541499380355,0.6853185361064635,,,
107,RBS_BA_17,bandit,Second_Plate,0,TTTAAGACTAAGATATACAT,CTAAGA,-0.4726737585354237,-1.4043819600440328,-1.4680263256835528,-1.4819514831471063,-0.586553046528125,-1.2330384157515606,,,,-1.1077708316149668,0.4579261036141172,,,
108,RBS_BA_18,bandit,Second_Plate,0,TTTAAGAATAAGATATACAT,ATAAGA,-1.196896004059247,-0.5586703008036512,-0.41518053403720145,-1.5639915253521464,-0.5963447603966742,-0.5488325036285846,,,,-0.8133192713795842,0.4584826460962434,,,
109,RBS_BA_19,bandit,Second_Plate,0,TTTAAGATAAGATTATACAT,TAAGAT,-0.7241585960435981,-1.4164364170522794,-1.3886188236066386,-1.6085747911811568,-0.6770899314014146,-0.6215217576080004,,,,-1.072733386148848,0.44422324471125796,,,
110,RBS_BA_20,bandit,Second_Plate,0,TTTAAGATTAAGATATACAT,TTAAGA,-1.4351824324902782,-1.1925173574008507,-1.8649232324561003,-1.4625192474432678,-0.7223177930767635,-0.6899625849578935,,,,-1.2279037746375259,0.4582690822104665,,,
111,RBS_BA_21,bandit,Second_Plate,0,TTTAAGAGGTCGATATACAT,GGTCGA,-0.8617151059490264,-0.3974759063115197,-1.485214153364192,-1.8171833361739202,-0.6946877399921781,-0.8105024187875732,,,,-1.0111297767630683,0.5317444974336362,,,
112,RBS_BA_22,bandit,Second_Plate,0,TTTAAGAGGTAGATATACAT,GGTAGA,1.3398455355116419,0.8193387217009127,1.0715805605558932,1.481631919223089,1.2049279660427954,1.2682173553065528,,,,1.1975903430568142,0.23017859443748825,,,
113,RBS_BA_24,bandit,Second_Plate,0,TTTAAGAGGGGGATATACAT,GGGGGA,0.5156398058856971,1.1159441230078895,1.6459317350383378,1.892121148313302,2.269331618467557,2.040617413557014,,,,1.5799309740449663,0.6538078522011024,,,
114,RBS_BA_25,bandit,Second_Plate,0,TTTAAGAGGGGATTATACAT,GGGGAT,0.5350987129164008,1.3489180027749113,1.5783666574461324,2.346859796698248,2.3048585213485526,2.4899229951766073,,,,1.767337447726809,0.7584328608371982,,,
115,RBS_BA_26,bandit,Second_Plate,0,TTTAAGAGGGATCTATACAT,GGGATC,-0.5361891075506893,-0.5954149577460054,-0.06738142782568059,-0.2868129990102615,-0.356491364187343,-0.44931064465170867,,,,-0.38193341682861476,0.19107434311072446,,,
116,RBS_BA_27,bandit,Second_Plate,0,TTTAAGAGGGATTTATACAT,GGGATT,-0.19305331566372863,-0.5853031180115165,-0.7721232900088221,-0.17343964300782205,-0.2460464510152171,-0.5093437313496187,,,,-0.41321825817612085,0.24559272251643915,,,
117,RBS_BA_28,bandit,Second_Plate,0,TTTAAGAGGGATGTATACAT,GGGATG,-0.18231423850588735,-0.3695092120535795,-1.0768279271466434,-1.0585414341319432,-0.3561378695532692,-0.48115496075139863,,,,-0.5874142736904535,0.3841497095106046,,,
118,RBS_BA_29,bandit,Second_Plate,0,TTTAAGAGGGATATATACAT,GGGATA,-0.5585450190891282,-0.26364216618362896,-0.5151153376722987,-0.15872289506525958,-0.2698217771227561,-0.41017699634513227,,,,-0.36267069857970063,0.15740727095854437,,,
119,RBS_BA_30,bandit,Second_Plate,0,TTTAAGAGGATCTTATACAT,GGATCT,-1.1791042486014562,-1.1168444968658382,-2.0865621172049176,-1.86493240318984,-0.8043717473732604,-2.0072266383106263,,,,-1.5098402752576565,0.5417766221325921,,,
120,RBS_BA_31,bandit,Second_Plate,0,TTTAAGAGGATTTTATACAT,GGATTT,0.48337432261845664,0.6676397377860869,0.5193408586975238,0.7753425657778373,0.630567373438048,0.9665900664846576,,,,0.6738091541337684,0.17779960009075102,,,
121,RBS_BA_32,bandit,Second_Plate,0,TTTAAGAGGATAGTATACAT,GGATAG,0.5012370746154126,0.3720860214024638,0.2129132686827732,0.5841820127172022,0.26943851397033797,0.5817554386214605,,,,0.420268721668275,0.1597304034651583,,,
122,RBS_BA_33,bandit,Second_Plate,0,TTTAAGAGGATTATATACAT,GGATTA,0.8620536038337523,1.0572206137856632,0.7654620247264008,1.2448628972208922,1.1221715645504493,0.6592715218243521,,,,0.9518403709902516,0.22555486914033582,,,
123,RBS_BA_34,bandit,Second_Plate,0,TTTAAGAGGATATTATACAT,GGATAT,1.6260519179262534,1.128454901222312,1.6255498944401694,1.483516302841,1.3993828971451108,1.9938224628976766,,,,1.5427963960787539,0.28738982996962065,,,
124,RBS_BA_35,bandit,Second_Plate,0,TTTAAGAGGATACTATACAT,GGATAC,1.6371859149796864,1.9779480454676244,1.4351544688940818,1.217847736859798,1.1248192440743594,1.9508467205357498,,,,1.5573003551352167,0.3620476578512079,,,
125,RBS_BA_36,bandit,Second_Plate,0,TTTAAGAGGATGCTATACAT,GGATGC,1.0376888275603817,1.8509731049802214,1.0699082755355025,0.8955334001447169,1.5723677344172686,1.4195323212540092,,,,1.3076672773153502,0.36797646158174785,,,
126,RBS_BA_37,bandit,Second_Plate,0,TTTAAGAGGATGTTATACAT,GGATGT,0.4610765566276545,1.3274567780796849,0.892988200060171,1.1500190757604172,1.296197855865392,1.4847968007266044,,,,1.102089211186654,0.3719815945217539,,,
127,RBS_BA_38,bandit,Second_Plate,0,TTTAAGAGGATTCTATACAT,GGATTC,0.0917122814723593,0.11882420543637573,0.03165035008305504,-0.02693834676111017,0.20231682818305546,-0.2641644108703716,,,,0.025566817923893953,0.16189546962226847,,,
128,RBS_BA_39,bandit,Second_Plate,0,TTTAAGAGGATCGTATACAT,GGATCG,-1.2673784836230042,-0.5471484632676623,-0.3090931947529593,-0.24006014804997278,-0.43162321992739067,-0.7452591352712974,,,,-0.5900937741487144,0.3771559222078959,,,
129,RBS_BA_40,bandit,Second_Plate,0,TTTAAGAGGATTGTATACAT,GGATTG,0.656858509380453,0.6093618449775888,0.24153256403155804,0.7761992136334559,0.4935814117942819,0.7673886441557509,,,,0.5908203646621815,0.20085013300646606,,,
130,RBS_BA_41,bandit,Second_Plate,0,TTTAAGAGGATCCTATACAT,GGATCC,-0.8423117251800887,-0.7261455027275134,-0.9460605773381433,-0.9595328173915005,-0.5825466131462441,-0.5644496540161809,,,,-0.7701744816332784,0.1740469779137305,,,
131,RBS_BA_42,bandit,Second_Plate,0,TTTAAGAGGATGATATACAT,GGATGA,0.3832356818416814,0.28049283613889076,0.3723969359175241,0.6892778889350697,0.5491332581624647,0.6762346636686417,,,,0.4917952107773787,0.1714612402400092,,,
132,RBS_BA_43,bandit,Second_Plate,0,TTTAAGAGGATCATATACAT,GGATCA,-1.3935315879877568,-1.0789916891814832,-2.497835943593622,-0.6113904835744853,-0.6445343353332287,-1.2740198529782067,,,,-1.2500506487747973,0.690206842149277,,,
133,RBS_BA_44,bandit,Second_Plate,0,TTTAAGACCCCGATATACAT,CCCCGA,-1.3955233364498643,-1.901830815298218,-1.8065916670872195,-0.809657627441109,-1.5653072742353633,-1.3738368692443412,,,,-1.4754579316260192,0.3897493337869974,,,
134,RBS_BA_45,bandit,Second_Plate,0,TTTAAGATTTTTGTATACAT,TTTTTG,-1.2714588265335722,-1.3849742269319567,-1.4608583410089087,-1.4031308812827528,-0.9614234535719776,-1.1811071372875797,,,,-1.277158811102791,0.18449166566838374,,,
135,RBS_BA_46,bandit,Second_Plate,0,TTTAAGATTTTTATATACAT,TTTTTA,0.4313624010827707,-0.22716218985439995,-0.028115543125973173,-0.256613283332401,-0.3217941685732993,-0.34095337347004306,,,,-0.12387935954555764,0.29395277103477746,,,
136,RBS_BA_47,bandit,Second_Plate,0,TTTAAGAGTTTTTTATACAT,GTTTTT,1.06899655151356,0.3651074867123845,0.7285903547557254,0.6100856284227629,0.43945094106886945,0.7020285300816564,,,,0.6523765820924932,0.24959785276769286,,,
137,RBS_BA_48,bandit,Second_Plate,0,TTTAAGACTTTTTTATACAT,CTTTTT,-1.6097186681482287,-0.11014241413971859,-0.13798385081878015,-0.3451827839474012,-0.06127987326080298,-0.4059162519826595,,,,-0.44503730704959854,0.5868032443490149,,,
138,RBS_BA_49,bandit,Second_Plate,0,TTTAAGACCCCCTTATACAT,CCCCCT,-1.1422594539230062,-1.0854574875246348,-0.978046022783428,-0.2958452800994388,-1.9804839779902224,-0.5012615019642037,,,,-0.9972256207141555,0.5888801777126415,,,
139,RBS_BA_50,bandit,Second_Plate,0,TTTAAGACCCCCGTATACAT,CCCCCG,0.8500545793758519,0.38168016954467804,0.5415460844588452,0.5907980675301605,0.7916464613919127,0.7529662948166292,,,,0.6514486095196795,0.17772882367532045,,,
140,RBS_BA_51,bandit,Second_Plate,0,TTTAAGACCCCCATATACAT,CCCCCA,-1.10891363340473,-2.4179251190275703,-1.66980680443731,-0.6452777758761509,-1.9023461176284373,-0.9448462630086689,,,,-1.4481859522304779,0.6646637342764297,,,
141,RBS_BA_52,bandit,Second_Plate,0,TTTAAGATTTTTCTATACAT,TTTTTC,-1.345477443663613,-1.7443928556710184,-1.8891234998289186,-1.5234309160440132,-2.46191415383501,-1.6112600072622014,,,,-1.7625998127174622,0.3897375663171734,,,
142,RBS_BA_53,bandit,Second_Plate,0,TTTAAGAGCCCCCTATACAT,GCCCCC,-1.3971000596421785,-1.4228215371280553,-1.5012594229815244,-0.7214229121931939,-1.7086234526067166,-0.8818055055380366,,,,-1.2721721483482844,0.3839228512845009,,,
143,RBS_BA_54,bandit,Second_Plate,0,TTTAAGAATTTTTTATACAT,ATTTTT,-1.5977161287267105,-1.5955660062838812,-0.9985542614273386,-1.440544560565942,-0.6722197179259161,-0.7913002583444579,,,,-1.1826501555457078,0.41397440934040014,,,
144,RBS_BA_55,bandit,Second_Plate,0,TTTAAGAACCCCCTATACAT,ACCCCC,-1.4819160450251319,-1.2977050010661866,-2.064535183712788,-2.1593760887892466,-1.8753873751802663,-0.8559984406112101,,,,-1.6224863557308045,0.5020683901693959,,,
145,RBS_BA_56,bandit,Second_Plate,0,TTTAAGATCCCCCTATACAT,TCCCCC,-1.2504112581383033,-1.5329954623022133,-0.8128589615483641,-1.6458574590498232,-0.8177011221443625,-0.8682368068218663,,,,-1.1546768450008222,0.3757628103971124,,,
146,RBS_BA_57,bandit,Second_Plate,0,TTTAAGAGGATAATATACAT,GGATAA,1.0348073148939625,0.2522617610358832,0.591071961725852,0.5928926758202921,0.8421939460881325,0.257133256999481,,,,0.5950601527606004,0.31182642809121114,,,
147,RBS_BA_58,bandit,Second_Plate,0,TTTAAGACCCCCCTATACAT,CCCCCC,0.6688468166801604,-0.030187714105332452,0.22103442691849973,-0.14248811919689053,-0.23442112678710578,-0.24882394296850674,,,,0.038993390090137435,0.35360151490505454,,,
148,RBS_BA_59,bandit,Second_Plate,0,TTTAAGATTTTTTTATACAT,TTTTTT,1.157338871720488,0.44752524749890776,0.7668399982650536,0.3605385164152158,0.33131666863349213,0.41700371695333904,,,,0.5800938365810827,0.3232192430327685,,,
149,RBS_RP_30,prob random,Second_Plate,0,TTTAAGAGAAAGATATACAT,GAAAGA,0.1312348418128043,0.07054760500052695,-0.002328186261271543,-0.291981436707944,0.06253699049134631,-0.18389517722890072,,,,-0.03564756048223979,0.16586859141380464,,,
150,RBS_RP_31,prob random,Second_Plate,0,TTTAAGACGGGGGTATACAT,CGGGGG,0.624294218901343,1.0858605166357282,1.217218861176665,1.669753340511896,1.6601825144777211,1.8823334113922283,,,,1.3566071438492635,0.4681071894472108,,,
151,RBS_RP_32,prob random,Second_Plate,0,TTTAAGATGAGGGTATACAT,TGAGGG,0.9464168815913596,0.4109157309102682,0.7088389769849456,0.8932685244320189,0.9296060761012722,1.3616661652348871,,,,0.875118725875792,0.3124879196716969,,,
152,RBS_RP_33,prob random,Second_Plate,0,TTTAAGACCGGGATATACAT,CCGGGA,-1.2318171380146836,-0.7990932487896947,-0.36884761241701625,-0.41603667113508364,-1.6639063935563563,-1.0192169207191129,,,,-0.9164863307719912,0.4965406339322643,,,
153,RBS_RP_34,prob random,Second_Plate,0,TTTAAGAAAGGGTTATACAT,AAGGGT,0.5286895302751524,0.2385507049214115,-0.07936085895898277,0.16201724301933731,0.2296166619270919,0.21705515337948483,,,,0.21609473909391586,0.1942276626385052,,,
154,RBS_RP_35,prob random,Second_Plate,0,TTTAAGACTGTAGTATACAT,CTGTAG,-1.1594336727128505,-0.5461808863051806,-0.41858131972638746,-0.5938164464042384,-1.5013762917159759,-1.3054899354761638,,,,-0.9208130920567994,0.4563951211760955,,,
155,RBS_RP_36,prob random,Second_Plate,0,TTTAAGACTGACATATACAT,CTGACA,-0.9188408238955261,-1.4294942874334926,-1.3149684242862265,-1.1412582499330601,-0.6486409205042689,-0.7248436054364356,,,,-1.0296743852481682,0.3175191287622297,,,
156,RBS_RP_37,prob random,Second_Plate,0,TTTAAGACGTGTGTATACAT,CGTGTG,-1.2709215689293072,-0.9529686246369761,-0.5865330851480153,-0.9438990636592002,-0.5880425745235964,-0.6939997188708649,,,,-0.8393941059613267,0.26769095045282154,,,
157,RBS_RP_38,prob random,Second_Plate,0,TTTAAGAGAGGGGTATACAT,GAGGGG,-1.2578358104253897,-1.316763299838237,-0.954782416059791,-0.591436664234732,-0.7351837909971043,-0.7421507759309893,,,,-0.9330254595810406,0.2984919546684066,,,
158,RBS_RP_39,prob random,Second_Plate,0,TTTAAGACTAGGATATACAT,CTAGGA,0.34524392370051543,-0.059415123785052204,-0.27103593129775394,-0.11350304857873408,-0.07714278329308584,-0.2388851096758026,,,,-0.06912301215498555,0.2206427436651304,,,
159,RBS_RP_40,prob random,Second_Plate,0,TTTAAGAATTGGGTATACAT,ATTGGG,0.7410281438034284,-0.07872879332504423,0.19777431692315178,0.012272046196439306,0.0905150311976085,-0.2903819763463128,,,,0.11207979474154516,0.3497798156220831,,,
160,RBS_RP_41,prob random,Second_Plate,0,TTTAAGATACTGATATACAT,TACTGA,0.47428686266149556,0.886009053986695,0.7021321931586227,0.24419979108166898,0.42014496152990444,0.327309954310876,,,,0.5090138027882105,0.24152288205891062,,,
161,RBS_RP_42,prob random,Second_Plate,0,TTTAAGAAGAGCGTATACAT,AGAGCG,-0.0038426607274431334,0.468516174447123,0.11286724271603538,-0.03495972277842447,0.11642134943742107,-0.05219052125236563,,,,0.10113531030705769,0.19410875488915616,,,
162,RBS_RP_43,prob random,Second_Plate,0,TTTAAGAAGGGGTTATACAT,AGGGGT,0.6125882682240026,1.3204536816078147,1.0028985769827705,1.2251305593889987,1.5476920606429518,1.6614114767664563,,,,1.2283624372688324,0.38157722700668273,,,
163,RBS_RP_45,prob random,Second_Plate,0,TTTAAGACAAGCCTATACAT,CAAGCC,-1.4110349455211222,-0.5778744440317698,-0.16953379542124747,-0.5860759963629726,-1.6088698871291391,-0.6528499221442796,,,,-0.8343731651017552,0.5540377486332144,,,
164,RBS_RP_46,prob random,Second_Plate,0,TTTAAGACAATTGTATACAT,CAATTG,-0.5957406109681399,-1.4975969225130623,-0.2427210891318467,-0.4182182473270372,-0.5102931244090063,-0.6894784715309068,,,,-0.6590080776466666,0.43853237154999364,,,
165,RBS_RP_47,prob random,Second_Plate,0,TTTAAGATATTTTTATACAT,TATTTT,-0.4711884008824515,-0.17880929723539393,-1.0072047167792366,-0.5421840051343346,-0.4201624301284132,-1.3227443636931806,,,,-0.6570488689755017,0.4238693036471035,,,
166,RBS_RP_48,prob random,Second_Plate,0,TTTAAGATCCGGCTATACAT,TCCGGC,-0.9127022512839386,-0.6604552679424849,-0.33915607245270096,-0.4521677517688445,-1.549237327083618,-0.5421651625248457,,,,-0.7426473055094055,0.44127957452741606,,,
167,RBS_RP_49,prob random,Second_Plate,0,TTTAAGATGGGAGTATACAT,TGGGAG,1.4230231330443457,1.2449391644912131,1.1662885628043078,1.6297189306049944,1.4823085133407528,1.7752260869447767,,,,1.453584065205065,0.22904477542484522,,,
168,RBS_RP_50,prob random,Second_Plate,0,TTTAAGAAAAGTGTATACAT,AAAGTG,-0.5964053942622185,-0.482029274751297,-0.13253986475801666,-0.3219528929709003,-0.3162977575039908,-0.5208974949242023,,,,-0.39502044652843754,0.16994331386197245,,,
169,RBS_RP_51,prob random,Second_Plate,0,TTTAAGACGGGAGTATACAT,CGGGAG,0.7444513245815975,0.7315421202805079,0.5322275443100589,0.7192725436902196,0.6421927495354749,0.6764096703774732,,,,0.6743493254625553,0.07929727948673342,,,
170,RBS_RP_52,prob random,Second_Plate,0,TTTAAGATAAGAGTATACAT,TAAGAG,0.0831980195185446,-0.05026983958777488,-0.08345493865361465,-0.40782044100182646,-0.3614017532418306,-0.6259209694866612,,,,-0.24094498707552722,0.26713014529140156,,,
171,RBS_RP_53,prob random,Second_Plate,0,TTTAAGATAAGGGTATACAT,TAAGGG,0.9965356651577421,0.9286405100532458,0.8162712990894109,0.4297847808872664,0.5375034758167836,0.7534336774290176,,,,0.7436949014055777,0.2211560421884018,,,
172,RBS_RP_54,prob random,Second_Plate,0,TTTAAGATAGTCTTATACAT,TAGTCT,1.0810766902528184,1.1361533263918966,0.6952949704031329,0.514576651849801,0.4675737317244914,0.49824964128752874,,,,0.7321541686516114,0.3027787830659632,,,
173,RBS_RP_55,prob random,Second_Plate,0,TTTAAGAAAGTAGTATACAT,AAGTAG,0.6762074540424562,0.5858939573324268,0.6540945896208058,0.14628772058302053,0.2905831665381225,-0.08841355020242088,,,,0.3774422229857351,0.3121691278413213,,,
174,RBS_RP_57,prob random,Second_Plate,0,TTTAAGACCACGCTATACAT,CCACGC,0.09670362892457472,0.5109885584082646,0.20703541610725557,0.08166918726484915,0.15064631473147447,0.13989115778426578,,,,0.19782237720344742,0.1596597062357328,,,
175,RBS_RP_58,prob random,Second_Plate,0,TTTAAGAGTAATGTATACAT,GTAATG,0.16675685550744876,0.3644147732496851,0.522908396069903,-0.038800588804634314,0.3268414104597206,0.09422521086746939,,,,0.23939100955826542,0.2036664024348159,,,
176,RBS_RP_59,prob random,Second_Plate,0,TTTAAGACATTGATATACAT,CATTGA,0.5749815854737869,0.3645016340952064,0.39749773154601825,-0.012535455782433683,0.32192540646913226,-0.09716307860500911,,,,0.2582013038661168,0.25872611016025093,,,
177,RBS_BA_3385,bandit2,Third_Plate,1,TTTAAGATGCTATTATACAT,TGCTAT,0.8795909392666037,1.5078378399568166,1.4096803500251975,1.7959080608662528,1.7666299459083366,1.5544455929719114,1.8564437214174605,,,1.4856821214991864,0.3327202713430733,1.14803745152305,0.751928955265188,2.65189536205342
178,RBS_BA_3387,bandit2,Third_Plate,1,TTTAAGATGCTGGTATACAT,TGCTGG,0.6486027585843954,1.4706556408389608,0.9360302797391931,1.461731276978232,1.432760474243774,1.526554935894759,1.514995129060347,,,1.2460558943798856,0.3642980539082089,0.993331269208016,0.746657417660159,2.48664610452833
179,RBS_BA_1534,bandit2,Third_Plate,1,TTTAAGAGCGAATTATACAT,GCGAAT,0.8705282033793065,1.3316891363405867,0.9834180088505381,1.3643226404228743,1.4132044838555349,1.4822607391594562,1.2748795653710585,,,1.2409038686680496,0.2509549363608046,0.942981804940697,0.769577107643652,2.482136020228
180,RBS_BA_1896,bandit2,Third_Plate,1,TTTAAGAGTCTATTATACAT,GTCTAT,0.6695072999167171,0.7484626627082815,0.6178998213548216,1.2333360029910598,1.0856266541957764,1.1620767119935564,1.066316686020304,,,0.9194848588600354,0.2711631798144219,1.00067569602295,0.724696180383174,2.4500680567893
181,RBS_BA_2393,bandit2,Third_Plate,1,TTTAAGACGCTATTATACAT,CGCTAT,0.6135649894392534,0.43597454845644723,0.17049127261731228,0.9944535576917142,1.0983609184321212,1.0710877345692411,0.82485799737683,,,0.7306555035343482,0.3834114783950273,1.02273446088958,0.697814947700661,2.4183643562909
182,RBS_BA_3384,bandit2,Third_Plate,1,TTTAAGATGCTACTATACAT,TGCTAC,0.4347046309283972,0.7245693702819411,0.4940401667892,0.9094998742277784,1.0001965086265276,1.008202667811288,0.7987655686143379,,,0.7618688697775221,0.25275886649406737,0.992106203385378,0.70358175004296,2.3992697034713
183,RBS_BA_1582,bandit2,Third_Plate,1,TTTAAGAGCGTATTATACAT,GCGTAT,0.6645772837499853,0.6337902506159098,0.43308984451072113,0.8490485306566723,0.9923774727552173,0.9318111419644345,0.8329191819844061,,,0.7507824207088234,0.2111127006740961,0.949465042764394,0.724264752385804,2.397994547536
184,RBS_BA_1584,bandit2,Third_Plate,1,TTTAAGAGCGTGGTATACAT,GCGTGG,0.9435036158406476,0.9634097024736826,0.7269002258739,1.0444427975118067,1.0879095119651616,1.0744449105391647,0.9753546431177098,,,0.9734351273673939,0.1342574485276444,0.866603296446494,0.741152229893558,2.34890775623361
185,RBS_BA_1707,bandit2,Third_Plate,1,TTTAAGAGCTTATTATACAT,GCTTAT,0.5761333522139497,0.4972246306207306,0.4828904439298334,0.7043654530865049,0.7648930933533205,0.9634846581719264,0.6857521427412896,,,0.664831938562711,0.18429917892583567,0.939491622297344,0.698290595900061,2.33607281409747
186,RBS_BA_3389,bandit2,Third_Plate,1,TTTAAGATGCTGTTATACAT,TGCTGT,0.43662186554652155,0.4025631266162616,0.20824994290661328,0.7433741648466577,0.7195621871467988,0.7019617162019648,0.46979370981965735,,,0.5353888338774696,0.2187883377180285,0.990406216882032,0.67232582103987,2.33505785896177
187,RBS_BA_3357,bandit2,Third_Plate,1,TTTAAGATGCGGTTATACAT,TGCGGT,0.5536497229037708,0.25746452286377286,-0.248922424812383,0.6103937146924605,0.6732958036925908,0.7583672139705783,0.36226756873556065,,,0.43404142555179837,0.3756208654057318,0.905292390741036,0.699656905576232,2.3046062018935
188,RBS_BA_3321,bandit2,Third_Plate,1,TTTAAGATGGTATTATACAT,TGGTAT,0.900176572413408,0.7559239799510153,0.6508293215664269,0.9611736128126034,1.0993541389954622,0.9829336975249612,0.8604517849185497,,,0.8917318872106463,0.16296997846951133,0.976045189890896,0.660337800692257,2.29672079127541
189,RBS_BA_1393,bandit2,Third_Plate,1,TTTAAGAGGCTATTATACAT,GGCTAT,2.741297511253277,2.6713121298058455,2.772684333136416,2.4056417740922322,2.091313307843276,2.08929342688465,2.2769406502093035,,,2.4619237471692825,0.3155434836780948,0.981957531022256,0.653170521520107,2.28829857406247
190,RBS_BA_1898,bandit2,Third_Plate,1,TTTAAGAGTCTGGTATACAT,GTCTGG,0.288656220886756,0.73565349116692,0.12553618354676743,0.9616561951795497,0.9305425723664554,1.0187230705317345,1.1483873026803029,,,0.6767946222796972,0.3795921108160902,0.842622689646306,0.719319620242034,2.28126193013037
191,RBS_BA_3337,bandit2,Third_Plate,1,TTTAAGATGCAATTATACAT,TGCAAT,-0.7511265934287873,0.26911651994965846,0.1855407282791118,0.6735785972147791,0.5011019038361346,0.5041800331217006,0.4994666689469737,,,0.23039853149543288,0.5121617074864555,0.808371343390833,0.733563473958964,2.27549829130876
192,RBS_BA_1566,bandit2,Third_Plate,1,TTTAAGAGCGCATTATACAT,GCGCAT,-0.2208190581779692,0.19437712456578188,-0.0429555989089411,-0.4039113114662677,-0.7428226287891052,-0.6677509753690021,-0.2714518972921472,,,-0.3139804080242506,0.36268655812589856,0.808577573619486,0.73220886216019,2.27299529793987
193,RBS_BA_1540,bandit2,Third_Plate,1,TTTAAGAGCGACGTATACAT,GCGACG,0.23791651938666034,0.3325045552404134,-0.13716048803312267,-0.43983917762737085,-0.6180518618948906,-0.6961271345795833,-0.2090476676370896,,,-0.22012626458464898,0.4371001506373273,0.771644941977455,0.744674287379479,2.26099351673641
194,RBS_BA_1709,bandit2,Third_Plate,1,TTTAAGAGCTTGGTATACAT,GCTTGG,-0.6001645280799927,-0.46335829017431174,-0.48766507654426505,-0.7381334035738493,-0.388738724251625,-1.158994064841752,-0.8815221785553153,,,-0.6395090145776327,0.2821740150708569,0.840590789024527,0.701300050653059,2.24319089033064
195,RBS_BA_2395,bandit2,Third_Plate,1,TTTAAGACGCTGGTATACAT,CGCTGG,-0.6433912583054721,-0.3839931190263787,-0.4859900427777105,-0.4696619169144448,-0.3398509991035864,-0.48256625998377084,-1.0461832591995242,,,-0.4675755993518938,0.10466987609916284,0.869239961703417,0.680588220157125,2.23041640201767
196,RBS_BA_1691,bandit2,Third_Plate,1,TTTAAGAGCTCATTATACAT,GCTCAT,-0.934411464749853,-0.7683495330612304,-0.5290453879821001,-1.0012346802362515,-0.4234325396596629,-0.48135172300616685,-0.46578934146133877,,,-0.6896375547825442,0.24626837107077088,0.807598209887425,0.704029789309401,2.21565778850623
197,RBS_BA_1532,bandit2,Third_Plate,1,TTTAAGAGCGAAGTATACAT,GCGAAG,-0.09471958307407895,-0.24814796707201064,0.08418482096179299,-0.4861973372494854,-0.6539943184536686,-0.6080622689902992,-0.8573098532378794,,,-0.3344894423129583,0.2967063589594481,0.783336180702479,0.707863947538616,2.19906407577971
198,RBS_BA_1895,bandit2,Third_Plate,1,TTTAAGAGTCTACTATACAT,GTCTAC,0.16729268121123897,-0.5840744621577207,-0.9069437026965751,-1.3228240924888603,-0.8728245509712502,-0.848465432423249,-0.06780762290424171,,,-0.7279732599210694,0.4987155826513362,0.840592070591551,0.679061577854074,2.1987152262997
199,RBS_BA_1660,bandit2,Third_Plate,1,TTTAAGAGCTAATTATACAT,GCTAAT,0.16764214454541274,-0.6303576593006768,-0.5090012982395167,-1.4088343203604823,-0.8112281600800147,-0.8172834348750764,-1.0653025284277757,,,-0.668177121385059,0.5131530918693513,0.851455055623273,0.667897595070624,2.18725024576452
200,RBS_BA_1518,bandit2,Third_Plate,1,TTTAAGAGCATATTATACAT,GCATAT,0.9250217253228709,0.3877376097672693,0.2513974998565261,0.654319585186692,0.3649200254698422,0.5165122763086952,0.3953827176114254,,,0.5166514536519826,0.24319526230689298,0.844330327119884,0.667578471238556,2.17948726959699
201,RBS_BA_1644,bandit2,Third_Plate,1,TTTAAGAGCCTATTATACAT,GCCTAT,0.24483239551596875,0.8766789037725122,1.0188343712172003,1.2949534304821069,1.2973114384604165,1.170094527890179,1.352008761874995,,,0.9837841778897306,0.397136496904156,0.89930686707481,0.636542777989195,2.1723924230532
202,RBS_BA_2397,bandit2,Third_Plate,1,TTTAAGACGCTGTTATACAT,CGCTGT,-1.1885922882880882,-0.08891558288150576,-0.5161546761550301,-0.7027659932108723,0.31988476476596944,0.5528610036194267,0.36776149897542626,,,-0.27061379535835006,0.6556742932600597,0.864770170289499,0.651553650359683,2.16787747100887
203,RBS_BA_3323,bandit2,Third_Plate,1,TTTAAGATGGTGGTATACAT,TGGTGG,0.6231069880336063,0.8387763615350639,0.9562271278580671,0.6845585691175645,0.46805979879716764,0.8817959099271422,0.714321973932589,,,0.7420874592114353,0.18290985600085555,0.871722751155788,0.644897324894198,2.16151740094418
204,RBS_BA_1679,bandit2,Third_Plate,1,TTTAAGAGCTGGTTATACAT,GCTGGT,-0.05190107788306593,-0.6512735585524754,-0.6712834267462705,-1.1154469923430375,-0.7479704862912955,-0.8501039462708919,-0.9928705637862199,,,-0.6813299146811728,0.3517295136032312,0.776204560363088,0.688183700296658,2.1525719609564
205,RBS_BA_175,bandit2,Third_Plate,1,TTTAAGAAACTATTATACAT,AACTAT,-0.8559259283221614,-0.6231261333763349,-0.915773916593456,-0.4027210971813946,-0.7790326871140641,-0.8250162255555186,-1.1823525227305465,,,-0.7335993313571549,0.18987224521485224,0.778847878412223,0.681494262117641,2.14183640264751
206,RBS_BA_2392,bandit2,Third_Plate,1,TTTAAGACGCTACTATACAT,CGCTAC,-0.27648185797955893,-0.8407041128473353,-0.820876386060112,-0.7865187045747222,-1.011152208262138,-1.442789305438719,-1.2614452452687828,,,-0.8630870958604309,0.37688966420008035,0.866963038062502,0.635823805108942,2.13861064828039
207,RBS_BA_557,bandit2,Third_Plate,1,TTTAAGAACGAATTATACAT,ACGAAT,-0.8094335185547287,-0.9042932221384159,-0.6161716892739717,-0.6777844267168017,-0.8633903367487242,-1.181651442964234,-1.1238478118925943,,,-0.8421207727328127,0.19936236523968331,0.826173902002916,0.652285885231586,2.13074567246609
208,RBS_BA_1520,bandit2,Third_Plate,1,TTTAAGAGCATGGTATACAT,GCATGG,-0.4014161257709124,-1.028474864654955,-0.4056646818286929,-1.3709293064375079,-1.228009005623351,-0.4617455977987702,-1.1292158685293994,,,-0.8160399303523649,0.44465594744476267,0.716536690695339,0.702505285285816,2.12154726126697
209,RBS_BA_3888,bandit2,Third_Plate,1,TTTAAGATTCTATTATACAT,TTCTAT,-0.5017494737217432,-0.6244173626951834,-1.8103944449325333,-1.750613355819838,-1.0735823400908684,-1.518201386561762,-1.1212609980970196,,,-1.2131597273036547,0.5675914186167369,0.874310383802822,0.622919661092807,2.12014970598844
210,RBS_BA_1581,bandit2,Third_Plate,1,TTTAAGAGCGTACTATACAT,GCGTAC,-0.1755334547309303,-1.2292805967257718,-1.059939645562646,-0.5878199846441149,-0.9145562192248583,-1.5064892470172608,-0.8391740938531166,,,-0.9122698579842637,0.4740152597924352,0.780559295004924,0.669432782031084,2.11942485906709
211,RBS_BA_3394,bandit2,Third_Plate,1,TTTAAGATGCTTATATACAT,TGCTTA,-0.2251614566273015,-1.3235577217018126,-1.4160084190431188,-1.347998156598266,-1.3460714848158384,-1.3323885074992088,-1.4226300534319851,,,-1.1651976243809243,0.461678708885936,0.781305937587681,0.667292176470486,2.11589029052865
212,RBS_BA_1711,bandit2,Third_Plate,1,TTTAAGAGCTTGTTATACAT,GCTTGT,0.910905893541271,0.40517807542491635,0.16004174926588496,0.6580449873924774,0.6100681072408538,0.4481511054542129,0.413852420717995,,,0.5320649863866027,0.2557416653556972,0.832763242220175,0.641348988184561,2.1154612185893
213,RBS_BA_1395,bandit2,Third_Plate,1,TTTAAGAGGCTGGTATACAT,GGCTGG,1.8407437749001432,1.70253557479212,2.5489101284269102,1.8427842846595888,1.6627486465136538,1.6084302751788229,1.9740424384596589,,,1.8676921140785396,0.3469581543932418,0.829653313392471,0.641141920873266,2.111937155139
214,RBS_BA_2365,bandit2,Third_Plate,1,TTTAAGACGCGGTTATACAT,CGCGGT,-0.6738147998771794,0.20840870801228606,-0.4882259678333613,-0.1358385578968935,0.388404225235039,-0.1536704477852112,0.3734371377467234,,,-0.14245614002422005,0.40174300773169425,0.780626893498879,0.663718961565051,2.10806481662898
215,RBS_BA_3353,bandit2,Third_Plate,1,TTTAAGATGCGATTATACAT,TGCGAT,-0.6579176719170422,-0.411538385899957,-0.4116831866382948,-0.2866383631411798,-0.3863662597529698,-0.3324529257304971,0.06355789087457717,,,-0.41443279884665674,0.12895012168883324,0.757853755810346,0.672471696643587,2.10279714909752
216,RBS_BA_3275,bandit2,Third_Plate,1,TTTAAGATGGAATTATACAT,TGGAAT,-1.0937243132129455,-0.45632893203587543,-0.21734033665141209,-0.7276281521366855,-1.09081809554682,-0.748560132201972,0.06643649325858539,,,-0.7223999936309519,0.3464691621343403,0.872515687361901,0.612628952337013,2.09777359203593
217,RBS_BA_1900,bandit2,Third_Plate,1,TTTAAGAGTCTGTTATACAT,GTCTGT,-0.9647628662417644,-1.2421512143897493,-0.6570640831139354,-1.2344937307913557,-0.5889418497827633,-1.3120018758074552,-1.7119920230614674,,,-0.9999026033545039,0.3158433585015232,0.837814459753328,0.626855603370557,2.09152566649444
218,RBS_BA_2888,bandit2,Third_Plate,1,TTTAAGACTCTATTATACAT,CTCTAT,-1.5416165611737493,-0.8758901695032846,-0.6553904417293407,-1.4940569604099563,-1.0657775010518413,-0.8566206479059809,-1.3762000273738175,,,-1.0815587136290257,0.36237360631900956,0.97276697990741,0.558117833435124,2.08900264677766
219,RBS_BA_3383,bandit2,Third_Plate,1,TTTAAGATGCTAGTATACAT,TGCTAG,-0.6983123871400224,-0.45558167615230527,-1.2147717636132314,-0.7145076554322604,-1.8349645709565208,-1.3164181635088714,-1.0627971014745934,,,-1.0390927028005352,0.5105205909312641,0.868953023661424,0.60945053658635,2.08785409683412
220,RBS_BA_1848,bandit2,Third_Plate,1,TTTAAGAGTCAATTATACAT,GTCAAT,-0.6000166669456937,-0.4668363251759693,-1.102934371895826,-0.7185777508320524,-1.3510990918006067,-0.7886275978200294,-1.481515594426547,,,-0.8380153007450296,0.3300178013464226,0.671383397524575,0.705242829513168,2.08186905655091
221,RBS_BA_2329,bandit2,Third_Plate,1,TTTAAGACGGTATTATACAT,CGGTAT,-0.6133670115331142,-1.3863055495670045,-1.0182701781099923,-1.54944706453405,-1.181356330242464,-1.253898825599084,-1.1485804032609264,,,-1.1671074932642849,0.3258061288126807,0.873205624492731,0.604034521574526,2.08127466764178
222,RBS_BA_1572,bandit2,Third_Plate,1,TTTAAGAGCGCCGTATACAT,GCGCCG,-0.4706839305207834,-0.7942158102900038,-0.6305099048310945,-1.121265683007442,-1.461025240993092,-0.998353535493818,-0.9916885058375018,,,-0.9126756841893723,0.3579230915529362,0.666677174486913,0.70508384017818,2.07684485484327
223,RBS_BA_3320,bandit2,Third_Plate,1,TTTAAGATGGTACTATACAT,TGGTAC,-0.36155585587020367,-1.2584026331580056,-0.5576112560512284,-0.9128983828562767,-1.282233108803366,-0.8963304845389468,-1.105225736072245,,,-0.8781719535463379,0.36851805849990327,0.813229494245985,0.628636186878566,2.07050186800312
224,RBS_BA_3391,bandit2,Third_Plate,1,TTTAAGATGCTCGTATACAT,TGCTCG,0.8656815208844004,0.13628172496930238,0.23500520314024323,-0.3742816026793774,0.3792815249931829,0.07143904805163907,-0.8884161215682164,,,0.21890123655989846,0.4061386148475741,0.75665934427605,0.656013079179635,2.06868550263532
225,RBS_BA_3305,bandit2,Third_Plate,1,TTTAAGATGGCATTATACAT,TGGCAT,0.17395028134969595,0.6449710449790961,0.92025218444689,1.2433431403876938,1.0119063775235624,0.9248276156111704,1.1284079806961236,,,0.8198751073830182,0.37016268915261547,0.728468392961969,0.667331284464878,2.06313096189172
226,RBS_BA_1689,bandit2,Third_Plate,1,TTTAAGAGCTCAGTATACAT,GCTCAG,-1.0959211179566335,-0.26321755444138784,-0.8404689232028422,0.4173785573647553,0.4383316077366869,0.3573343333628219,0.12484681924119582,,,-0.16442718285609995,0.6794886433393825,0.661728183793704,0.69973525264295,2.0611986890796
227,RBS_BA_1868,bandit2,Third_Plate,1,TTTAAGAGTCGGTTATACAT,GTCGGT,-1.396798006385322,-1.9550305847041827,-0.20635250472863761,-0.7994803608167894,-1.328300202313093,-0.580650362670333,-0.15779080422225394,,,-1.044435336936393,0.634256209145151,0.782997557753232,0.637879866111674,2.05875728997658
228,RBS_BA_1586,bandit2,Third_Plate,1,TTTAAGAGCGTGTTATACAT,GCGTGT,-0.7144810723870377,-1.0295858451378537,-1.1303951753224055,-0.6183142176328361,-1.4632296743988087,-0.7154627402750955,-1.1725388988631844,,,-0.9452447875256729,0.3233071920397391,0.836578976112271,0.610123530226721,2.05682603656571
229,RBS_BA_3259,bandit2,Third_Plate,1,TTTAAGATGATATTATACAT,TGATAT,-0.896460482551188,-0.8268964869369764,-1.6734845000605902,-0.8305331050981386,-0.6186603279194863,-1.2723813232093906,-1.0479504816287857,,,-1.019736037629295,0.3847752907466324,0.891250822187609,0.582267423047388,2.05578566828238
230,RBS_BA_1392,bandit2,Third_Plate,1,TTTAAGAGGCTACTATACAT,GGCTAC,1.0255748351263747,0.9670738943726611,0.7092699869439352,0.41729967358871545,0.26949309856522263,0.6059626644124725,0.5617350248647855,,,0.6657790255015635,0.2981562032316522,0.827018237743629,0.611325831822647,2.04966990138892
231,RBS_BA_1665,bandit2,Third_Plate,1,TTTAAGAGCTACGTATACAT,GCTACG,-1.3904735074412031,-2.004588047374177,-1.1552061217943523,-0.7764361375547916,-0.7629884093819601,-0.6740111062626373,-1.06530825466269,,,-1.1272838883015204,0.5100926522456171,0.776670213630806,0.632843166121,2.04235654587281
232,RBS_BA_1533,bandit2,Third_Plate,1,TTTAAGAGCGAACTATACAT,GCGAAC,-0.6488462282514079,-1.075076654334281,-1.6232098029006443,-1.0572882652285645,-0.6449696780473806,-0.771882423245505,-1.0192003441487478,,,-0.9702121753346306,0.37239176965770987,0.709195202635413,0.66417682511897,2.03754885287335
233,RBS_BA_3388,bandit2,Third_Plate,1,TTTAAGATGCTGCTATACAT,TGCTGC,-0.5765353408257591,-1.3020012574813185,-1.316930860365158,-0.9874995367228647,-1.0007682424483801,-1.1660880366975013,-1.0106437919038203,,,-1.0583038790901635,0.2750702750762151,0.826859911226498,0.603656868712568,2.03417364865163
234,RBS_BA_1550,bandit2,Third_Plate,1,TTTAAGAGCGGATTATACAT,GCGGAT,-0.42603404440791276,-0.5433717492279393,-0.3475393467098373,-0.8389654023411294,-0.4016531819460959,-1.0736669406469483,-0.9075303446019636,,,-0.6052051108799771,0.2890851187054208,0.882537129717056,0.574805973091353,2.03214907589976
235,RBS_BA_604,bandit2,Third_Plate,1,TTTAAGAACGTATTATACAT,ACGTAT,-0.3052367109863327,-0.41891651783452905,-1.0699101613993394,-0.7220418481767255,-0.9272627578221442,-0.8053140240880167,-0.9683317590984121,,,-0.7081136700511813,0.29479137157964014,0.760249029295688,0.635242955228617,2.03073493975292
236,RBS_BA_3351,bandit2,Third_Plate,1,TTTAAGATGCGAGTATACAT,TGCGAG,1.393675487430466,0.6856541330843275,0.6830111494854041,0.7786293064827792,0.5458016700742122,0.6274048400065013,0.7366863434335684,,,0.785696097760615,0.3075213585483874,0.753993612018825,0.637927507426523,2.02984862687187
237,RBS_BA_1706,bandit2,Third_Plate,1,TTTAAGAGCTTACTATACAT,GCTTAC,0.2035387385167442,0.5298827836355442,0.9719122985564931,1.1613133569891403,1.2060192226943427,1.1320275692555102,1.0226351312748323,,,0.8674489949412957,0.40905457870360357,0.778692683420563,0.624543118586716,2.02777892059399
238,RBS_BA_3261,bandit2,Third_Plate,1,TTTAAGATGATGGTATACAT,TGATGG,-0.6144846701211822,-0.08422723162885529,0.22969684815801283,-0.39354875015386404,0.535323676614917,-0.7651900620248762,0.5340306882958582,,,-0.18207169819264132,0.5030931419196301,0.750722864803937,0.635358080977655,2.02143902675925
239,RBS_BA_3335,bandit2,Third_Plate,1,TTTAAGATGCAAGTATACAT,TGCAAG,-1.9844692708959302,-0.5689928958577628,-0.8604892357828231,-0.722090477546334,-0.10481035999252965,-0.5140843765343374,-0.6735513681978907,,,-0.7924894361016195,0.6373003224682241,0.656070073232364,0.680996785728923,2.01806364469021
240,RBS_BA_1697,bandit2,Third_Plate,1,TTTAAGAGCTCCGTATACAT,GCTCCG,-1.3310051989480873,-0.8993579849373524,-0.2750945672562073,-1.0080929771705636,-1.6989397322818725,-1.135034082081092,-1.1119697947473537,,,-1.0579207571125293,0.4757874961968397,0.688768726370992,0.664321821389791,2.01741236915057
241,RBS_BA_1591,bandit2,Third_Plate,1,TTTAAGAGCGTTATATACAT,GCGTTA,-1.1039914825476536,-1.1704411952436435,-0.652334145527497,-0.7445126054421692,-0.7056910036894417,-0.624940245421071,-1.122532221472563,,,-0.8336517796452458,0.2396943916513513,0.698649320999237,0.658400881387556,2.01545108377435
242,RBS_BA_3448,bandit2,Third_Plate,1,TTTAAGATGTTATTATACAT,TGTTAT,-1.6877442856522906,-1.1759673855089554,-0.793420545827442,-0.7173818684820051,-0.8572722964355912,-0.9056226588090861,-1.001596914157131,,,-1.022901506785895,0.3612855403073422,0.695268149210715,0.660050666483462,2.01536948217764
243,RBS_BA_3293,bandit2,Third_Plate,1,TTTAAGATGGGGTTATACAT,TGGGGT,0.45250014861454835,0.2352164292407416,0.47841689879158233,-0.2747825299994485,-0.7478305203843125,0.2679088023926933,-0.022264101160402727,,,0.06857153810930076,0.4831737988568736,0.992796520473484,0.510303631020066,2.01340378251362
244,RBS_BA_1397,bandit2,Third_Plate,1,TTTAAGAGGCTGTTATACAT,GGCTGT,1.3931799710810415,0.7438491566869496,0.8091547927902016,0.6031922042407288,0.34827754027603686,0.7061462065741565,0.6829767600860909,,,0.7672999786081859,0.3464905426601033,0.824663109775629,0.593224662891421,2.01111243555847
245,RBS_BA_1564,bandit2,Third_Plate,1,TTTAAGAGCGCAGTATACAT,GCGCAG,-0.591136089705827,-0.9315223463844269,-0.3021875129392302,-0.5024275028436656,-0.7245825120889053,-1.217885779262151,-0.052031815484907165,,,-0.7116236238707009,0.32580452507759755,0.649641732070976,0.680089968196839,2.00982166846465
246,RBS_BA_1470,bandit2,Third_Plate,1,TTTAAGAGCAAATTATACAT,GCAAAT,0.2673031955585431,-0.38338382962581746,-0.37195649535972924,-1.4771475353521157,-1.342352973420079,-0.9932565236050727,-1.1320495050957773,,,-0.7167990269673785,0.6699874015796068,0.611422727000464,0.697980776574108,2.00738428014868
247,RBS_BA_1646,bandit2,Third_Plate,1,TTTAAGAGCCTGGTATACAT,GCCTGG,1.086416140316216,0.3641371036598183,-0.20244978585890208,0.5991631410202892,0.5626536445606536,0.6189389977713404,0.5080428665101108,,,0.5048098735782358,0.4203676489645915,0.751185125368623,0.624013421864982,1.99921196909859
248,RBS_BA_3355,bandit2,Third_Plate,1,TTTAAGATGCGGGTATACAT,TGCGGG,0.30376910318005196,0.5272754866944839,1.0715484998008875,1.120224916225046,1.087034801689173,0.9740262598436449,1.0487487895873457,,,0.8473131779055478,0.34529675454793646,0.822346289009308,0.584662065709109,1.99167042042753
249,RBS_BA_2345,bandit2,Third_Plate,1,TTTAAGACGCAATTATACAT,CGCAAT,-1.1131060155655748,0.1593980180344841,-0.4112578020511468,0.45724253770448015,0.5260389917877026,0.4328835186990935,0.4060471498735641,,,0.008533208101506465,0.6490430980875267,0.683762278579672,0.652691762455533,1.98914580349074
250,RBS_BA_3325,bandit2,Third_Plate,1,TTTAAGATGGTGTTATACAT,TGGTGT,-0.8389378636476108,-0.7320053860441686,-0.4643245102443053,-0.6669981142415784,-0.2711001108259677,-0.48225709474612527,0.3591502361412288,,,-0.5759371799582927,0.20783537882068376,0.847543913628027,0.570105921739198,1.98775575710642
251,RBS_BA_3280,bandit2,Third_Plate,1,TTTAAGATGGACGTATACAT,TGGACG,-0.5799999844727274,-0.40474848304437533,-0.48037853607494363,-0.5612362903718708,-1.1970798905217392,0.25862574232046687,-0.9285423345549718,,,-0.49413624036086495,0.46493759209629437,0.719103723945118,0.632339464862296,1.98378265366971
252,RBS_BA_1522,bandit2,Third_Plate,1,TTTAAGAGCATGTTATACAT,GCATGT,-0.7689911421861653,-0.4358868509304792,-0.6918029136810213,-1.2777017076014876,0.21611610539632098,-0.7864177994628083,-0.12588667827690514,,,-0.6241140514109401,0.4940661251031717,0.729154951091003,0.6243645316239,1.9778840143388
253,RBS_BA_1536,bandit2,Third_Plate,1,TTTAAGAGCGAGGTATACAT,GCGAGG,4.1278266939861314,3.5912341860227492,3.21308773225817,1.7559437615918905,1.7951493221834043,1.8247992856589366,1.9228917633843052,,,2.718006830283547,1.0554879637943009,0.769440911952287,0.602045391689033,1.97353169533035
254,RBS_BA_2890,bandit2,Third_Plate,1,TTTAAGACTCTGGTATACAT,CTCTGG,-0.8188223540619817,-0.4675675366787894,-0.10679599712938492,0.2396697312587936,-0.8322776924313784,-0.5659003296528718,-0.5373997329457645,,,-0.4252823631159354,0.42087414368366255,0.815483877724928,0.578407502410714,1.97229888254636
255,RBS_BA_1693,bandit2,Third_Plate,1,TTTAAGAGCTCGGTATACAT,GCTCGG,-0.4824614838203911,-0.18628367496009304,-0.180432386915243,-0.554890202919961,-0.6774253657934708,0.028781276221134806,-0.8604795050614601,,,-0.342118639698004,0.27033023537139067,0.622549474368892,0.672255790464238,1.96706105529737
256,RBS_BA_1365,bandit2,Third_Plate,1,TTTAAGAGGCGGTTATACAT,GGCGGT,0.31244526098761966,0.2657047126700391,0.28953683773013333,0.4697547771882014,0.426788606414079,-0.5242793341222908,0.27618175386941735,,,0.20665847681129698,0.367013118312516,0.719884661365244,0.621536706087029,1.9629580735393
257,RBS_BA_588,bandit2,Third_Plate,1,TTTAAGAACGCATTATACAT,ACGCAT,0.1617079407460311,-0.36074234989774834,-0.1207439928174744,0.20491859617501623,-0.523252769145719,-1.0796469057566644,0.23341396483789986,,,-0.28629324678275986,0.48176824440347554,0.635410080464985,0.660541382878961,1.95649284622291
258,RBS_BA_1162,bandit2,Third_Plate,1,TTTAAGAGACTATTATACAT,GACTAT,0.7951389123845181,0.09863281112367617,0.39496850307663095,0.5853652261051949,0.44774805446401506,0.5379939144230235,0.05611451656816754,,,0.4766412369295098,0.23126670644791628,0.677579410504718,0.637960086800142,1.953499584105
259,RBS_BA_1517,bandit2,Third_Plate,1,TTTAAGAGCATACTATACAT,GCATAC,1.182608770764992,0.649433707089726,0.531290600122086,0.7828699591833418,0.8301595492236299,0.9171242613605827,0.9038618353406161,,,0.8155811412907265,0.22571172726877745,0.72385592487398,0.612820138516415,1.94949620190681
260,RBS_BA_2084,bandit2,Third_Plate,1,TTTAAGACAGTGGTATACAT,CAGTGG,0.46124922600406104,0.6351524139569074,1.2340291912403953,1.3071980950571154,1.1615763240976156,1.0938941473786572,1.2960052185804942,,,0.982183232955792,0.34800140395563534,0.558830237890739,0.694956635411392,1.94874350871352
261,RBS_BA_1658,bandit2,Third_Plate,1,TTTAAGAGCTAAGTATACAT,GCTAAG,0.7105661434504261,0.32965083449789956,0.7398141614057822,0.9128605618728286,0.9847866173131437,1.0271279117221308,0.7229917037202681,,,0.7841343717103685,0.2568304760087998,0.677238678512841,0.634139365906549,1.94551741032594
262,RBS_BA_1548,bandit2,Third_Plate,1,TTTAAGAGCGGAGTATACAT,GCGGAG,2.371111780225277,2.130168760505203,1.8405726722937947,1.4030899701265187,1.5194499043800618,1.6846313786712994,1.4697717610676093,,,1.8248374110336927,0.36950796540679787,0.789157952524236,0.57688195673692,1.94292186599808
263,RBS_BA_2887,bandit2,Third_Plate,1,TTTAAGACTCTACTATACAT,CTCTAC,0.47251950664709036,0.4196428244281182,0.08427697185156295,0.7608431069512054,0.9171245358900512,0.936878317941898,0.6470059660281823,,,0.5985475439516543,0.3330654735554218,0.813209439379929,0.564510213607478,1.94222986659488
264,RBS_BA_3330,bandit2,Third_Plate,1,TTTAAGATGGTTATATACAT,TGGTTA,0.6731953389109054,0.6508454928541115,0.6621541971644651,0.8122032011351361,1.0904850507461918,0.9138888589911904,0.7922418264270504,,,0.8004620233003333,0.17597035470176411,0.706032797824877,0.617108982445548,1.94025076271597
265,RBS_1by1_0,reference,Third_Plate,1,TTTAAGAAGGAGATATACAT,AGGAGA,,2.843336746489421,3.496043270637948,1.9341466660994306,1.8196660912696776,2.2395754377807466,2.019043915370132,,,2.4665536424554446,0.6991520220541895,,,
