,Name,Group,Plate,RBS,RBS6,Rep1,Rep2,Rep3,Rep4,Rep5,Rep6,AVERAGE,STD,Pred Mean,Pred Std,Pred UCB
0,RBS_1by1_0,reference,First_Plate,TTTAAGAAGGAGATATACAT,AGGAGA,2.041125964829603,2.1804301684820837,2.0086865866877694,2.651855443272638,2.696232105031254,1.75973354316173,2.2230106352441794,0.37504720240521255,,,
1,RBS_1by1_1,bps_noncore,First_Plate,CTTAAGAAGGAGATATACAT,AGGAGA,1.2662237610892582,1.401483078389425,1.487750864961843,1.504470396442433,2.117808594701071,1.479172915833759,1.5428182685696317,0.29517714744132395,,,
2,RBS_1by1_2,bps_noncore,First_Plate,GTTAAGAAGGAGATATACAT,AGGAGA,0.42424747379718397,0.5695690126740011,0.6963899096401135,0.19188492805665683,0.3864201226973978,0.3712864163282035,0.4399663105322594,0.17431322315917588,,,
3,RBS_1by1_3,bps_noncore,First_Plate,ATTAAGAAGGAGATATACAT,AGGAGA,1.3564651539060397,1.6036191477371085,1.273798374791373,1.2755033311628021,1.5763868478666032,0.8340583894649433,1.3199718741548117,0.2784807109959464,,,
4,RBS_1by1_4,bps_noncore,First_Plate,TCTAAGAAGGAGATATACAT,AGGAGA,1.257112932547998,1.7853489887356806,1.1337554010317548,1.6542631071545155,1.6029153359486046,1.645724931056081,1.5131867827457723,0.25656748035551735,,,
5,RBS_1by1_5,bps_noncore,First_Plate,TGTAAGAAGGAGATATACAT,AGGAGA,0.015048680307812132,-0.014021176864589306,0.23177148799520852,-0.09659752565868171,0.09679415957841593,0.05022251602357693,0.04720302356362375,0.11135063415491603,,,
6,RBS_1by1_6,bps_noncore,First_Plate,TATAAGAAGGAGATATACAT,AGGAGA,1.0078696985348867,1.0722085792351719,0.6956127740151588,0.6215530993089691,1.0771562567666166,1.2197350354363918,0.9490225738828658,0.23655614004751055,,,
7,RBS_1by1_8,bps_noncore,First_Plate,TTGAAGAAGGAGATATACAT,AGGAGA,1.2219114282879746,1.4099956854366669,,1.7102032581529265,1.622871455072571,1.7209490995773247,1.5371861853054927,0.21599842434770486,,,
8,RBS_1by1_9,bps_noncore,First_Plate,TTAAAGAAGGAGATATACAT,AGGAGA,0.29499873254088116,0.43483536281401486,1.1079560227370977,0.16165552322205162,0.17386590226711904,0.1365839021690315,0.3849825742916993,0.371327381353765,,,
9,RBS_1by1_10,bps_noncore,First_Plate,TTTCAGAAGGAGATATACAT,AGGAGA,1.1901036765221762,0.7352681985909342,0.40283086470476254,1.2466288848029876,1.0629799851684782,1.445772591253474,1.013930700173802,0.3808344555508676,,,
10,RBS_1by1_11,bps_noncore,First_Plate,TTTGAGAAGGAGATATACAT,AGGAGA,1.4606845433555076,1.7206531671641085,1.1010272530161114,1.5058059518187459,1.6722027166648894,1.324831015103338,1.4642007745204502,0.2289519289501575,,,
11,RBS_1by1_12,bps_noncore,First_Plate,TTTTAGAAGGAGATATACAT,AGGAGA,1.5167646102551455,1.2474556956174252,1.328287339477206,1.166634710005808,1.1157841184318822,1.3058031683796576,1.280121607027854,0.1413736461114861,,,
12,RBS_1by1_13,bps_noncore,First_Plate,TTTACGAAGGAGATATACAT,AGGAGA,1.25631567132205,1.2005091834567942,1.3236137930802205,1.4139304769066157,1.2080820739295273,1.5732432271596086,1.3292824043091362,0.143743187003234,,,
13,RBS_1by1_14,bps_noncore,First_Plate,TTTAGGAAGGAGATATACAT,AGGAGA,1.0399127060637743,1.167202514696187,1.3489042364405313,1.2125389665794433,0.9142106478719594,1.0030999421355316,1.1143115022979044,0.15838143122288006,,,
14,RBS_1by1_15,bps_noncore,First_Plate,TTTATGAAGGAGATATACAT,AGGAGA,0.32745585769606395,0.16082353625097057,0.8968980892601784,0.20956542238475226,0.013865166068214408,-0.05700187139553491,0.2586010333774408,0.3416518364414281,,,
15,RBS_1by1_16,bps_noncore,First_Plate,TTTAACAAGGAGATATACAT,AGGAGA,0.6091442981937909,0.6393538399998813,0.41786141828865314,0.4209039233753977,0.6494257695366106,0.7166837037533997,0.5755621588579556,0.1259817093550759,,,
16,RBS_1by1_17,bps_noncore,First_Plate,TTTAAAAAGGAGATATACAT,AGGAGA,0.48700252723178994,0.26154824655187864,-0.0121497350292396,0.23212558643539175,0.31081789905045576,0.6043727692644251,0.3139528822507836,0.21451554148863472,,,
17,RBS_1by1_18,bps_noncore,First_Plate,TTTAATAAGGAGATATACAT,AGGAGA,0.5482413473702756,0.5200602276729274,0.141584332363829,0.429598563876515,0.42474329031107594,0.46298574792782893,0.42120225158707525,0.1455519904540686,,,
18,RBS_1by1_19,bps_noncore,First_Plate,TTTAAGCAGGAGATATACAT,AGGAGA,0.13465574094580232,-0.016428793533015823,0.3505559556148145,0.023351835713518586,0.12938989150520533,0.2276841356066238,0.1415347943088248,0.1343324843105618,,,
19,RBS_1by1_20,bps_noncore,First_Plate,TTTAAGGAGGAGATATACAT,AGGAGA,0.5570574802470438,1.2941541142748756,0.36999802238916274,0.7365656163095843,0.19840982141779606,0.9214849255381309,0.6796116633627656,0.39543500068962256,,,
20,RBS_1by1_21,bps_core,First_Plate,TTTAAGTAGGAGATATACAT,AGGAGA,-0.10243815720174039,0.11599752897552024,0.4763962356015802,0.09622114738174296,-0.26806975853498305,0.00951335272797862,0.054603391491683084,0.2506884929249436,,,
21,RBS_1by1_22,bps_core,First_Plate,TTTAAGACGGAGATATACAT,CGGAGA,0.3930296111654873,0.6718441507282854,-0.041702831597110246,0.46757094550840334,0.5401541911111295,0.7185873865527788,0.458247242244829,0.2736420017121895,,,
22,RBS_1by1_23,bps_core,First_Plate,TTTAAGAGGGAGATATACAT,GGGAGA,-0.8181066329960578,-0.6085573809097626,0.3703494831336365,-0.7506215667854195,-0.5746394282969312,-0.6257839736457259,-0.5012265832500434,0.4369621385609578,,,
23,RBS_1by1_24,bps_core,First_Plate,TTTAAGATGGAGATATACAT,TGGAGA,0.8626610251356809,0.6949271189833404,-0.4629866208355083,0.49740119296775065,0.9806446528105608,0.32633815954653056,0.4831642547680592,0.5208352234198014,,,
24,RBS_1by1_25,bps_core,First_Plate,TTTAAGAACGAGATATACAT,ACGAGA,0.8848994460421316,0.8964713704341983,1.0979105812141687,0.8354640466292135,0.9159780650831079,1.1473218464348316,0.9630075593062752,0.12741871487327538,,,
25,RBS_1by1_26,bps_core,First_Plate,TTTAAGAAAGAGATATACAT,AAGAGA,-0.3050870013079034,-0.45200064738288404,0.8817069163647846,-0.739370756284503,-0.6475491299369213,-0.49833635386214764,-0.2934394954015958,0.5953952364117863,,,
26,RBS_1by1_27,bps_core,First_Plate,TTTAAGAATGAGATATACAT,ATGAGA,-0.873104869006579,-0.7395376192322128,-0.3024291333596104,-0.845246489888524,-0.8020239008173168,-1.5533111059994802,-0.8526088530506205,0.40236789226227937,,,
27,RBS_1by1_28,bps_core,First_Plate,TTTAAGAAGCAGATATACAT,AGCAGA,-0.6671895711169834,-0.8207173129503706,-0.5047385071184374,-0.7264100628090361,-1.0965301861629242,-1.4122072273820527,-0.8712988112566341,0.3295115666423191,,,
28,RBS_1by1_29,bps_core,First_Plate,TTTAAGAAGAAGATATACAT,AGAAGA,-1.8588840327746263,-1.1930608177444062,-0.826602903787805,-1.605012195212474,-1.2538026627965042,-1.4406733927445277,-1.3630060008433906,0.35749944370856884,,,
29,RBS_1by1_30,bps_core,First_Plate,TTTAAGAAGTAGATATACAT,AGTAGA,-1.0646638845581757,-2.208349111763778,-2.273924666566142,-1.1332804295923111,-1.566643923971846,-1.6517135762984092,-1.649762598791777,0.5133427775353312,,,
30,RBS_1by1_31,bps_core,First_Plate,TTTAAGAAGGCGATATACAT,AGGCGA,-1.880980367072906,-1.822635712424125,-1.8485356272464684,-1.1919574926113192,-1.2738671257322476,-1.4331543989555,-1.5751884540070942,0.3121831841571731,,,
31,RBS_1by1_32,bps_core,First_Plate,TTTAAGAAGGGGATATACAT,AGGGGA,-0.4722746978040954,-0.2567672924069911,-1.5788089605000872,-0.4504429214443334,-0.6973482121236194,-0.40252886740917926,-0.643028491948051,0.47998324161963324,,,
32,RBS_1by1_33,bps_core,First_Plate,TTTAAGAAGGTGATATACAT,AGGTGA,-0.4414316712768101,-0.2268181997319469,-0.3937539959675704,-0.49271260767299874,-0.6437583352868644,-0.2100485858836937,-0.4014205659699807,0.16482155030051834,,,
33,RBS_1by1_34,bps_core,First_Plate,TTTAAGAAGGACATATACAT,AGGACA,-0.0814484505087297,-0.17823616072508774,-0.3727755912806973,0.014229724714482252,-0.3516038872088694,0.08467196874400781,-0.147527066044149,0.18856051023383508,,,
34,RBS_1by1_35,bps_core,First_Plate,TTTAAGAAGGAAATATACAT,AGGAAA,-0.30046741152861156,-0.25211315161528497,-0.2254372192886721,-0.5264768694641021,-0.39377218876961234,-0.3128058946551042,-0.3351787892202312,0.11016050149665803,,,
35,RBS_1by1_36,bps_core,First_Plate,TTTAAGAAGGATATATACAT,AGGATA,0.7950523925614823,0.9433248230743501,0.021496207460717887,0.6719791260699602,0.9209546774597903,0.3707503666810179,0.6205929322178866,0.3602187915063131,,,
36,RBS_1by1_37,bps_core,First_Plate,TTTAAGAAGGAGCTATACAT,AGGAGC,0.07131757093542737,-0.03382081977818246,1.0111089766248142,-0.0660011673295191,-0.16327842478458013,-0.08811480704411528,0.12186855477064078,0.4423211403141351,,,
37,RBS_1by1_38,bps_core,First_Plate,TTTAAGAAGGAGGTATACAT,AGGAGG,-0.06767348154351979,0.04985781774882736,0.18408560799598464,-0.2774620539562581,-0.23215545890613679,-0.18396948106423844,-0.08788617495422353,0.17851344662306592,,,
38,RBS_1by1_39,bps_noncore,First_Plate,TTTAAGAAGGAGTTATACAT,AGGAGT,-0.08727526804329223,-0.4239323658336999,0.119402837193846,-0.3725547280184925,-0.28927926247433833,-0.2337709174082064,-0.21456828409736386,0.2012380323859825,,,
39,RBS_1by1_40,bps_noncore,First_Plate,TTTAAGAAGGAGACATACAT,AGGAGA,0.11429617382814794,0.2541822837895575,-0.10021885265622557,0.8255796257294361,0.34572638590740834,0.48401822384721177,0.3205973067409227,0.3182459306835277,,,
40,RBS_1by1_41,bps_noncore,First_Plate,TTTAAGAAGGAGAGATACAT,AGGAGA,0.41286039018295956,0.28211537921853247,0.06722942972586858,0.5681845228412111,0.2917041403118917,0.4978187453331954,0.3533187679356098,0.17961410591498383,,,
41,RBS_1by1_42,bps_noncore,First_Plate,TTTAAGAAGGAGAAATACAT,AGGAGA,-1.9078658565299007,-1.7556676550265014,0.024085394397047308,-1.5956301701794886,-1.6993766973781432,-1.528279390902612,-1.410455729269933,0.7150026095751458,,,
42,RBS_1by1_43,bps_noncore,First_Plate,TTTAAGAAGGAGATCTACAT,AGGAGA,-1.8382375026880238,-1.7812023022543488,-1.6882725085816117,-1.712010179089118,-1.6390328190774108,-1.3620571517748004,-1.6701354105775523,0.16646693551905667,,,
43,RBS_1by1_44,bps_noncore,First_Plate,TTTAAGAAGGAGATGTACAT,AGGAGA,0.6681957407167721,1.1881164595297684,-2.4805513894957434,0.6852674638145395,0.7076512010847662,1.1446934022484743,0.3188954796497629,1.3915286707870052,,,
44,RBS_1by1_45,bps_noncore,First_Plate,TTTAAGAAGGAGATTTACAT,AGGAGA,0.2730030158202269,0.5284923079788518,0.5132844977578013,0.41738809805710675,0.18185389604325555,0.4026944524008936,0.3861193780096894,0.1358036695608705,,,
45,RBS_1by1_46,bps_noncore,First_Plate,TTTAAGAAGGAGATACACAT,AGGAGA,0.43346750519894234,0.33006338312469735,0.20123764121835908,0.6345326769535196,0.28251473104125635,0.49746780410705344,0.39654729027397134,0.1573241813229459,,,
46,RBS_1by1_47,bps_noncore,First_Plate,TTTAAGAAGGAGATAGACAT,AGGAGA,0.9356764370155993,1.1410197940919797,0.23424103085806405,1.025104358416041,1.039898227840811,0.8990767376073052,0.8791694309716335,0.32717528810106145,,,
47,RBS_1by1_48,bps_noncore,First_Plate,TTTAAGAAGGAGATAAACAT,AGGAGA,1.746389148900735,1.6222147017731623,1.0371610595976353,1.954940244393093,1.7086589993669175,1.4189987226748868,1.5813938127844052,0.31849164043483746,,,
48,RBS_1by1_49,bps_noncore,First_Plate,TTTAAGAAGGAGATATCCAT,AGGAGA,0.9732565316436937,0.7092927137104521,1.5289191714782784,1.1701863165658601,1.07687247884027,1.0973369773953947,1.0926440316056583,0.2675186637689788,,,
49,RBS_1by1_50,bps_noncore,First_Plate,TTTAAGAAGGAGATATGCAT,AGGAGA,0.1405649835893934,0.18719867236009358,1.0140118958459163,-0.026011920884425648,-0.1420104769507968,0.06000922006586783,0.20562706233767478,0.4132243342188283,,,
50,RBS_1by1_51,bps_noncore,First_Plate,TTTAAGAAGGAGATATTCAT,AGGAGA,0.8159591750940112,0.5796079535002931,-0.0070613468158341065,0.5689025199767416,0.33976975212940247,0.3494877949847892,0.4411109748115673,0.2812637714835583,,,
51,RBS_1by1_52,bps_noncore,First_Plate,TTTAAGAAGGAGATATAAAT,AGGAGA,0.4695656910079796,0.367827239729986,0.49898314787022113,0.6823539863788683,0.8677860977145229,0.9418187106820965,0.6380558122306125,0.23141470959931512,,,
52,RBS_1by1_53,bps_noncore,First_Plate,TTTAAGAAGGAGATATAGAT,AGGAGA,0.3984625457141046,0.41330801550866797,-0.00024833351754881256,0.6448937958966938,0.3335831996067132,0.5302376736874893,0.38670614948268667,0.21939181892097862,,,
53,RBS_1by1_54,bps_noncore,First_Plate,TTTAAGAAGGAGATATATAT,AGGAGA,0.5014007962682633,0.3537754789642984,0.09880353168609694,0.8185309326971598,0.24865376721842117,0.7695211054001617,0.4651142687057335,0.28716497124711393,,,
54,RBS_1by1_55,bps_noncore,First_Plate,TTTAAGAAGGAGATATACCT,AGGAGA,0.46147110418208415,0.5372245296686123,0.019224013748938704,0.637333527211057,0.5185767860797541,0.9998998048865799,0.5289549609628378,0.31562343429930706,,,
55,RBS_1by1_56,bps_noncore,First_Plate,TTTAAGAAGGAGATATACGT,AGGAGA,0.605520025169665,0.8699724316641526,0.44485743704634834,0.9773508802999207,0.38451681511261215,0.8915812456811377,0.6956331391623061,0.25137896817571526,,,
56,RBS_1by1_57,bps_noncore,First_Plate,TTTAAGAAGGAGATATACTT,AGGAGA,0.6765945442526772,0.7568466640000664,0.5120743705505533,0.791185127470073,0.3450583274014296,0.6790210340065359,0.6267966779468893,0.16833388134652957,,,
57,RBS_1by1_58,bps_noncore,First_Plate,TTTAAGAAGGAGATATACAC,AGGAGA,0.7824503167908454,0.5971187808085168,0.5174146823249403,0.975156533771966,0.9051189078326,1.1441504298836158,0.8202349419020808,0.23623540780340332,,,
58,RBS_1by1_59,bps_noncore,First_Plate,TTTAAGAAGGAGATATACAG,AGGAGA,-0.42722764134877894,-0.9057426555766094,0.5724807595587755,-0.6497149599664928,-0.4175484602321375,-0.5866564567148584,-0.4024015690466836,0.5098445533989212,,,
59,RBS_1by1_60,bps_noncore,First_Plate,TTTAAGAAGGAGATATACAA,AGGAGA,1.8166857890462786,1.6095085432667697,-0.09819788331615112,1.8473478321790475,2.2977240165405033,1.7665900301195063,1.5399430546393258,0.8348688718390566,,,
60,RBS_RU_0,uni random,First_Plate,TTTAAGAGTTGACTATACAT,GTTGAC,0.8246859954308139,0.9508340516043701,1.755311454016209,0.7191653196228336,0.8202551239416264,0.9898419225685263,1.01001564453073,0.37797495397036546,,,
61,RBS_RU_1,uni random,First_Plate,TTTAAGATACCTGTATACAT,TACCTG,-1.1479795267317394,-1.440565538417668,0.9993231462611674,-0.8092794687149572,-1.702053639595547,-0.7604766112188751,-0.81017193973627,0.9574660213358912,,,
62,RBS_RU_2,uni random,First_Plate,TTTAAGAGAAGCGTATACAT,GAAGCG,-1.140777689843084,-1.865105753297738,-0.5209774256701502,-1.1409955664738367,-1.932884115866357,-1.3786922943650095,-1.329905474252696,0.5250187795927093,,,
63,RBS_RU_3,uni random,First_Plate,TTTAAGAGTATGCTATACAT,GTATGC,-0.7507284651406321,-1.5129862376677297,-1.988756393086003,-1.4990858214937648,-1.2085240010550196,-1.1597801358635245,-1.3533101757177792,0.4176267494905898,,,
64,RBS_RU_4,uni random,First_Plate,TTTAAGATCACTTTATACAT,TCACTT,-2.0299173825661865,-1.6046345041133354,-1.9930408187967643,-1.3965024962362051,-1.0710880205044047,-1.6753050600093164,-1.6284147137043687,0.3636803849885259,,,
65,RBS_RU_5,uni random,First_Plate,TTTAAGAGAAGCCTATACAT,GAAGCC,-2.0079654437348053,-1.0739751223007403,-1.2151263690797935,-1.7245188641124785,-1.0657523090668262,-0.9307290114051553,-1.3363445199499664,0.42965791346546617,,,
66,RBS_RU_6,uni random,First_Plate,TTTAAGAATAGAATATACAT,ATAGAA,-1.75408887736843,-1.621089599007776,-1.7969662569988363,-1.105379649605935,-1.0594340770104826,-1.5542900223725569,-1.4818747470606695,0.3219355890843311,,,
67,RBS_RU_7,uni random,First_Plate,TTTAAGATCTGACTATACAT,TCTGAC,-1.9104565490118792,-0.926861785297431,-1.7139840067325887,-1.0924207827315062,-1.0829384374479705,-1.3306055455958932,-1.3428778511362112,0.3907384228420538,,,
68,RBS_RU_8,uni random,First_Plate,TTTAAGATAAGTATATACAT,TAAGTA,-1.1623656264077613,-0.9721762846085598,-1.5653201290012346,-1.536659837421712,-1.3265194006081666,-0.9238797312337211,-1.247820168213526,0.27518996521774725,,,
69,RBS_RU_9,uni random,First_Plate,TTTAAGAGATAAATATACAT,GATAAA,-0.86210951254131,-1.0703007097747483,-1.642836121410026,-1.5730037212831138,-0.940550360115192,-1.3355388021995422,-1.2373898712206552,0.3297042194559212,,,
70,RBS_RU_10,uni random,First_Plate,TTTAAGAGGTCAATATACAT,GGTCAA,-0.39730774058641194,-0.43041984312744513,-0.49820398393234244,-0.3083633053761284,-0.4843962849508555,-0.5018554075998058,-0.43675776092883156,0.075318497619433,,,
71,RBS_RU_11,uni random,First_Plate,TTTAAGACGATCCTATACAT,CGATCC,-0.06507671053680503,-0.27155239351872346,0.1252175127294603,-0.48436581492333364,-0.1502560789263293,-0.5684100388734494,-0.23574058734153006,0.2609561125040724,,,
72,RBS_RU_12,uni random,First_Plate,TTTAAGAACAGACTATACAT,ACAGAC,-0.6550992887727815,-0.9503856076836762,0.255096732119951,-0.8798934744456118,-0.956270184953827,-1.1687416744948522,-0.7258822497051329,0.5080657981529304,,,
73,RBS_RU_13,uni random,First_Plate,TTTAAGAGTTATATATACAT,GTTATA,-0.49947237976569003,-0.9242492132975731,-0.31226573611775194,-1.005429929402822,-1.0282914173148927,-1.34302730149961,-0.8521226628997233,0.3785593414657765,,,
74,RBS_RU_14,uni random,First_Plate,TTTAAGAGGAACATATACAT,GGAACA,-0.6159369510847911,-1.0519026214888019,-0.505444247822732,-1.2019033646929322,-1.3269900124962029,-1.1020142776571467,-0.9673652458737677,0.33060184101190515,,,
75,RBS_RU_15,uni random,First_Plate,TTTAAGACCCGAATATACAT,CCCGAA,0.4011859274699083,0.3444055207603416,-1.8682917837091633,0.3197929366145297,0.12733846891208805,0.30017559100529806,-0.06256555649116625,0.8894021363207716,,,
76,RBS_RU_16,uni random,First_Plate,TTTAAGAAATGTCTATACAT,AATGTC,-1.9757007514664382,-0.9706015609507673,-0.05436411928021285,-1.1954932184750948,-1.3694346927608967,-1.2507599015404058,-1.136059040745636,0.6282660562260702,,,
77,RBS_RU_17,uni random,First_Plate,TTTAAGACGTACCTATACAT,CGTACC,-0.7786999388688743,-1.0328248246351608,-2.0246414662211105,-0.9533164299586312,-0.893960593169056,-1.768712233312846,-1.2420259143609464,0.5201584893650958,,,
78,RBS_RU_18,uni random,First_Plate,TTTAAGAACCGTGTATACAT,ACCGTG,-0.5597727570822228,-0.9961076483549188,-0.7286959758376049,-1.016249807405199,-0.944670459278663,-1.1070503188252916,-0.89209116113065,0.206077815097101,,,
79,RBS_RU_19,uni random,First_Plate,TTTAAGAGGACACTATACAT,GGACAC,-2.185984554679211,-0.790952834602775,-0.4986840041428306,-1.1115237971971574,-0.9072644679790842,-0.792311600540627,-1.0477868765236142,0.5919540865816704,,,
80,RBS_RU_20,uni random,First_Plate,TTTAAGAATCCCATATACAT,ATCCCA,-0.5799462943171819,-0.6724561032635573,-0.5323962924525878,-0.9806407828878957,-0.922217381883467,-0.8249761655488188,-0.7521055033922514,0.18478718362648577,,,
81,RBS_RU_21,uni random,First_Plate,TTTAAGAGAGCGATATACAT,GAGCGA,-0.7387912404771316,-1.301387827411812,-0.3640457769203558,-0.8936525878896676,-0.9227090575170475,-0.7503271455118562,-0.8284856059546452,0.305489601901137,,,
82,RBS_RU_22,uni random,First_Plate,TTTAAGAATATGCTATACAT,ATATGC,0.7605850151197978,0.43866923399752655,-0.22862887337161103,0.44782802269084143,0.44489579771338594,0.6391898515951394,0.41708984129084664,0.3424773524436981,,,
83,RBS_RU_23,uni random,First_Plate,TTTAAGACAACATTATACAT,CAACAT,0.23777124518411213,-0.15263072241122141,0.7877970038343605,-0.29784390946670464,0.00010707721809347497,-0.4694033907042511,0.017632883942398148,0.4489188031727792,,,
84,RBS_RU_24,uni random,First_Plate,TTTAAGAGCTACATATACAT,GCTACA,0.5428202255253906,0.33698931728353543,0.5898633130467421,0.12296015829925207,0.6794527570684996,0.36078391250164804,0.438811613954178,0.20384347483874704,,,
85,RBS_RU_25,uni random,First_Plate,TTTAAGAGAAGACTATACAT,GAAGAC,-0.4087522425571717,-0.4672886145039116,0.7865187208987362,-0.600991270111906,-0.2556614188113236,-0.4860177396170768,-0.2386987607837756,0.5147723116113102,,,
86,RBS_RU_26,uni random,First_Plate,TTTAAGACTCCGTTATACAT,CTCCGT,0.027075815385600558,-0.3368880229529831,0.022757615134401724,-0.3186985607994854,-0.18414283335559745,-0.48575217616063593,-0.2126080271247833,0.20734707233230903,,,
87,RBS_RU_27,uni random,First_Plate,TTTAAGATTACTATATACAT,TTACTA,-0.266873966149973,-0.47448665656681877,0.4040338796093423,-0.6384846527140361,-0.2934888487279277,-0.5529480569857567,-0.3037080502558616,0.37569165761373546,,,
88,RBS_RU_28,uni random,First_Plate,TTTAAGACGAGACTATACAT,CGAGAC,-0.3510860824264374,-0.5742858090489001,-0.21860112585665675,-0.763678877465326,-0.17402226843892346,-0.523006352267575,-0.4341134192506364,0.2267818941824861,,,
89,RBS_1by1_0,reference,Second_Plate,TTTAAGAAGGAGATATACAT,AGGAGA,3.0648570032809,2.9608368807976944,2.763742359740909,3.57438243891198,3.1847957540723257,3.428026420034825,3.1627734761397726,0.299952629344948,,,
90,RBS_BA_00,bandit,Second_Plate,TTTAAGACGGATTTATACAT,CGGATT,1.1610921244337558,1.0729937371503782,1.1240369270570054,0.8198424349063218,1.0758675070175603,1.054251172261952,1.051347317137829,0.12000037683384648,,,
91,RBS_BA_01,bandit,Second_Plate,TTTAAGATTCGGATATACAT,TTCGGA,0.6978961702598874,0.9245878184067492,0.9487167753826028,0.5372547562965391,0.49473401379986354,0.25422302649316747,0.6429020934398015,0.26835810872018767,,,
92,RBS_BA_02,bandit,Second_Plate,TTTAAGACTCGGATATACAT,CTCGGA,0.8920418010791801,0.6694995148633641,0.8357466051161595,0.4806160652322333,0.2631178728915719,0.30992806401309564,0.5751583205326006,0.26603617168647087,,,
93,RBS_BA_03,bandit,Second_Plate,TTTAAGAACCGGATATACAT,ACCGGA,0.7922336295874715,0.28045680045662025,0.7169029124561435,0.4474229966446189,0.2831290364272373,-0.15401201378332835,0.3943555602981272,0.3438636847984294,,,
94,RBS_BA_04,bandit,Second_Plate,TTTAAGAGCCGGATATACAT,GCCGGA,0.8184259897178137,0.8003013364744503,0.6729390916805839,0.5538593163718486,0.13941388218603845,0.09664688838889535,0.5135977508032717,0.32124490565688835,,,
95,RBS_BA_05,bandit,Second_Plate,TTTAAGAATCGGATATACAT,ATCGGA,0.43961867830152696,0.8524763051155253,0.48245687226764905,0.16114706100036427,0.15543956052741753,-0.02104385579530826,0.34501577023619584,0.3127626744149548,,,
96,RBS_BA_06,bandit,Second_Plate,TTTAAGACCGGATTATACAT,CCGGAT,0.8273769771642195,0.9072457661147533,0.6988521099148046,0.4148917714997501,0.2778846488985233,0.14769977494574899,0.5456585080896333,0.3100815547477715,,,
97,RBS_BA_07,bandit,Second_Plate,TTTAAGATAAAGATATACAT,TAAAGA,0.3517912554966786,0.13678381086725597,0.29655394110549244,0.17677023574175016,-0.15365888776280823,-0.1448825843452282,0.11055962851719014,0.21583340004577298,,,
98,RBS_BA_08,bandit,Second_Plate,TTTAAGACGATAATATACAT,CGATAA,-0.10505697998300952,0.45052085443185386,0.0876697063357241,0.009331544039159324,-0.35358497550958856,0.011143887374226879,0.016670672781394343,0.26277675604601136,,,
99,RBS_BA_09,bandit,Second_Plate,TTTAAGAACACACTATACAT,ACACAC,0.2244841003953526,0.06370241382125542,0.2012561165761976,0.06380829816620427,-0.2656970702152681,-0.46738240417115995,-0.029971424237903038,0.27665073990714895,,,
100,RBS_BA_10,bandit,Second_Plate,TTTAAGATATATATATACAT,TATATA,0.6296640976526282,0.5154287482764862,0.4231432705178766,0.35126342023320356,-0.03923675319274588,0.21132108761645405,0.34859731185065046,0.23734173594063418,,,
101,RBS_BA_11,bandit,Second_Plate,TTTAAGACTCTCTTATACAT,CTCTCT,1.8012604281751239,0.9777496006569065,1.2746291413417836,0.9093049230865469,0.6746213529625963,0.8607226535879728,1.083048016635155,0.40250409216554356,,,
102,RBS_BA_12,bandit,Second_Plate,TTTAAGAGTGTGTTATACAT,GTGTGT,0.09249583551267389,0.518757526020371,0.7019351405111024,0.11838776811045147,0.5494959026790167,-0.18714169982260673,0.29898841216850147,0.3420516904562088,,,
103,RBS_BA_13,bandit,Second_Plate,TTTAAGAATATATTATACAT,ATATAT,-0.1877746812981484,0.09352408474738923,0.086182025282968,0.14712238847033982,0.0667422013160398,-0.2398396128101443,-0.00567393238192597,0.16423326355701057,,,
104,RBS_BA_14,bandit,Second_Plate,TTTAAGATGTGTGTATACAT,TGTGTG,-0.08506974804448139,-0.24315936544232633,0.126711263116763,-0.010692460006192485,-0.05059811065752403,-0.5137113084708876,-0.1294199549174415,0.22293305757750817,,,
105,RBS_BA_15,bandit,Second_Plate,TTTAAGATCTCTCTATACAT,TCTCTC,-0.941397387186678,-0.27906797481803314,-0.09738196015984618,-1.3093424570551528,-0.3856600569004827,-0.5403499048185818,-0.5921999568231291,0.4526534783122249,,,
106,RBS_BA_16,bandit,Second_Plate,TTTAAGACACACATATACAT,CACACA,-1.7898098478970061,-1.538477284146523,-0.37755484156643787,-0.2549647435907177,-0.5247756007243002,-1.515942581703228,-1.0002541499380355,0.6853185361064635,,,
107,RBS_BA_17,bandit,Second_Plate,TTTAAGACTAAGATATACAT,CTAAGA,-0.4726737585354237,-1.4043819600440328,-1.4680263256835528,-1.4819514831471063,-0.586553046528125,-1.2330384157515606,-1.1077708316149668,0.4579261036141172,,,
108,RBS_BA_18,bandit,Second_Plate,TTTAAGAATAAGATATACAT,ATAAGA,-1.196896004059247,-0.5586703008036512,-0.41518053403720145,-1.5639915253521464,-0.5963447603966742,-0.5488325036285846,-0.8133192713795842,0.4584826460962434,,,
109,RBS_BA_19,bandit,Second_Plate,TTTAAGATAAGATTATACAT,TAAGAT,-0.7241585960435981,-1.4164364170522794,-1.3886188236066386,-1.6085747911811568,-0.6770899314014146,-0.6215217576080004,-1.072733386148848,0.44422324471125796,,,
110,RBS_BA_20,bandit,Second_Plate,TTTAAGATTAAGATATACAT,TTAAGA,-1.4351824324902782,-1.1925173574008507,-1.8649232324561003,-1.4625192474432678,-0.7223177930767635,-0.6899625849578935,-1.2279037746375259,0.4582690822104665,,,
111,RBS_BA_21,bandit,Second_Plate,TTTAAGAGGTCGATATACAT,GGTCGA,-0.8617151059490264,-0.3974759063115197,-1.485214153364192,-1.8171833361739202,-0.6946877399921781,-0.8105024187875732,-1.0111297767630683,0.5317444974336362,,,
112,RBS_BA_22,bandit,Second_Plate,TTTAAGAGGTAGATATACAT,GGTAGA,1.3398455355116419,0.8193387217009127,1.0715805605558932,1.481631919223089,1.2049279660427954,1.2682173553065528,1.1975903430568142,0.23017859443748825,,,
113,RBS_BA_24,bandit,Second_Plate,TTTAAGAGGGGGATATACAT,GGGGGA,0.5156398058856971,1.1159441230078895,1.6459317350383378,1.892121148313302,2.269331618467557,2.040617413557014,1.5799309740449663,0.6538078522011024,,,
114,RBS_BA_25,bandit,Second_Plate,TTTAAGAGGGGATTATACAT,GGGGAT,0.5350987129164008,1.3489180027749113,1.5783666574461324,2.346859796698248,2.3048585213485526,2.4899229951766073,1.767337447726809,0.7584328608371982,,,
115,RBS_BA_26,bandit,Second_Plate,TTTAAGAGGGATCTATACAT,GGGATC,-0.5361891075506893,-0.5954149577460054,-0.06738142782568059,-0.2868129990102615,-0.356491364187343,-0.44931064465170867,-0.38193341682861476,0.19107434311072446,,,
116,RBS_BA_27,bandit,Second_Plate,TTTAAGAGGGATTTATACAT,GGGATT,-0.19305331566372863,-0.5853031180115165,-0.7721232900088221,-0.17343964300782205,-0.2460464510152171,-0.5093437313496187,-0.41321825817612085,0.24559272251643915,,,
117,RBS_BA_28,bandit,Second_Plate,TTTAAGAGGGATGTATACAT,GGGATG,-0.18231423850588735,-0.3695092120535795,-1.0768279271466434,-1.0585414341319432,-0.3561378695532692,-0.48115496075139863,-0.5874142736904535,0.3841497095106046,,,
118,RBS_BA_29,bandit,Second_Plate,TTTAAGAGGGATATATACAT,GGGATA,-0.5585450190891282,-0.26364216618362896,-0.5151153376722987,-0.15872289506525958,-0.2698217771227561,-0.41017699634513227,-0.36267069857970063,0.15740727095854437,,,
119,RBS_BA_30,bandit,Second_Plate,TTTAAGAGGATCTTATACAT,GGATCT,-1.1791042486014562,-1.1168444968658382,-2.0865621172049176,-1.86493240318984,-0.8043717473732604,-2.0072266383106263,-1.5098402752576565,0.5417766221325921,,,
120,RBS_BA_31,bandit,Second_Plate,TTTAAGAGGATTTTATACAT,GGATTT,0.48337432261845664,0.6676397377860869,0.5193408586975238,0.7753425657778373,0.630567373438048,0.9665900664846576,0.6738091541337684,0.17779960009075102,,,
121,RBS_BA_32,bandit,Second_Plate,TTTAAGAGGATAGTATACAT,GGATAG,0.5012370746154126,0.3720860214024638,0.2129132686827732,0.5841820127172022,0.26943851397033797,0.5817554386214605,0.420268721668275,0.1597304034651583,,,
122,RBS_BA_33,bandit,Second_Plate,TTTAAGAGGATTATATACAT,GGATTA,0.8620536038337523,1.0572206137856632,0.7654620247264008,1.2448628972208922,1.1221715645504493,0.6592715218243521,0.9518403709902516,0.22555486914033582,,,
123,RBS_BA_34,bandit,Second_Plate,TTTAAGAGGATATTATACAT,GGATAT,1.6260519179262534,1.128454901222312,1.6255498944401694,1.483516302841,1.3993828971451108,1.9938224628976766,1.5427963960787539,0.28738982996962065,,,
124,RBS_BA_35,bandit,Second_Plate,TTTAAGAGGATACTATACAT,GGATAC,1.6371859149796864,1.9779480454676244,1.4351544688940818,1.217847736859798,1.1248192440743594,1.9508467205357498,1.5573003551352167,0.3620476578512079,,,
125,RBS_BA_36,bandit,Second_Plate,TTTAAGAGGATGCTATACAT,GGATGC,1.0376888275603817,1.8509731049802214,1.0699082755355025,0.8955334001447169,1.5723677344172686,1.4195323212540092,1.3076672773153502,0.36797646158174785,,,
126,RBS_BA_37,bandit,Second_Plate,TTTAAGAGGATGTTATACAT,GGATGT,0.4610765566276545,1.3274567780796849,0.892988200060171,1.1500190757604172,1.296197855865392,1.4847968007266044,1.102089211186654,0.3719815945217539,,,
127,RBS_BA_38,bandit,Second_Plate,TTTAAGAGGATTCTATACAT,GGATTC,0.0917122814723593,0.11882420543637573,0.03165035008305504,-0.02693834676111017,0.20231682818305546,-0.2641644108703716,0.025566817923893953,0.16189546962226847,,,
128,RBS_BA_39,bandit,Second_Plate,TTTAAGAGGATCGTATACAT,GGATCG,-1.2673784836230042,-0.5471484632676623,-0.3090931947529593,-0.24006014804997278,-0.43162321992739067,-0.7452591352712974,-0.5900937741487144,0.3771559222078959,,,
129,RBS_BA_40,bandit,Second_Plate,TTTAAGAGGATTGTATACAT,GGATTG,0.656858509380453,0.6093618449775888,0.24153256403155804,0.7761992136334559,0.4935814117942819,0.7673886441557509,0.5908203646621815,0.20085013300646606,,,
130,RBS_BA_41,bandit,Second_Plate,TTTAAGAGGATCCTATACAT,GGATCC,-0.8423117251800887,-0.7261455027275134,-0.9460605773381433,-0.9595328173915005,-0.5825466131462441,-0.5644496540161809,-0.7701744816332784,0.1740469779137305,,,
131,RBS_BA_42,bandit,Second_Plate,TTTAAGAGGATGATATACAT,GGATGA,0.3832356818416814,0.28049283613889076,0.3723969359175241,0.6892778889350697,0.5491332581624647,0.6762346636686417,0.4917952107773787,0.1714612402400092,,,
132,RBS_BA_43,bandit,Second_Plate,TTTAAGAGGATCATATACAT,GGATCA,-1.3935315879877568,-1.0789916891814832,-2.497835943593622,-0.6113904835744853,-0.6445343353332287,-1.2740198529782067,-1.2500506487747973,0.690206842149277,,,
133,RBS_BA_44,bandit,Second_Plate,TTTAAGACCCCGATATACAT,CCCCGA,-1.3955233364498643,-1.901830815298218,-1.8065916670872195,-0.809657627441109,-1.5653072742353633,-1.3738368692443412,-1.4754579316260192,0.3897493337869974,,,
134,RBS_BA_45,bandit,Second_Plate,TTTAAGATTTTTGTATACAT,TTTTTG,-1.2714588265335722,-1.3849742269319567,-1.4608583410089087,-1.4031308812827528,-0.9614234535719776,-1.1811071372875797,-1.277158811102791,0.18449166566838374,,,
135,RBS_BA_46,bandit,Second_Plate,TTTAAGATTTTTATATACAT,TTTTTA,0.4313624010827707,-0.22716218985439995,-0.028115543125973173,-0.256613283332401,-0.3217941685732993,-0.34095337347004306,-0.12387935954555764,0.29395277103477746,,,
136,RBS_BA_47,bandit,Second_Plate,TTTAAGAGTTTTTTATACAT,GTTTTT,1.06899655151356,0.3651074867123845,0.7285903547557254,0.6100856284227629,0.43945094106886945,0.7020285300816564,0.6523765820924932,0.24959785276769286,,,
137,RBS_BA_48,bandit,Second_Plate,TTTAAGACTTTTTTATACAT,CTTTTT,-1.6097186681482287,-0.11014241413971859,-0.13798385081878015,-0.3451827839474012,-0.06127987326080298,-0.4059162519826595,-0.44503730704959854,0.5868032443490149,,,
138,RBS_BA_49,bandit,Second_Plate,TTTAAGACCCCCTTATACAT,CCCCCT,-1.1422594539230062,-1.0854574875246348,-0.978046022783428,-0.2958452800994388,-1.9804839779902224,-0.5012615019642037,-0.9972256207141555,0.5888801777126415,,,
139,RBS_BA_50,bandit,Second_Plate,TTTAAGACCCCCGTATACAT,CCCCCG,0.8500545793758519,0.38168016954467804,0.5415460844588452,0.5907980675301605,0.7916464613919127,0.7529662948166292,0.6514486095196795,0.17772882367532045,,,
140,RBS_BA_51,bandit,Second_Plate,TTTAAGACCCCCATATACAT,CCCCCA,-1.10891363340473,-2.4179251190275703,-1.66980680443731,-0.6452777758761509,-1.9023461176284373,-0.9448462630086689,-1.4481859522304779,0.6646637342764297,,,
141,RBS_BA_52,bandit,Second_Plate,TTTAAGATTTTTCTATACAT,TTTTTC,-1.345477443663613,-1.7443928556710184,-1.8891234998289186,-1.5234309160440132,-2.46191415383501,-1.6112600072622014,-1.7625998127174622,0.3897375663171734,,,
142,RBS_BA_53,bandit,Second_Plate,TTTAAGAGCCCCCTATACAT,GCCCCC,-1.3971000596421785,-1.4228215371280553,-1.5012594229815244,-0.7214229121931939,-1.7086234526067166,-0.8818055055380366,-1.2721721483482844,0.3839228512845009,,,
143,RBS_BA_54,bandit,Second_Plate,TTTAAGAATTTTTTATACAT,ATTTTT,-1.5977161287267105,-1.5955660062838812,-0.9985542614273386,-1.440544560565942,-0.6722197179259161,-0.7913002583444579,-1.1826501555457078,0.41397440934040014,,,
144,RBS_BA_55,bandit,Second_Plate,TTTAAGAACCCCCTATACAT,ACCCCC,-1.4819160450251319,-1.2977050010661866,-2.064535183712788,-2.1593760887892466,-1.8753873751802663,-0.8559984406112101,-1.6224863557308045,0.5020683901693959,,,
145,RBS_BA_56,bandit,Second_Plate,TTTAAGATCCCCCTATACAT,TCCCCC,-1.2504112581383033,-1.5329954623022133,-0.8128589615483641,-1.6458574590498232,-0.8177011221443625,-0.8682368068218663,-1.1546768450008222,0.3757628103971124,,,
146,RBS_BA_57,bandit,Second_Plate,TTTAAGAGGATAATATACAT,GGATAA,1.0348073148939625,0.2522617610358832,0.591071961725852,0.5928926758202921,0.8421939460881325,0.257133256999481,0.5950601527606004,0.31182642809121114,,,
147,RBS_BA_58,bandit,Second_Plate,TTTAAGACCCCCCTATACAT,CCCCCC,0.6688468166801604,-0.030187714105332452,0.22103442691849973,-0.14248811919689053,-0.23442112678710578,-0.24882394296850674,0.038993390090137435,0.35360151490505454,,,
148,RBS_BA_59,bandit,Second_Plate,TTTAAGATTTTTTTATACAT,TTTTTT,1.157338871720488,0.44752524749890776,0.7668399982650536,0.3605385164152158,0.33131666863349213,0.41700371695333904,0.5800938365810827,0.3232192430327685,,,
149,RBS_RP_30,prob random,Second_Plate,TTTAAGAGAAAGATATACAT,GAAAGA,0.1312348418128043,0.07054760500052695,-0.002328186261271543,-0.291981436707944,0.06253699049134631,-0.18389517722890072,-0.03564756048223979,0.16586859141380464,,,
150,RBS_RP_31,prob random,Second_Plate,TTTAAGACGGGGGTATACAT,CGGGGG,0.624294218901343,1.0858605166357282,1.217218861176665,1.669753340511896,1.6601825144777211,1.8823334113922283,1.3566071438492635,0.4681071894472108,,,
151,RBS_RP_32,prob random,Second_Plate,TTTAAGATGAGGGTATACAT,TGAGGG,0.9464168815913596,0.4109157309102682,0.7088389769849456,0.8932685244320189,0.9296060761012722,1.3616661652348871,0.875118725875792,0.3124879196716969,,,
152,RBS_RP_33,prob random,Second_Plate,TTTAAGACCGGGATATACAT,CCGGGA,-1.2318171380146836,-0.7990932487896947,-0.36884761241701625,-0.41603667113508364,-1.6639063935563563,-1.0192169207191129,-0.9164863307719912,0.4965406339322643,,,
153,RBS_RP_34,prob random,Second_Plate,TTTAAGAAAGGGTTATACAT,AAGGGT,0.5286895302751524,0.2385507049214115,-0.07936085895898277,0.16201724301933731,0.2296166619270919,0.21705515337948483,0.21609473909391586,0.1942276626385052,,,
154,RBS_RP_35,prob random,Second_Plate,TTTAAGACTGTAGTATACAT,CTGTAG,-1.1594336727128505,-0.5461808863051806,-0.41858131972638746,-0.5938164464042384,-1.5013762917159759,-1.3054899354761638,-0.9208130920567994,0.4563951211760955,,,
155,RBS_RP_36,prob random,Second_Plate,TTTAAGACTGACATATACAT,CTGACA,-0.9188408238955261,-1.4294942874334926,-1.3149684242862265,-1.1412582499330601,-0.6486409205042689,-0.7248436054364356,-1.0296743852481682,0.3175191287622297,,,
156,RBS_RP_37,prob random,Second_Plate,TTTAAGACGTGTGTATACAT,CGTGTG,-1.2709215689293072,-0.9529686246369761,-0.5865330851480153,-0.9438990636592002,-0.5880425745235964,-0.6939997188708649,-0.8393941059613267,0.26769095045282154,,,
157,RBS_RP_38,prob random,Second_Plate,TTTAAGAGAGGGGTATACAT,GAGGGG,-1.2578358104253897,-1.316763299838237,-0.954782416059791,-0.591436664234732,-0.7351837909971043,-0.7421507759309893,-0.9330254595810406,0.2984919546684066,,,
158,RBS_RP_39,prob random,Second_Plate,TTTAAGACTAGGATATACAT,CTAGGA,0.34524392370051543,-0.059415123785052204,-0.27103593129775394,-0.11350304857873408,-0.07714278329308584,-0.2388851096758026,-0.06912301215498555,0.2206427436651304,,,
159,RBS_RP_40,prob random,Second_Plate,TTTAAGAATTGGGTATACAT,ATTGGG,0.7410281438034284,-0.07872879332504423,0.19777431692315178,0.012272046196439306,0.0905150311976085,-0.2903819763463128,0.11207979474154516,0.3497798156220831,,,
160,RBS_RP_41,prob random,Second_Plate,TTTAAGATACTGATATACAT,TACTGA,0.47428686266149556,0.886009053986695,0.7021321931586227,0.24419979108166898,0.42014496152990444,0.327309954310876,0.5090138027882105,0.24152288205891062,,,
161,RBS_RP_42,prob random,Second_Plate,TTTAAGAAGAGCGTATACAT,AGAGCG,-0.0038426607274431334,0.468516174447123,0.11286724271603538,-0.03495972277842447,0.11642134943742107,-0.05219052125236563,0.10113531030705769,0.19410875488915616,,,
162,RBS_RP_43,prob random,Second_Plate,TTTAAGAAGGGGTTATACAT,AGGGGT,0.6125882682240026,1.3204536816078147,1.0028985769827705,1.2251305593889987,1.5476920606429518,1.6614114767664563,1.2283624372688324,0.38157722700668273,,,
163,RBS_RP_45,prob random,Second_Plate,TTTAAGACAAGCCTATACAT,CAAGCC,-1.4110349455211222,-0.5778744440317698,-0.16953379542124747,-0.5860759963629726,-1.6088698871291391,-0.6528499221442796,-0.8343731651017552,0.5540377486332144,,,
164,RBS_RP_46,prob random,Second_Plate,TTTAAGACAATTGTATACAT,CAATTG,-0.5957406109681399,-1.4975969225130623,-0.2427210891318467,-0.4182182473270372,-0.5102931244090063,-0.6894784715309068,-0.6590080776466666,0.43853237154999364,,,
165,RBS_RP_47,prob random,Second_Plate,TTTAAGATATTTTTATACAT,TATTTT,-0.4711884008824515,-0.17880929723539393,-1.0072047167792366,-0.5421840051343346,-0.4201624301284132,-1.3227443636931806,-0.6570488689755017,0.4238693036471035,,,
166,RBS_RP_48,prob random,Second_Plate,TTTAAGATCCGGCTATACAT,TCCGGC,-0.9127022512839386,-0.6604552679424849,-0.33915607245270096,-0.4521677517688445,-1.549237327083618,-0.5421651625248457,-0.7426473055094055,0.44127957452741606,,,
167,RBS_RP_49,prob random,Second_Plate,TTTAAGATGGGAGTATACAT,TGGGAG,1.4230231330443457,1.2449391644912131,1.1662885628043078,1.6297189306049944,1.4823085133407528,1.7752260869447767,1.453584065205065,0.22904477542484522,,,
168,RBS_RP_50,prob random,Second_Plate,TTTAAGAAAAGTGTATACAT,AAAGTG,-0.5964053942622185,-0.482029274751297,-0.13253986475801666,-0.3219528929709003,-0.3162977575039908,-0.5208974949242023,-0.39502044652843754,0.16994331386197245,,,
169,RBS_RP_51,prob random,Second_Plate,TTTAAGACGGGAGTATACAT,CGGGAG,0.7444513245815975,0.7315421202805079,0.5322275443100589,0.7192725436902196,0.6421927495354749,0.6764096703774732,0.6743493254625553,0.07929727948673342,,,
170,RBS_RP_52,prob random,Second_Plate,TTTAAGATAAGAGTATACAT,TAAGAG,0.0831980195185446,-0.05026983958777488,-0.08345493865361465,-0.40782044100182646,-0.3614017532418306,-0.6259209694866612,-0.24094498707552722,0.26713014529140156,,,
171,RBS_RP_53,prob random,Second_Plate,TTTAAGATAAGGGTATACAT,TAAGGG,0.9965356651577421,0.9286405100532458,0.8162712990894109,0.4297847808872664,0.5375034758167836,0.7534336774290176,0.7436949014055777,0.2211560421884018,,,
172,RBS_RP_54,prob random,Second_Plate,TTTAAGATAGTCTTATACAT,TAGTCT,1.0810766902528184,1.1361533263918966,0.6952949704031329,0.514576651849801,0.4675737317244914,0.49824964128752874,0.7321541686516114,0.3027787830659632,,,
173,RBS_RP_55,prob random,Second_Plate,TTTAAGAAAGTAGTATACAT,AAGTAG,0.6762074540424562,0.5858939573324268,0.6540945896208058,0.14628772058302053,0.2905831665381225,-0.08841355020242088,0.3774422229857351,0.3121691278413213,,,
174,RBS_RP_57,prob random,Second_Plate,TTTAAGACCACGCTATACAT,CCACGC,0.09670362892457472,0.5109885584082646,0.20703541610725557,0.08166918726484915,0.15064631473147447,0.13989115778426578,0.19782237720344742,0.1596597062357328,,,
175,RBS_RP_58,prob random,Second_Plate,TTTAAGAGTAATGTATACAT,GTAATG,0.16675685550744876,0.3644147732496851,0.522908396069903,-0.038800588804634314,0.3268414104597206,0.09422521086746939,0.23939100955826542,0.2036664024348159,,,
176,RBS_RP_59,prob random,Second_Plate,TTTAAGACATTGATATACAT,CATTGA,0.5749815854737869,0.3645016340952064,0.39749773154601825,-0.012535455782433683,0.32192540646913226,-0.09716307860500911,0.2582013038661168,0.25872611016025093,,,
177,RBS_BA_3385,bandit2,Third_Plate,TTTAAGATGCTATTATACAT,TGCTAT,0.8546203305100698,1.5076107949921245,1.394993573366601,,,,1.2524082329562651,0.3490659982740669,1.14803745152305,0.751928955265188,2.65189536205342
178,RBS_BA_3387,bandit2,Third_Plate,TTTAAGATGCTGGTATACAT,TGCTGG,0.6207190546455,1.4685070138414373,0.9052763337740161,,,,0.9981674674203179,0.4314599378528375,0.993331269208016,0.746657417660159,2.48664610452833
179,RBS_BA_1534,bandit2,Third_Plate,TTTAAGAGCGAATTATACAT,GCGAAT,0.8453975235356064,1.3229359337390156,0.9537390747321499,,,,1.0406908440022573,0.2503621196173682,0.942981804940697,0.769577107643652,2.482136020228
180,RBS_BA_1896,bandit2,Third_Plate,TTTAAGAGTCTATTATACAT,GTCTAT,0.6417869697364195,0.7220593869831149,0.5830415475420344,,,,0.6489626347538563,0.0697861558408855,1.00067569602295,0.724696180383174,2.4500680567893
181,RBS_BA_2393,bandit2,Third_Plate,TTTAAGACGCTATTATACAT,CGCTAT,0.5854523854901758,0.40692463585418537,0.1391656008831218,,,,0.3771808740758276,0.22462522577010693,1.02273446088958,0.697814947700661,2.4183643562909
182,RBS_BA_3384,bandit2,Third_Plate,TTTAAGATGCTACTATACAT,TGCTAC,0.40630350511224195,0.6977942754788474,0.45906263554337123,,,,0.5210534720448202,0.15531859244739926,0.992106203385378,0.70358175004296,2.3992697034713
183,RBS_BA_1582,bandit2,Third_Plate,TTTAAGAGCGTATTATACAT,GCGTAT,0.6368166205693598,0.6058574932212254,0.39836064090759615,,,,0.5470115848993938,0.12966280983296222,0.949465042764394,0.724264752385804,2.397994547536
184,RBS_BA_1584,bandit2,Third_Plate,TTTAAGAGCGTGGTATACAT,GCGTGG,0.9197675431489726,0.9416022229942537,0.6928351020442932,,,,0.8514016227291732,0.13775592336653922,0.866603296446494,0.741152229893558,2.34890775623361
185,RBS_BA_1707,bandit2,Third_Plate,TTTAAGAGCTTATTATACAT,GCTTAT,0.5478384731130042,0.4683139526864177,0.4479431697694987,,,,0.4880318651896402,0.05278602999503085,0.939491622297344,0.698290595900061,2.33607281409747
186,RBS_BA_3389,bandit2,Third_Plate,TTTAAGATGCTGTTATACAT,TGCTGT,0.4082160054829559,0.37351568845767746,0.1762005803840319,,,,0.31931075810822174,0.12514559611348938,0.990406216882032,0.67232582103987,2.33505785896177
187,RBS_BA_3357,bandit2,Third_Plate,TTTAAGATGCGGTTATACAT,TGCGGT,0.525276322501055,0.2290724458843986,-0.2668593135261605,,,,0.1624964849530977,0.40024240829340524,0.905292390741036,0.699656905576232,2.3046062018935
188,RBS_BA_3321,bandit2,Third_Plate,TTTAAGATGGTATTATACAT,TGGTAT,0.8755833963214482,0.7296425342989417,0.6161429334208944,,,,0.7404562880137614,0.13005783867021237,0.976045189890896,0.660337800692257,2.29672079127541
189,RBS_BA_1393,bandit2,Third_Plate,TTTAAGAGGCTATTATACAT,GGCTAT,2.8257960152759143,2.763317374052053,2.867769423894113,,,,2.8189609377406932,0.05256040708305452,0.981957531022256,0.653170521520107,2.28829857406247
190,RBS_BA_1898,bandit2,Third_Plate,TTTAAGAGTCTGGTATACAT,GTCTGG,0.2611166462083877,0.7090474112721551,0.09517527294118967,,,,0.3551131101405775,0.31754724369544535,0.842622689646306,0.719319620242034,2.28126193013037
191,RBS_BA_3337,bandit2,Third_Plate,TTTAAGATGCAATTATACAT,TGCAAT,-0.7434931647189676,0.24063302024752875,0.15391714477519366,,,,-0.11631433323208173,0.5448806068889542,0.808371343390833,0.733563473958964,2.27549829130876
192,RBS_BA_1566,bandit2,Third_Plate,TTTAAGAGCGCATTATACAT,GCGCAT,-0.23754152636816128,0.16659804150713087,-0.06869898920281331,,,,-0.04654749135461458,0.20297835900237254,0.808577573619486,0.73220886216019,2.27299529793987
193,RBS_BA_1540,bandit2,Third_Plate,TTTAAGAGCGACGTATACAT,GCGACG,0.2109083561871168,0.30364250718444036,-0.15962966139639073,,,,0.11830706732505548,0.24512552818827885,0.771644941977455,0.744674287379479,2.26099351673641
194,RBS_BA_1709,bandit2,Third_Plate,TTTAAGAGCTTGGTATACAT,GCTTGG,-0.6008393783887089,-0.47275716916408683,-0.49354981168789686,,,,-0.5223821197468975,0.06873674105579784,0.840590789024527,0.701300050653059,2.24319089033064
195,RBS_BA_2395,bandit2,Third_Plate,TTTAAGACGCTGGTATACAT,CGCTGG,-0.6417994569274561,-0.396780784845069,-0.4919706407437598,,,,-0.5101836275054283,0.12352053303940855,0.869239961703417,0.680588220157125,2.23041640201767
196,RBS_BA_1691,bandit2,Third_Plate,TTTAAGAGCTCATTATACAT,GCTCAT,-0.9152081116759441,-0.761698334886322,-0.532510998621739,,,,-0.7364724817280016,0.1925916089441064,0.807598209887425,0.704029789309401,2.21565778850623
197,RBS_BA_1532,bandit2,Third_Plate,TTTAAGAGCGAAGTATACAT,GCGAAG,-0.1152581589913759,-0.26598590007532436,0.054810526328347306,,,,-0.10881117757945097,0.16049535655381392,0.783336180702479,0.707863947538616,2.19906407577971
198,RBS_BA_1895,bandit2,Third_Plate,TTTAAGAGTCTACTATACAT,GTCTAC,0.14122415267578506,-0.5876965629180294,-0.8837642669797218,,,,-0.4434122257406554,0.5275071493098543,0.840592070591551,0.679061577854074,2.1987152262997
199,RBS_BA_1660,bandit2,Third_Plate,TTTAAGAGCTAATTATACAT,GCTAAT,0.14156839256562,-0.6315651491579803,-0.5136509266644257,,,,-0.334549227752262,0.41652362748040717,0.851455055623273,0.667897595070624,2.18725024576452
200,RBS_BA_1518,bandit2,Third_Plate,TTTAAGAGCATATTATACAT,GCATAT,0.9009096488058982,0.35870903225084033,0.21861779582366075,,,,0.4927454922934664,0.36035381589078896,0.844330327119884,0.667578471238556,2.17948726959699
201,RBS_BA_1644,bandit2,Third_Plate,TTTAAGAGCCTATTATACAT,GCCTAT,0.21774473682455975,0.8527467601204187,0.9900367762556505,,,,0.686842757733543,0.41200952907444593,0.89930686707481,0.636542777989195,2.1723924230532
202,RBS_BA_2397,bandit2,Third_Plate,TTTAAGACGCTGTTATACAT,CGCTGT,-1.1506355580410645,-0.11147348679418011,-0.5203843867065447,,,,-0.5941644771805964,0.5234950610008638,0.864770170289499,0.651553650359683,2.16787747100887
203,RBS_BA_3323,bandit2,Third_Plate,TTTAAGATGGTGGTATACAT,TGGTGG,0.5950511413062057,0.8140303481115019,0.9259167504459238,,,,0.7783327466212105,0.1682966187775884,0.871722751155788,0.644897324894198,2.16151740094418
204,RBS_BA_1679,bandit2,Third_Plate,TTTAAGAGCTGGTTATACAT,GCTGGT,-0.07356432382588461,-0.6513534500007202,-0.6656854980219782,,,,-0.46353442394952765,0.3378000312950756,0.776204560363088,0.688183700296658,2.1525719609564
205,RBS_BA_175,bandit2,Third_Plate,TTTAAGAAACTATTATACAT,AACTAT,-0.8418766321632855,-0.6247182073695065,-0.8918732188924706,,,,-0.7861560194750875,0.14202654700519865,0.778847878412223,0.681494262117641,2.14183640264751
206,RBS_BA_2392,bandit2,Third_Plate,TTTAAGACGCTACTATACAT,CGCTAC,-0.29127975756920954,-0.8295363267541612,-0.8044902192615964,,,,-0.6417687678616557,0.3037906131317525,0.866963038062502,0.635823805108942,2.13861064828039
207,RBS_BA_557,bandit2,Third_Plate,TTTAAGAACGAATTATACAT,ACGAAT,-0.7982962156182788,-0.8889304078562086,-0.6142233194579632,,,,-0.7671499809774835,0.13997700544476926,0.826173902002916,0.652285885231586,2.13074567246609
208,RBS_BA_1520,bandit2,Third_Plate,TTTAAGAGCATGGTATACAT,GCATGG,-0.41135696137599487,-1.0043093812268908,-0.4160544195342021,,,,-0.6105735873790293,0.340993288857774,0.716536690695339,0.702505285285816,2.12154726126697
209,RBS_BA_3888,bandit2,Third_Plate,TTTAAGATTCTATTATACAT,TTCTAT,-0.5072494909673816,-0.6259409657623715,-1.689730454471707,,,,-0.9409736370671533,0.6511524362655795,0.874310383802822,0.622919661092807,2.12014970598844
210,RBS_BA_1581,bandit2,Third_Plate,TTTAAGAGCGTACTATACAT,GCGTAC,-0.19371311325948812,-1.1891657774755455,-1.0236220231915494,,,,-0.8021669713088609,0.5333978409001904,0.780559295004924,0.669432782031084,2.11942485906709
211,RBS_BA_3394,bandit2,Third_Plate,TTTAAGATGCTTATATACAT,TGCTTA,-0.2417390807077718,-1.2752204849521551,-1.3438145766228073,,,,-0.9535913807609114,0.6174354704511551,0.781305937587681,0.667292176470486,2.11589029052865
212,RBS_BA_1711,bandit2,Third_Plate,TTTAAGAGCTTGTTATACAT,GCTTGT,0.8865170499220263,0.3761284438922475,0.12893032078829297,,,,0.46385860486752223,0.38633773941778954,0.832763242220175,0.641348988184561,2.1154612185893
213,RBS_BA_1395,bandit2,Third_Plate,TTTAAGAGGCTGGTATACAT,GGCTGG,1.853574733898397,1.713427823253158,2.6197371226810806,,,,2.062246559944212,0.4878596978603112,0.829653313392471,0.641141920873266,2.111937155139
214,RBS_BA_2365,bandit2,Third_Plate,TTTAAGACGCGGTTATACAT,CGCGGT,-0.670573687293266,0.18047604387794627,-0.4940785671356308,,,,-0.3280587368503169,0.4491584901430914,0.780626893498879,0.663718961565051,2.10806481662898
215,RBS_BA_3353,bandit2,Third_Plate,TTTAAGATGCGATTATACAT,TGCGAT,-0.6555439394195672,-0.4231866067784412,-0.4217553078642609,,,,-0.5001619513540897,0.1345666519444196,0.757853755810346,0.672471696643587,2.10279714909752
216,RBS_BA_3275,bandit2,Third_Plate,TTTAAGATGGAATTATACAT,TGGAAT,-1.0631362916462312,-0.4660410364865771,-0.23662942643783047,,,,-0.5886022515235463,0.4266665420825238,0.872515687361901,0.612628952337013,2.09777359203593
217,RBS_BA_1900,bandit2,Third_Plate,TTTAAGAGTCTGTTATACAT,GTCTGT,-0.9434860160621904,-1.2009415933257106,-0.652424488034567,,,,-0.9322840324741559,0.2744300767526654,0.837814459753328,0.626855603370557,2.09152566649444
218,RBS_BA_2888,bandit2,Third_Plate,TTTAAGACTCTATTATACAT,CTCTAT,-1.4723521149276293,-0.8624272426630304,-0.6508628792400866,,,,-0.995214078943582,0.42653885989986223,0.97276697990741,0.558117833435124,2.08900264677766
219,RBS_BA_3383,bandit2,Third_Plate,TTTAAGATGCTAGTATACAT,TGCTAG,-0.6937107519445883,-0.4653269284005782,-1.163767809746935,,,,-0.7742684966973673,0.3561208767591551,0.868953023661424,0.60945053658635,2.08785409683412
220,RBS_BA_1848,bandit2,Third_Plate,TTTAAGAGTCAATTATACAT,GTCAAT,-0.6006991160856384,-0.4760792831306009,-1.062679144737499,,,,-0.7131525146512461,0.3090455865176278,0.671383397524575,0.705242829513168,2.08186905655091
221,RBS_BA_2329,bandit2,Third_Plate,TTTAAGACGGTATTATACAT,CGGTAT,-0.6133591204224007,-1.3322347493222197,-0.985665864959425,,,,-0.9770865782346818,0.35951459716826045,0.873205624492731,0.604034521574526,2.08127466764178
222,RBS_BA_1572,bandit2,Third_Plate,TTTAAGAGCGCCGTATACAT,GCGCCG,-0.4776104747088631,-0.7859813059913238,-0.6276288411572045,,,,-0.6304068739524639,0.15420418443128453,0.666677174486913,0.70508384017818,2.07684485484327
223,RBS_BA_3320,bandit2,Third_Plate,TTTAAGATGGTACTATACAT,TGGTAC,-0.37312724470524716,-1.2157981215187428,-0.5593497310603106,,,,-0.7160916990947669,0.44266193089635825,0.813229494245985,0.628636186878566,2.07050186800312
224,RBS_BA_3391,bandit2,Third_Plate,TTTAAGATGCTCGTATACAT,TGCTCG,0.8404667655133267,0.10924366564638302,0.20249083720445488,,,,0.3840670894547215,0.3979940413884295,0.75665934427605,0.656013079179635,2.06868550263532
225,RBS_BA_3305,bandit2,Third_Plate,TTTAAGATGGCATTATACAT,TGGCAT,0.14778322365912433,0.617159032844496,0.8891668306746735,,,,0.551369695726098,0.3750447851213309,0.728468392961969,0.667331284464878,2.06313096189172
226,RBS_BA_1689,bandit2,Third_Plate,TTTAAGAGCTCAGTATACAT,GCTCAG,-1.0651674468843109,-0.2805418306969109,-0.8225740506579359,,,,-0.7227611094130526,0.40172292295104367,0.661728183793704,0.69973525264295,2.0611986890796
227,RBS_BA_1868,bandit2,Third_Plate,TTTAAGAGTCGGTTATACAT,GTCGGT,-1.3411200518367312,-1.8394171118661442,-0.22609883154900434,,,,-1.1355453317506266,0.8260718446692294,0.782997557753232,0.637879866111674,2.05875728997658
228,RBS_BA_1586,bandit2,Third_Plate,TTTAAGAGCGTGTTATACAT,GCGTGT,-0.7089655973526137,-1.0053379586745506,-1.0875684780355237,,,,-0.9339573446875628,0.19913922103698956,0.836578976112271,0.610123530226721,2.05682603656571
229,RBS_BA_3259,bandit2,Third_Plate,TTTAAGATGATATTATACAT,TGATAT,-0.8797867211134895,-0.816611693248869,-1.5706929218972567,,,,-1.0890304454198718,0.41832622075501014,0.891250822187609,0.582267423047388,2.05578566828238
230,RBS_BA_1392,bandit2,Third_Plate,TTTAAGAGGCTACTATACAT,GGCTAC,1.0036948498134755,0.9453641980910054,0.675033067339974,,,,0.8746973717481517,0.17535675656698568,0.827018237743629,0.611325831822647,2.04966990138892
231,RBS_BA_1665,bandit2,Third_Plate,TTTAAGAGCTACGTATACAT,GCTACG,-1.3353652907252156,-1.8827902251508946,-1.1100181679679828,,,,-1.4427245612813644,0.3974149881690908,0.776670213630806,0.632843166121,2.04235654587281
232,RBS_BA_1533,bandit2,Third_Plate,TTTAAGAGCGAACTATACAT,GCGAAC,-0.6469619887607028,-1.047398948040404,-1.5267013661479905,,,,-1.0736874343163658,0.44045846162204016,0.709195202635413,0.66417682511897,2.03754885287335
233,RBS_BA_3388,bandit2,Third_Plate,TTTAAGATGCTGCTATACAT,TGCTGC,-0.5784111814336044,-1.2555855655317256,-1.2554674272440547,,,,-1.0298213914031282,0.39093271382388933,0.826859911226498,0.603656868712568,2.03417364865163
234,RBS_BA_1550,bandit2,Third_Plate,TTTAAGAGCGGATTATACAT,GCGGAT,-0.4349299015493554,-0.5490257296038636,-0.3608904989161209,,,,-0.44828204335644667,0.09477566156250268,0.882537129717056,0.574805973091353,2.03214907589976
235,RBS_BA_604,bandit2,Third_Plate,TTTAAGAACGTATTATACAT,ACGTAT,-0.31898264916172453,-0.43025291141499905,-1.032689016583846,,,,-0.5939748590535232,0.38398939025529577,0.760249029295688,0.635242955228617,2.03073493975292
236,RBS_BA_3351,bandit2,Third_Plate,TTTAAGATGCGAGTATACAT,TGCGAG,1.3838350904828116,0.6583332785725299,0.6485494439176449,,,,0.8969059376576621,0.42172138997020514,0.753993612018825,0.637927507426523,2.02984862687187
237,RBS_BA_1706,bandit2,Third_Plate,TTTAAGAGCTTACTATACAT,GCTTAC,0.17695885882053447,0.5011222432479125,0.9419613752639727,,,,0.5400141591108065,0.3839813125411354,0.778692683420563,0.624543118586716,2.02777892059399
238,RBS_BA_3261,bandit2,Third_Plate,TTTAAGATGATGGTATACAT,TGATGG,-0.6144185960034606,-0.10690456219123319,0.19727159155144935,,,,-0.17468385554774815,0.41006799996971555,0.750722864803937,0.635358080977655,2.02143902675925
239,RBS_BA_3335,bandit2,Third_Plate,TTTAAGATGCAAGTATACAT,TGCAAG,-1.8671969624011666,-0.5733778575590954,-0.8410297567693419,,,,-1.0938681922432014,0.6829622426263668,0.656070073232364,0.680996785728923,2.01806364469021
240,RBS_BA_1697,bandit2,Third_Plate,TTTAAGAGCTCCGTATACAT,GCTCCG,-1.281157687317461,-0.8843283181986967,-0.2918681468829818,,,,-0.8191180507997132,0.4978581453927926,0.688768726370992,0.664321821389791,2.01741236915057
241,RBS_BA_1591,bandit2,Third_Plate,TTTAAGAGCGTTATATACAT,GCGTTA,-1.0726272409946542,-1.135219939852375,-0.6480107541170772,,,,-0.9519526449880354,0.2650753973065653,0.698649320999237,0.658400881387556,2.01545108377435
242,RBS_BA_3448,bandit2,Third_Plate,TTTAAGATGTTATTATACAT,TGTTAT,-1.6037177075845912,-1.1402943032796338,-0.7791112237178278,,,,-1.174374411527351,0.41335826306293766,0.695268149210715,0.660050666483462,2.01536948217764
243,RBS_BA_3293,bandit2,Third_Plate,TTTAAGATGGGGTTATACAT,TGGGGT,0.42406161455999547,0.20701777715290848,0.44348367245750464,,,,0.35818768805680284,0.13127665655120135,0.992796520473484,0.510303631020066,2.01340378251362
244,RBS_BA_1397,bandit2,Third_Plate,TTTAAGAGGCTGTTATACAT,GGCTGT,1.3833193135587503,0.7173719121279317,0.7761123167716979,,,,0.9589345141527934,0.3686996775962167,0.824663109775629,0.593224662891421,2.01111243555847
245,RBS_BA_1564,bandit2,Third_Plate,TTTAAGAGCGCAGTATACAT,GCGCAG,-0.5922729966551444,-0.914298547923118,-0.3177160031231927,,,,-0.6080958492338184,0.2986058525678684,0.649641732070976,0.680089968196839,2.00982166846465
246,RBS_BA_1470,bandit2,Third_Plate,TTTAAGAGCAAATTATACAT,GCAAAT,0.23997263751251788,-0.39619625884748405,-0.3840870223886823,,,,-0.18010354790788283,0.3638470277052156,0.611422727000464,0.697980776574108,2.00738428014868
247,RBS_BA_1646,bandit2,Third_Plate,TTTAAGAGCCTGGTATACAT,GCCTGG,1.0661080027295846,0.3351610997469344,-0.22235687632488035,,,,0.39297074205054616,0.6461748232457396,0.751185125368623,0.624013421864982,1.99921196909859
248,RBS_BA_3355,bandit2,Third_Plate,TTTAAGATGCGGGTATACAT,TGCGGG,0.27609442252155697,0.4985010236357717,1.0441857865753263,,,,0.606260410910885,0.39522164672867544,0.822346289009308,0.584662065709109,1.99167042042753
249,RBS_BA_2345,bandit2,Third_Plate,TTTAAGACGCAATTATACAT,CGCAAT,-1.0810483742250352,0.13204479909213987,-0.42135243997023386,,,,-0.4567853383677097,0.6073223028210127,0.683762278579672,0.652691762455533,1.98914580349074
250,RBS_BA_3325,bandit2,Third_Plate,TTTAAGATGGTGTTATACAT,TGGTGT,-0.8259647534429791,-0.7275199951549954,-0.4715305967286112,,,,-0.675005115108862,0.18295970138571807,0.847543913628027,0.570105921739198,1.98775575710642
251,RBS_BA_3280,bandit2,Third_Plate,TTTAAGATGGACGTATACAT,TGGACG,-0.5817014101389943,-0.41668119772026385,-0.48667911502409517,,,,-0.4950205742944511,0.08282573624031354,0.719103723945118,0.632339464862296,1.98378265366971
252,RBS_BA_1522,bandit2,Third_Plate,TTTAAGAGCATGTTATACAT,GCATGT,-0.7603016631113967,-0.44649538985753584,-0.6848015348925501,,,,-0.6305328626204942,0.1637907533287458,0.729154951091003,0.6243645316239,1.9778840143388
253,RBS_BA_1536,bandit2,Third_Plate,TTTAAGAGCGAGGTATACAT,GCGAGG,4.387049290759948,3.7983062663252127,3.362755781219817,,,,3.849370446101659,0.5140524888216089,0.769440911952287,0.602045391689033,1.97353169533035
254,RBS_BA_2890,bandit2,Third_Plate,TTTAAGACTCTGGTATACAT,CTCTGG,-0.8071054429509307,-0.47677763499379666,-0.1303749691734136,,,,-0.4714193490393803,0.33839705518231483,0.815483877724928,0.578407502410714,1.97229888254636
255,RBS_BA_1693,bandit2,Third_Plate,TTTAAGAGCTCGGTATACAT,GCTCGG,-0.4888526506201049,-0.2061087988464572,-0.2012303343404178,,,,-0.29873059460232665,0.16466859746868737,0.622549474368892,0.672255790464238,1.96706105529737
256,RBS_BA_1365,bandit2,Third_Plate,TTTAAGAGGCGGTTATACAT,GGCGGT,0.284697818682821,0.23724727948409316,0.25619721595159806,,,,0.2593807713728374,0.023884925924159344,0.719884661365244,0.621536706087029,1.9629580735393
257,RBS_BA_588,bandit2,Third_Plate,TTTAAGAACGCATTATACAT,ACGCAT,0.13572366286573584,-0.37446148550114233,-0.1438196145328808,,,,-0.12751914572276243,0.2554828768549971,0.635410080464985,0.660541382878961,1.95649284622291
258,RBS_BA_1162,bandit2,Third_Plate,TTTAAGAGACTATTATACAT,GACTAT,0.7688212506497785,0.07216557142445323,0.360497953799581,,,,0.4004949252912709,0.35004585720388853,0.677579410504718,0.637960086800142,1.953499584105
259,RBS_BA_1517,bandit2,Third_Plate,TTTAAGAGCATACTATACAT,GCATAC,1.1651247989471414,0.6216716038757508,0.4962611539457085,,,,0.7610191855895336,0.3555389645288688,0.72385592487398,0.612820138516415,1.94949620190681
260,RBS_BA_2084,bandit2,Third_Plate,TTTAAGACAGTGGTATACAT,CAGTGG,0.43279766918525414,0.6072340383800624,1.2120110334854206,,,,0.750680913683579,0.4089329056235912,0.558830237890739,0.694956635411392,1.94874350871352
261,RBS_BA_1658,bandit2,Third_Plate,TTTAAGAGCTAAGTATACAT,GCTAAG,0.6832249286462136,0.3008015187676651,0.705885505717531,,,,0.5633039843771366,0.22761597873741224,0.677238678512841,0.634139365906549,1.94551741032594
262,RBS_BA_1548,bandit2,Third_Plate,TTTAAGAGCGGAGTATACAT,GCGGAG,2.4220205033097657,2.17163756061101,1.8505984294766957,,,,2.148085497799157,0.2864381632446028,0.789157952524236,0.57688195673692,1.94292186599808
263,RBS_BA_2887,bandit2,Third_Plate,TTTAAGACTCTACTATACAT,CTCTAC,0.4440563873349682,0.3905871963548541,0.054900372739799384,,,,0.2965146521432072,0.21094509618556676,0.813209439379929,0.564510213607478,1.94222986659488
264,RBS_BA_3330,bandit2,Third_Plate,TTTAAGATGGTTATATACAT,TGGTTA,0.645505908688506,0.6230993822738462,0.6275404891455905,,,,0.6320485933693142,0.011864036381505186,0.706032797824877,0.617108982445548,1.94025076271597
265,RBS_1by1_0,reference,Third_Plate,TTTAAGAAGGAGATATACAT,AGGAGA,,2.9541128891534703,3.6854487488050265,,,,3.3197808189792486,0.5171325456845086,,,
