,Name,Group,RBS,RBS6,Rep1,Rep2,Rep3,Rep4,Rep5,Rep6,AVERAGE,STD,Pred Mean,Pred Std,Pred UCB
0,RBS_1by1_0,reference,TTTAAGAAGGAGATATACAT,AGGAGA,1.9234140819511711,1.8141815067425127,1.7609535463128294,2.1862073828454136,2.0288626061275594,1.8319816079165006,1.9427238247958971,0.17076340396059328,,,
1,RBS_1by1_1,bps_noncore,CTTAAGAAGGAGATATACAT,AGGAGA,1.4765319088960587,1.3370178071599688,1.4172481289137573,1.4938001434359525,1.7135263036587858,1.6445682046487842,1.4876248584129046,0.14038163927342637,,,
2,RBS_1by1_2,bps_noncore,GTTAAGAAGGAGATATACAT,AGGAGA,0.9189080362120167,0.7513840843178825,0.8519869167720266,0.5149286073727205,0.577298992247876,0.7952267449047726,0.7229013273845044,0.17345437368497083,,,
3,RBS_1by1_3,bps_noncore,ATTAAGAAGGAGATATACAT,AGGAGA,1.5312303972882852,1.4662779401256203,1.2702120641141208,1.3410401426194296,1.3950298825530623,1.1754334623040747,1.4007580853401038,0.10241726441878919,,,
4,RBS_1by1_4,bps_noncore,TCTAAGAAGGAGATATACAT,AGGAGA,1.4709643844025433,1.579025043222444,1.1718286718147644,1.59066990163476,1.4112553701169546,1.7568620745951775,1.4447486742382931,0.1700128969193945,,,
5,RBS_1by1_5,bps_noncore,TGTAAGAAGGAGATATACAT,AGGAGA,0.6052803487920152,0.2682222195108008,0.48663768219219755,0.2543082688834481,0.34216246741956036,0.5017628857113499,0.3913221973596044,0.15100184800514033,,,
6,RBS_1by1_6,bps_noncore,TATAAGAAGGAGATATACAT,AGGAGA,1.3152022146798448,1.1165985705933352,0.8513997224753457,0.8667542671085131,1.0755059983149828,1.4629784261425234,1.045092154634404,0.1925608828081126,,,
8,RBS_1by1_8,bps_noncore,TTGAAGAAGGAGATATACAT,AGGAGA,1.4493732138960547,1.342548637305756,,1.6262692794041587,1.423415491934157,1.8065795008720267,1.4604016556350314,0.11957007063731173,,,
9,RBS_1by1_9,bps_noncore,TTAAAGAAGGAGATATACAT,AGGAGA,0.8236447293639769,0.6463065952215548,1.15350666201167,0.4886457989382897,0.40657829417945646,0.5835429303542543,0.7037364159429896,0.2977147901254389,,,
10,RBS_1by1_10,bps_noncore,TTTCAGAAGGAGATATACAT,AGGAGA,1.4297526895951476,0.8761509588666486,0.624683836678362,1.3213432859470247,1.0659998765351155,1.6216626763256161,1.0635861295244597,0.32721922828616107,,,
11,RBS_1by1_11,bps_noncore,TTTGAGAAGGAGATATACAT,AGGAGA,1.5934313337095631,1.5392430213712383,1.148575254760427,1.4946741246527138,1.4533100030472852,1.5375775301265593,1.4458467475082455,0.1741509599444335,,,
12,RBS_1by1_12,bps_noncore,TTTTAGAAGGAGATATACAT,AGGAGA,1.6264919852937256,1.2355308556364377,1.3080214995189934,1.2662365833737859,1.1012768209804429,1.5241795655090005,1.3075115489606772,0.19440060753088736,,,
13,RBS_1by1_13,bps_noncore,TTTACGAAGGAGATATACAT,AGGAGA,1.4704767851506375,1.204045507736947,1.3047885557818177,1.434101207614879,1.162094565496235,1.7083780941050695,1.3151013243561032,0.13615553779605555,,,
14,RBS_1by1_14,bps_noncore,TTTAGGAAGGAGATATACAT,AGGAGA,1.335618525302084,1.1815444242884652,1.3222612308470945,1.2979571443944156,0.9646134538448973,1.304308528648814,1.2203989557353914,0.15540482820802828,,,
15,RBS_1by1_15,bps_noncore,TTTATGAAGGAGATATACAT,AGGAGA,0.84786929969418,0.4211506909109287,1.0011505374681335,0.5301980392042049,0.27121417086850363,0.396950128887224,0.6143165476291902,0.30261181251399566,,,
16,RBS_1by1_16,bps_noncore,TTTAACAAGGAGATATACAT,AGGAGA,1.0499956451594346,0.8045030572683783,0.6366051578799,0.7072051392671025,0.7761604658961296,1.0830449385281702,0.794893893094189,0.15673610184076622,,,
17,RBS_1by1_17,bps_noncore,TTTAAAAAGGAGATATACAT,AGGAGA,0.9640513911445587,0.5058354765427904,0.2814894772292582,0.5495734854381272,0.5176826083141737,0.9922089681653766,0.5637264877337816,0.24778492381099487,,,
18,RBS_1by1_18,bps_noncore,TTTAATAAGGAGATATACAT,AGGAGA,1.0074488320789736,0.7131689847648567,0.41199089429765273,0.7142817075612713,0.6070792069281806,0.8741697638131236,0.690793925126187,0.21567448467365008,,,
19,RBS_1by1_19,bps_noncore,TTTAAGCAGGAGATATACAT,AGGAGA,0.7007558857797713,0.2660599847746402,0.5829670361041891,0.36543035975554733,0.36957932861820325,0.66745576291767,0.4569585190064703,0.17872470425726972,,,
20,RBS_1by1_20,bps_noncore,TTTAAGGAGGAGATATACAT,AGGAGA,1.013644941218403,1.2665885667961831,0.5985291668336802,0.9548989881697012,0.4267981892110754,1.2426755890046584,0.8520919704458085,0.3367658568565691,,,
21,RBS_1by1_21,bps_core,TTTAAGTAGGAGATATACAT,AGGAGA,0.5079371386401921,0.3826873259078219,0.6827268802459715,0.43097227886107015,0.01573016531721481,0.4624125183227343,0.4040107577944541,0.245166678205985,,,
22,RBS_1by1_22,bps_core,TTTAAGACGGAGATATACAT,CGGAGA,0.8961878042539287,0.8289457752387025,0.25590131877486244,0.7450083476159369,0.6950670611776723,1.084563573217888,0.6842220614122205,0.2515679205830591,,,
23,RBS_1by1_23,bps_core,TTTAAGAGGGAGATATACAT,GGGAGA,-0.1918754153147795,-0.3240177209305582,0.5988099747601354,-0.4434027254240791,-0.29248049708693324,-0.23667979048504673,-0.13059327679924293,0.4175089348491205,,,
24,RBS_1by1_24,bps_core,TTTAAGATGGAGATATACAT,TGGAGA,1.2211062818819438,0.8462029648829827,-0.12928546441433825,0.768945684364421,1.0102622044120224,0.7557968847719659,0.7434463342254063,0.5177402023547284,,,
25,RBS_1by1_25,bps_core,TTTAAGAACGAGATATACAT,ACGAGA,1.235690144933641,0.9932593064160262,1.1463555299489123,1.0289330277691693,0.9658359365120125,1.4107008753439452,1.0740147891159522,0.11360961755719567,,,
26,RBS_1by1_26,bps_core,TTTAAGAAAGAGATATACAT,AAGAGA,0.33050445929399525,-0.15513325697336483,0.9900067328939849,-0.42972745408622565,-0.37147632331050234,-0.08111099512749599,0.07283483156357748,0.5936220675520425,,,
27,RBS_1by1_27,bps_core,TTTAAGAATGAGATATACAT,ATGAGA,-0.25630162385722277,-0.47427638103601216,0.0223552647799441,-0.5614105495630499,-0.5474852767978897,-1.840799532730388,-0.3634237132948461,0.24782368854183537,,,
28,RBS_1by1_28,bps_core,TTTAAGAAGCAGATATACAT,AGCAGA,-0.02476451970348809,-0.5720846732954531,-0.1698203801559021,-0.4140633166205807,-0.9227896935821179,-1.5106457208691066,-0.4207045166715083,0.35169621599655504,,,
29,RBS_1by1_29,bps_core,TTTAAGAAGAAGATATACAT,AGAAGA,-2.1515909348693203,-1.0791077744483453,-0.5000485871850592,-1.8062346642967384,-1.1506988144697416,-1.573291237883769,-1.337536155053841,0.6491229319590835,,,
30,RBS_1by1_30,bps_core,TTTAAGAAGTAGATATACAT,AGTAGA,-0.49854134393837457,-3.819905399434624,-2.8454168693599735,-0.9595009350356116,-1.6867908329161732,-2.1058833428158588,-1.9620310761369513,1.3651642330130669,,,
31,RBS_1by1_31,bps_core,TTTAAGAAGGCGATATACAT,AGGCGA,-2.233615626433718,-2.3320222555930035,-1.8997931028592012,-1.0493111565564264,-1.1814729600438476,-1.5565674229274502,-1.7392430202972395,0.5934393905923758,,,
32,RBS_1by1_32,bps_core,TTTAAGAAGGGGATATACAT,AGGGGA,0.1734121767700737,0.04156894322768991,-1.452859220969099,-0.10095700314873673,-0.4268792328478969,0.030039568676588958,-0.3531428673935938,0.6541155188525334,,,
33,RBS_1by1_33,bps_core,TTTAAGAAGGTGATATACAT,AGGTGA,0.20321218588491288,0.07053517057483902,-0.06309779245365935,-0.1465974016954691,-0.36730821181303247,0.24037686810763392,-0.060651209900481805,0.21694757922702196,,,
34,RBS_1by1_34,bps_core,TTTAAGAAGGACATATACAT,AGGACA,0.5256044578658232,0.1168941671863756,-0.0432860066309841,0.3571240598191152,-0.06476542807235232,0.5346557913361293,0.17831425003359552,0.2571722510159989,,,
35,RBS_1by1_35,bps_core,TTTAAGAAGGAAATATACAT,AGGAAA,0.33469814868530057,0.04609017062768875,0.09285740416397426,-0.1836153760216721,-0.10633607108376043,0.1301056725429224,0.036738855274306204,0.2006507543972282,,,
36,RBS_1by1_36,bps_core,TTTAAGAAGGATATATACAT,AGGATA,1.1763651046724934,1.0265658531634165,0.3104190637016896,0.9056810455007728,0.9692757589417077,0.794759420258743,0.877661365196016,0.3325427035526478,,,
37,RBS_1by1_37,bps_core,TTTAAGAAGGAGCTATACAT,AGGAGC,0.6506285557969654,0.2503926190275241,1.084154304356373,0.2830524255129289,0.11345311859523012,0.3658118114701321,0.47633620465780435,0.39367306337400276,,,
38,RBS_1by1_38,bps_core,TTTAAGAAGGAGGTATACAT,AGGAGG,0.5371319924819106,0.32501463249677515,0.4473369602137111,0.07830585497986318,0.04961607655993256,0.26767867198420503,0.2874811033464385,0.21772820369025722,,,
39,RBS_1by1_39,bps_noncore,TTTAAGAAGGAGTTATACAT,AGGAGT,0.5207123926952565,-0.12596048921718853,0.39342152903489397,-0.01880294540421758,-0.004481617606039063,0.2153078933368949,0.15297777390054107,0.2851098820511233,,,
40,RBS_1by1_40,bps_noncore,TTTAAGAAGGAGACATACAT,AGGAGA,0.6847458158300593,0.4997214715124644,0.20473117291926213,1.0216038112405776,0.5453554894033025,0.8920039053478904,0.5912315521811332,0.2974165639483124,,,
41,RBS_1by1_41,bps_noncore,TTTAAGAAGGAGAGATACAT,AGGAGA,0.9106412316023954,0.5228428997069959,0.3494049602743485,0.8250607949862063,0.5024223647336652,0.9036522870084063,0.6220744502607223,0.23610718773716216,,,
42,RBS_1by1_42,bps_noncore,TTTAAGAAGGAGAAATACAT,AGGAGA,-2.339793293566559,-2.157876304134339,0.31263652076155196,-1.7858512911573132,-1.9614025787795706,-1.7783830733959767,-1.586457389375246,1.0817733199857764,,,
43,RBS_1by1_43,bps_noncore,TTTAAGAAGGAGATCTACAT,AGGAGA,-2.0787345143605926,-2.2225498873907323,-1.6245968306807652,-2.0534617570036127,-1.8321458280131415,-1.4044824084450875,-1.9622977634897687,0.23483026050218286,,,
44,RBS_1by1_44,bps_noncore,TTTAAGAAGGAGATGTACAT,AGGAGA,1.0906912219377842,1.195689347981881,-3.518041433024144,0.9158653185147215,0.8185441772999305,1.4087893658386228,0.10054972654203473,2.02818690566694,,,
45,RBS_1by1_45,bps_noncore,TTTAAGAAGGAGATTTACAT,AGGAGA,0.8071082354045838,0.7197094308627049,0.7115492238051989,0.7043392195475097,0.4131742488391826,0.822487667476594,0.671176071691836,0.1501064342946329,,,
46,RBS_1by1_46,bps_noncore,TTTAAGAAGGAGATACACAT,AGGAGA,0.9255843952307067,0.5621328307998094,0.4615158608124425,0.8768167731404362,0.4950579485955622,0.9033565950760841,0.6642215617157914,0.22002005182839532,,,
47,RBS_1by1_47,bps_noncore,TTTAAGAAGGAGATAGACAT,AGGAGA,1.2687508133172638,1.1637588996872,0.48866290340269314,1.1667065656219775,1.050465713671834,1.225563846900327,1.0276689791401938,0.31105450024336434,,,
48,RBS_1by1_48,bps_noncore,TTTAAGAAGGAGATAAACAT,AGGAGA,1.7590887449433203,1.4779598012685173,1.1029009900984987,1.7785952372391844,1.4752538404364628,1.603204410953863,1.518759722797197,0.274667259793347,,,
49,RBS_1by1_49,bps_noncore,TTTAAGAAGGAGATATCCAT,AGGAGA,1.293010512246455,0.8568981652003314,1.4451168607480935,1.2687003410784465,1.0753159629815674,1.3741783768187064,1.1878083684509788,0.22692221487032768,,,
50,RBS_1by1_50,bps_noncore,TTTAAGAAGGAGATATGCAT,AGGAGA,0.7053848110034636,0.44355467159128237,1.0862465643022592,0.32020286832376843,0.13287014691047497,0.5111447575651726,0.5376518124262497,0.37049867494362526,,,
51,RBS_1by1_51,bps_noncore,TTTAAGAAGGAGATATTCAT,AGGAGA,1.1902664491669417,0.7590786508173613,0.28587830669880504,0.8256251771640023,0.5406513862040158,0.7761664696232271,0.7202999940102253,0.3370687882672923,,,
52,RBS_1by1_52,bps_noncore,TTTAAGAAGGAGATATAAAT,AGGAGA,0.9515776201040967,0.5927324822013909,0.70039693029578,0.9136350084555835,0.9323417525985855,1.258131542953154,0.8181367587310874,0.16173969432898944,,,
53,RBS_1by1_53,bps_noncore,TTTAAGAAGGAGATATAGAT,AGGAGA,0.9001547418021738,0.6291938317588236,0.29174696690764973,0.8848278715001782,0.535757963972534,0.9308514163461571,0.648336275188272,0.2547238992176727,,,
54,RBS_1by1_54,bps_noncore,TTTAAGAAGGAGATATATAT,AGGAGA,0.9743119086594891,0.5813814085060282,0.37610018439784426,1.0163679121679012,0.46776423767700137,1.1249443438624898,0.6831851302816527,0.2944642974795639,,,
55,RBS_1by1_55,bps_noncore,TTTAAGAAGGAGATATACCT,AGGAGA,0.9457689862776351,0.7264688036652336,0.308472062109588,0.8789842283599115,0.6788045549400179,1.3019118964730403,0.7076997270704772,0.24828677483920072,,,
56,RBS_1by1_56,bps_noncore,TTTAAGAAGGAGATATACGT,AGGAGA,1.0474803250144218,0.9742803781896031,0.6579359917465338,1.132507411387426,0.5758123887864574,1.2198213154175221,0.8776032990248884,0.24622766268418447,,,
57,RBS_1by1_57,bps_noncore,TTTAAGAAGGAGATATACTT,AGGAGA,1.096436066882029,0.8920616217009761,0.7106066266554187,0.9959805733201214,0.5448282701700513,1.0528583340411743,0.8479826317457194,0.22155709829166462,,,
58,RBS_1by1_58,bps_noncore,TTTAAGAAGGAGATATACAC,AGGAGA,1.1679566874242564,0.7724570997471669,0.7147648416528841,1.130928142888509,0.9583178547910608,1.4083943710719298,0.9488849253007755,0.20442611219290258,,,
59,RBS_1by1_59,bps_noncore,TTTAAGAAGGAGATATACAG,AGGAGA,0.21680555030579418,-0.678828688896072,0.757421017567462,-0.3232589112542671,-0.13006511018201572,-0.18791604785870472,-0.0315852284918197,0.5472487452389087,,,
60,RBS_1by1_60,bps_noncore,TTTAAGAAGGAGATATACAA,AGGAGA,1.7988481249427886,1.469981384023554,0.2065098563126617,1.7122933319663827,1.814078174296678,1.8364562681164647,1.400342174308413,0.6814292366347188,,,
61,RBS_RU_0,uni random,TTTAAGAGTTGACTATACAT,GTTGAC,1.1960514771272823,1.031874628368209,1.5961175921619457,0.9417084197345575,0.898973600388146,1.294368914687779,1.1329451435560283,0.28286062958419494,,,
62,RBS_RU_1,uni random,TTTAAGATACCTGTATACAT,TACCTG,-0.6142042239721166,-1.4899874683964314,1.0756510203809813,-0.5159082548825944,-1.9673242241509301,-0.4120835756748299,-0.7023546302042183,1.1645117431686536,,,
63,RBS_RU_2,uni random,TTTAAGAGAAGCGTATACAT,GAAGCG,-0.6039207720848822,-2.450678999393285,-0.1857163425091634,-0.9711171524369747,-2.5545813225874494,-1.4391295909654875,-1.353202917802351,1.0860711291881178,,,
64,RBS_RU_3,uni random,TTTAAGAGTATGCTATACAT,GTATGC,-0.11561145899786848,-1.626111435741464,-2.169857383732232,-1.5864570746656474,-1.0827413499926821,-1.0214088172024547,-1.316155740625979,0.7735843020423071,,,
65,RBS_RU_4,uni random,TTTAAGATCACTTTATACAT,TCACTT,-2.948090125056102,-1.8116219134989298,-2.1786269214720884,-1.3925872097831489,-0.8879341622385225,-2.1747911340058526,-1.8437720664097583,0.7826036121247889,,,
66,RBS_RU_5,uni random,TTTAAGAGAAGCCTATACAT,GAAGCC,-2.8185344092248403,-0.9049367679659217,-0.9519661419072062,-2.084325280453992,-0.8806894147163643,-0.6531687320507943,-1.528090402853665,0.8823279759823447,,,
67,RBS_RU_6,uni random,TTTAAGAATAGAATATACAT,ATAGAA,-1.8129131318823295,-1.8467005856747671,-1.8077794448963216,-0.9179585468497404,-0.8721393372477215,-1.8432782639322753,-1.451498209310176,0.5084445046975926,,,
68,RBS_RU_7,uni random,TTTAAGATCTGACTATACAT,TCTGAC,-2.3504301383041404,-0.7060779157996219,-1.6667077466190543,-0.898906305368812,-0.9041047547881232,-1.3404307825701673,-1.3052453721759503,0.6906687187785742,,,
69,RBS_RU_8,uni random,TTTAAGATAAGTATATACAT,TAAGTA,-0.6349173910414009,-0.7655971390744721,-1.432480615170685,-1.6619210019364452,-1.264276164042656,-0.6429938928759005,-1.151838462253132,0.4381712580889959,,,
70,RBS_RU_9,uni random,TTTAAGAGATAAATATACAT,GATAAA,-0.24325670993898982,-0.8997629206344102,-1.5518822294460113,-1.737465212603698,-0.7167506759153256,-1.3503552807508212,-1.0298235497076869,0.613783303194135,,,
71,RBS_RU_10,uni random,TTTAAGAGGTCAATATACAT,GGTCAA,0.2451776459383407,-0.13267510657370307,-0.16344466733314236,0.04711745347354801,-0.1979470691959677,-0.08528398243755166,-0.04035434873818488,0.18553278050424227,,,
72,RBS_RU_11,uni random,TTTAAGACGATCCTATACAT,CGATCC,0.5392992092252965,0.027157025673168925,0.3982975313298602,-0.13752397811356745,0.12535827339007385,-0.16548790364719085,0.19051761230096642,0.2753928116605075,,,
73,RBS_RU_12,uni random,TTTAAGAACAGACTATACAT,ACAGAC,-0.011932966841875354,-0.736793274878899,0.5057272899267132,-0.6060331837668387,-0.7367267797736838,-1.0370724193128935,-0.3171517830669167,0.5490635477179964,,,
74,RBS_RU_13,uni random,TTTAAGAGTTATATATACAT,GTTATA,0.14680377702090802,-0.7026904622168371,0.013248506058003056,-0.7747649389721555,-0.8304424635879354,-1.3655060225096762,-0.4295691163396033,0.4697733562521065,,,
75,RBS_RU_14,uni random,TTTAAGAGGAACATATACAT,GGAACA,0.029112083577184162,-0.874025585118126,-0.17050968030327437,-1.0648785660216757,-1.2650301542123703,-0.9229249712054672,-0.6690663804156525,0.5678600911216718,,,
76,RBS_RU_15,uni random,TTTAAGACCCGAATATACAT,CCCGAA,0.9021412062190544,0.573789394802809,-1.9360076650329632,0.6237491492577522,0.36786143338124494,0.7326145484946545,0.10630670372557946,1.1574863026940116,,,
77,RBS_RU_16,uni random,TTTAAGAAATGTCTATACAT,AATGTC,-2.646749796289855,-0.7635040551026182,0.24488693079429863,-1.0548335229618375,-1.3340974777901873,-1.1856729486351434,-1.11085958427004,1.045303460338142,,,
78,RBS_RU_17,uni random,TTTAAGACGTACCTATACAT,CGTACC,-0.14693106692971045,-0.847628611109742,-2.244373469590751,-0.7033162139478646,-0.658499633230447,-2.472927428177786,-0.920149798961703,0.7861571841756645,,,
79,RBS_RU_18,uni random,TTTAAGAACCGTGTATACAT,ACCGTG,0.08665367792746852,-0.7976319254500622,-0.396004193198479,-0.7898641626026152,-0.7219703068804192,-0.9313455898227105,-0.5237633820408214,0.3788241633571733,,,
80,RBS_RU_19,uni random,TTTAAGAGGACACTATACAT,GGACAC,-4.547737084846025,-0.5357782803472252,-0.16391261769936208,-0.927044952332656,-0.6749908804557878,-0.4553990791898811,-1.369892763136211,1.7977647527343383,,,
81,RBS_RU_20,uni random,TTTAAGAATCCCATATACAT,ATCCCA,0.06615928930901711,-0.39621992504776643,-0.1969386314738653,-0.7405190683702055,-0.6936612461332574,-0.5006468377573294,-0.39223591634321553,0.33927918068772717,,,
82,RBS_RU_21,uni random,TTTAAGAGAGCGATATACAT,GAGCGA,-0.102387396568377,-1.2498154236398884,-0.035074207961606235,-0.6239765003824752,-0.6942776119952337,-0.3984312474422193,-0.541106228109516,0.4952626316564689,,,
83,RBS_RU_22,uni random,TTTAAGAATATGCTATACAT,ATATGC,1.153315116944949,0.649344617841726,0.08996157955592111,0.7290688367400425,0.6226242880318058,1.0206346292179835,0.6488628878228889,0.3788021958335419,,,
84,RBS_RU_23,uni random,TTTAAGACAACATTATACAT,CAACAT,0.7804140315439239,0.14102430151883516,0.9205546216704195,0.05777346734230915,0.25927213929264936,-0.047050195664761686,0.4318077122736274,0.3919901272913343,,,
85,RBS_RU_24,uni random,TTTAAGAGCTACATATACAT,GCTACA,1.003632438400237,0.567767314426981,0.770803881654405,0.4546714503284752,0.798087528124346,0.7860580342022571,0.7189925225868888,0.2137141849096992,,,
86,RBS_RU_25,uni random,TTTAAGAGAAGACTATACAT,GAAGAC,0.23436655986600646,-0.1711576467682612,0.9196024310075418,-0.26716686691482244,0.027485414101208118,-0.0665552424460184,0.14862597825833454,0.4721166252222057,,,
87,RBS_RU_26,uni random,TTTAAGACTCCGTTATACAT,CTCCGT,0.6150398279602628,-0.03744614026968647,0.3114995265172937,0.03660840337351932,0.09427123529353222,-0.06624233621406744,0.20399457057498432,0.26403904791713595,,,
88,RBS_RU_27,uni random,TTTAAGATTACTATATACAT,TTACTA,0.3649737136962906,-0.17873589299614867,0.6256391893720759,-0.31022385032167127,-0.008511177593038153,-0.14663331629369997,0.09862839643150166,0.38866766039629425,,,
89,RBS_RU_28,uni random,TTTAAGACGAGACTATACAT,CGAGAC,0.28833384127981443,-0.28610718788886436,0.09905223749204983,-0.45936558862793914,0.103592301972687,-0.11050629352864073,-0.050898879154450447,0.309677131173996,,,
90,RBS_BA_00,bandit,TTTAAGACGGATTTATACAT,CGGATT,1.069177934854666,0.8039161075062009,0.7884923653520701,0.6377462885809952,0.8727211064358128,0.6228661183527099,0.834410760545949,0.15676307453411217,,,
91,RBS_BA_01,bandit,TTTAAGATTCGGATATACAT,TTCGGA,0.8238118901784395,0.7110790034278469,0.672746136394276,0.4334819896703821,0.47374108363995754,0.08484009039259645,0.6229720206621805,0.16488882664244778,,,
92,RBS_BA_02,bandit,TTTAAGACTCGGATATACAT,CTCGGA,0.9291688360768482,0.5449601060085476,0.5965437944211006,0.39085956573684666,0.29886330578185044,0.1258292168461928,0.5520791216050387,0.2420405104778295,,,
93,RBS_BA_03,bandit,TTTAAGAACCGGATATACAT,ACCGGA,0.8754915711194549,0.2729862347944715,0.5149062600304203,0.36559798459904,0.3143936994863094,-0.23652516638030405,0.4686751500059391,0.24513197239502857,,,
94,RBS_BA_04,bandit,TTTAAGAGCCGGATATACAT,GCCGGA,0.8896750440600185,0.6312282438978688,0.48430351873238514,0.4458648239717302,0.200937992396521,-0.03460611895202089,0.5304019246117048,0.2535060098197066,,,
95,RBS_BA_05,bandit,TTTAAGAATCGGATATACAT,ATCGGA,0.6771761521435669,0.6649922258134034,0.34902541627117534,0.13826522370970648,0.21381623493869592,-0.12746502927746806,0.4086550505753096,0.2512174582084262,,,
96,RBS_BA_06,bandit,TTTAAGACCGGATTATACAT,CCGGAT,0.8945060682551065,0.7000557388118407,0.502368274571126,0.3406317345155165,0.31033169467516997,0.00468073094995073,0.5495787021657519,0.2473585539213383,,,
97,RBS_BA_07,bandit,TTTAAGATAAAGATATACAT,TAAAGA,0.62542986684632,0.1658563927163127,0.2124299473495209,0.1511415278866114,-0.04577714254656621,-0.2288877017165218,0.2218161184504397,0.24633549281859685,,,
98,RBS_BA_08,bandit,TTTAAGACGATAATATACAT,CGATAA,0.33779752969616816,0.3949151176525857,0.05288310265465101,0.00999882493817244,-0.22803775840804927,-0.10174029480060158,0.1135113633067056,0.2552150032457678,,,
99,RBS_BA_09,bandit,TTTAAGAACACACTATACAT,ACACAC,0.5485446431501818,0.1097839143428513,0.14048462221035213,0.056699976742720565,-0.146361862411061,-0.5137792379968331,0.14183025880700897,0.2533511560164705,,,
100,RBS_BA_10,bandit,TTTAAGATATATATATACAT,TATATA,0.7858306571961722,0.4401669020924984,0.3059585631548103,0.29118573899581646,0.053201275693588714,0.05284319823822934,0.3752686274265772,0.26850240340249276,,,
101,RBS_BA_11,bandit,TTTAAGACTCTCTTATACAT,CTCTCT,1.379282073163357,0.7446388470598028,0.8856516021189049,0.6997496050086363,0.6028052830420207,0.5016292892547995,0.8624254820785444,0.30635762130115546,,,
102,RBS_BA_12,bandit,TTTAAGAGTGTGTTATACAT,GTGTGT,0.4662927572924475,0.44246943683145434,0.5045123777946172,0.10272369896688953,0.513618072002803,-0.26443401589487764,0.4059232685776424,0.17192153714329195,,,
103,RBS_BA_13,bandit,TTTAAGAATATATTATACAT,ATATAT,0.2818719405092341,0.13279913958330794,0.05172179846003531,0.12665673272647934,0.1417861553092703,-0.30946805869857175,0.1469671533176654,0.08353302904733122,,,
104,RBS_BA_14,bandit,TTTAAGATGTGTGTATACAT,TGTGTG,0.3511144307583004,-0.13884005983372677,0.08322838843151033,-0.007365466904350799,0.043533037095733876,-0.5575322116435639,0.0663340659094934,0.17988413233477338,,,
105,RBS_BA_15,bandit,TTTAAGATCTCTCTATACAT,TCTCTC,-0.30550896579962117,-0.16947702137738682,-0.09452983027413064,-1.497440561759601,-0.2584946852729481,-0.5830500413570792,-0.46509021289673746,0.5827944074513258,,,
106,RBS_BA_16,bandit,TTTAAGACACACATATACAT,CACACA,-1.286867023042051,-1.5901367779964803,-0.33037827570847245,-0.22855447626882874,-0.3949346661452252,-1.7890617538810396,-0.7661742438322116,0.6258608456311784,,,
107,RBS_BA_17,bandit,TTTAAGACTAAGATATACAT,CTAAGA,0.07810813799694293,-1.3905659496305365,-1.4752908972705865,-1.7913522818094034,-0.45795752570423215,-1.3679276412444978,-1.0074117032835632,0.7843044954595324,,,
108,RBS_BA_18,bandit,TTTAAGAATAAGATATACAT,ATAAGA,-0.5500583798246929,-0.42108459910889173,-0.36336094507973443,-1.9462680993612922,-0.46809352810680177,-0.5912323802249924,-0.7497731102962827,0.6723429404443431,,,
109,RBS_BA_19,bandit,TTTAAGATAAGATTATACAT,TAAGAT,-0.11892331451662977,-1.4077863232322112,-1.3738922358221994,-2.035392931053812,-0.5532894726790173,-0.662508778529508,-1.097856855460774,0.7592908222838549,,,
110,RBS_BA_20,bandit,TTTAAGATTAAGATATACAT,TTAAGA,-0.8107271465612192,-1.107633628376963,-2.0555439019266095,-1.7562280107076695,-0.6023257836897448,-0.7316118876797885,-1.2664916942524411,0.6197819396509695,,,
111,RBS_BA_21,bandit,TTTAAGAGGTCGATATACAT,GGTCGA,-0.23506663556907778,-0.27308333899199155,-1.4977784981975868,-2.511328665320394,-0.5722530372659416,-0.8584428271358618,-1.0179020350689982,0.9781096183183872,,,
112,RBS_BA_22,bandit,TTTAAGAGGTAGATATACAT,GGTAGA,1.1587789127143164,0.6435894515036614,0.7541681084801622,1.0711681549228123,0.9549542775695592,0.7514762030899613,0.9165317810381023,0.215018514662961,,,
114,RBS_BA_24,bandit,TTTAAGAGGGGGATATACAT,GGGGGA,0.7211651992648207,0.830303080750558,1.1172531842344544,1.3153384902455825,1.5684533666256242,1.176796045337851,1.110502664224208,0.34706541140396974,,,
115,RBS_BA_25,bandit,TTTAAGAGGGGATTATACAT,GGGGAT,0.7323100649869032,0.9699392396335782,1.0758914758721267,1.568764721250735,1.5872979872313686,1.4017461403108056,1.1868406977949424,0.3782149087866947,,,
116,RBS_BA_26,bandit,TTTAAGAGGGATCTATACAT,GGGATC,0.030025188257811287,-0.456051109414338,-0.07021182005846735,-0.2587779935529362,-0.23078284093111012,-0.4969221645828307,-0.19715971513980807,0.18686949272778205,,,
117,RBS_BA_27,bandit,TTTAAGAGGGATTTATACAT,GGGATT,0.2782573141378208,-0.44638050202692625,-0.6946439099407993,-0.15271081846055662,-0.12844235460190312,-0.5533738208843566,-0.22878405417847286,0.36651062821483354,,,
118,RBS_BA_28,bandit,TTTAAGAGGGATGTATACAT,GGGATG,0.28560517191341184,-0.24824280643935326,-1.0096800485738233,-1.1291599139606334,-0.23044881052313101,-0.5267043903432912,-0.4663852815167058,0.5922797517116891,,,
119,RBS_BA_29,bandit,TTTAAGAGGGATATATACAT,GGGATA,0.012844834899307697,-0.15627279338012495,-0.4526349503043627,-0.1392445316242178,-0.15013870390538592,-0.46081024146472405,-0.17708922886295672,0.16925739944881596,,,
120,RBS_BA_30,bandit,TTTAAGAGGATCTTATACAT,GGATCT,-0.5319853784723483,-1.0145078162130556,-2.4554038882938016,-2.637578773654928,-0.6938818238954786,-2.8132535977647364,-1.4666715361059224,1.002984247803161,,,
121,RBS_BA_31,bandit,TTTAAGAGGATTTTATACAT,GGATTT,0.7025832802547785,0.5437161911426357,0.37557377540536524,0.6064512460506049,0.5717015393243416,0.5685605530604552,0.5600052064355452,0.11927157111401761,,,
122,RBS_BA_32,bandit,TTTAAGAGGATAGTATACAT,GGATAG,0.7128864378443279,0.3393044541743736,0.1493591865247999,0.4683491308773544,0.30377773134283564,0.3175312496785438,0.3947353881527383,0.2110654150004228,,,
123,RBS_BA_33,bandit,TTTAAGAGGATTATATACAT,GGATTA,0.9131456169412646,0.794172799055924,0.5484517490542334,0.9223982406546065,0.9024600670550702,0.3698797052665064,0.8161256945522197,0.15834425628204152,,,
124,RBS_BA_34,bandit,TTTAAGAGGATATTATACAT,GGATAT,1.2972443175218964,0.8379500321973663,1.1048105693144092,1.072327275364872,1.0751743375160203,1.1525193520007695,1.0775013063829129,0.1631332163687787,,,
125,RBS_BA_35,bandit,TTTAAGAGGATACTATACAT,GGATAC,1.3025162401404622,1.3215085702923945,0.9870994327051912,0.9050102288894344,0.9041524672487095,1.1300718963634748,1.0840573878552384,0.210909841426157,,,
126,RBS_BA_36,bandit,TTTAAGAGGATGCTATACAT,GGATGC,1.0057713580609666,1.2531987835316956,0.7530696400058027,0.6902824925693026,1.1787110656617916,0.839310989329137,0.9762066679659117,0.2500747395256554,,,
127,RBS_BA_37,bandit,TTTAAGAGGATGTTATACAT,GGATGT,0.6896661320627795,0.9573122688216079,0.6353204506028385,0.8609570703641087,1.011910667719572,0.8764551241448095,0.8310333179141812,0.16420005156999687,,,
128,RBS_BA_38,bandit,TTTAAGAGGATTCTATACAT,GGATTC,0.4657962673928336,0.1521790925519076,0.008895192182173826,-0.021533709602101762,0.2511536867841674,-0.3305286992292523,0.1712981058617961,0.1981353281511703,,,
129,RBS_BA_39,bandit,TTTAAGAGGATCGTATACAT,GGATCG,-0.6234099188879278,-0.4102185141056904,-0.2712020921857547,-0.21452723492522663,-0.3027744577655966,-0.7889485630245922,-0.36442644357403925,0.16134657883626344,,,
130,RBS_BA_40,bandit,TTTAAGAGGATTGTATACAT,GGATTG,0.8010306481273125,0.5044813872548699,0.17105853222455586,0.6070566163293537,0.47289603561550475,0.4413317008828393,0.5113046439103194,0.2293462405847828,,,
131,RBS_BA_41,bandit,TTTAAGAGGATCCTATACAT,GGATCC,-0.2182792934613962,-0.584541629228026,-0.8702363785961202,-0.9985393085018296,-0.4538220284156334,-0.6063694040282592,-0.625083727640601,0.31465575323673073,,,
132,RBS_BA_42,bandit,TTTAAGAGGATGATATACAT,GGATGA,0.6440736777619798,0.2730126134445537,0.2687352116764571,0.5450308704756908,0.5133557333073954,0.3812082983387704,0.44884162133321537,0.16947282744320222,,,
133,RBS_BA_43,bandit,TTTAAGAGGATCATATACAT,GGATCA,-0.7624082193632878,-0.9692875932625328,-3.478274080777692,-0.588603820257436,-0.5185867268386359,-1.424104020253453,-1.263432088099917,1.2503258332018445,,,
134,RBS_BA_44,bandit,TTTAAGACCCCGATATACAT,CCCCGA,-0.7646896899934588,-2.2480307708858445,-1.9609633567306883,-0.8135443987584976,-1.7780138061254975,-1.5672894571747482,-1.5130484044987973,0.6819787692836939,,,
135,RBS_BA_45,bandit,TTTAAGATTTTTGTATACAT,TTTTTG,-0.6277457066034091,-1.3631179271966072,-1.465971166968993,-1.6522565470628936,-0.8794759402919364,-1.2987361775083306,-1.1977134576247679,0.4278050408700843,,,
136,RBS_BA_46,bandit,TTTAAGATTTTTATATACAT,TTTTTA,0.6723547337834397,-0.12530341146929808,-0.03863516401133225,-0.23011051652145562,-0.19819880984872784,-0.39819542706518,0.01602136638652516,0.3742341199035016,,,
137,RBS_BA_47,bandit,TTTAAGAGTTTTTTATACAT,GTTTTT,1.0219835454572814,0.3343058415705046,0.5230044493254321,0.48742690637869834,0.4329366211538179,0.3983490603253109,0.5599314727771469,0.26793061269378404,,,
138,RBS_BA_48,bandit,TTTAAGACTTTTTTATACAT,CTTTTT,-1.0287912068867306,-0.028292117677936744,-0.12771328594520312,-0.31508214283449015,0.03441179330647942,-0.4569102330940008,-0.2930933920075762,0.43199094919809583,,,
139,RBS_BA_49,bandit,TTTAAGACCCCCTTATACAT,CCCCCT,-0.49509616473970763,-0.9769502035041513,-0.9037156212527007,-0.26741251129054144,-2.728026286244998,-0.5456973610065801,-1.0742401574064198,0.9695270918440685,,,
140,RBS_BA_50,bandit,TTTAAGACCCCCGTATACAT,CCCCCG,0.9067094488431982,0.3461628385112329,0.3914726164616373,0.4732330744188648,0.6839376764902512,0.43190193431300505,0.5603031309450369,0.23303639208274365,,,
141,RBS_BA_51,bandit,TTTAAGACCCCCATATACAT,CCCCCA,-0.4623130910241488,-3.844477699883515,-1.7529676709124902,-0.6256321687501943,-2.51227686268676,-1.0084212950689777,-1.8395334986514218,1.40090783211824,,,
142,RBS_BA_52,bandit,TTTAAGATTTTTCTATACAT,TTTTTC,-0.7082133549122803,-1.937546601089313,-2.0959400090139186,-1.8682866043234965,-5.229686121394552,-1.9519368189381656,-2.367934538146712,1.692125836656004,,,
143,RBS_BA_53,bandit,TTTAAGAGCCCCCTATACAT,GCCCCC,-0.7664978024622511,-1.4169621390324834,-1.5189528751552535,-0.7108997670933936,-2.059244039024859,-0.9368328151278306,-1.2945113245536484,0.5633793272960137,,,
144,RBS_BA_54,bandit,TTTAAGAATTTTTTATACAT,ATTTTT,-1.0128971790307297,-1.680959141252389,-0.9253902871251918,-1.7171787174584017,-0.5480669576534969,-0.8377749252929283,-1.1768984565040417,0.5078291460987852,,,
145,RBS_BA_55,bandit,TTTAAGAACCCCCTATACAT,ACCCCC,-0.866534607759804,-1.2436883148694748,-2.4123228623309187,-3.6642561785588637,-2.4428936166435316,-0.9081546142366321,-2.1259391160325185,1.108305168046197,,,
146,RBS_BA_56,bandit,TTTAAGATCCCCCTATACAT,TCCCCC,-0.6054878511456345,-1.5816123351064466,-0.7348364492271879,-2.1129026813844276,-0.709086671499924,-0.9217103373248319,-1.1487851976727241,0.6664687202523447,,,
147,RBS_BA_57,bandit,TTTAAGAGGATAATATACAT,GGATAA,1.004274816765649,0.2522734705741966,0.4267101514657709,0.47477768657643465,0.7183396756927986,0.08699691254398818,0.5752751602149699,0.2919801176675728,,,
148,RBS_BA_58,bandit,TTTAAGACCCCCCTATACAT,CCCCCC,0.8077049998904985,0.036065651473925514,0.15552942620096563,-0.12446646400143746,-0.11789804559249994,-0.31722632508005105,0.15138711359429044,0.38492825938161834,,,
149,RBS_BA_59,bandit,TTTAAGATTTTTTTATACAT,TTTTTT,1.0672687333188555,0.392810143522512,0.5493998248397243,0.298445091227195,0.3514522443934043,0.202931903214213,0.5318752074603381,0.31358192570682836,,,
150,RBS_RP_30,prob random,TTTAAGAGAAAGATATACAT,GAAAGA,0.49071596055489924,0.11508339149826245,-0.01804952254857402,-0.26371537814109347,0.1383246456383525,-0.2616855689593551,0.09247181940036933,0.2739965545172486,,,
151,RBS_RP_31,prob random,TTTAAGACGGGGGTATACAT,CGGGGG,0.7828193219788627,0.8118429464602918,0.8488469622884445,1.1850818607978675,1.2301338082129423,1.0939771202122648,0.9717449799476817,0.21716520128700662,,,
152,RBS_RP_32,prob random,TTTAAGATGAGGGTATACAT,TGAGGG,0.9579999917796708,0.3669646872143412,0.5093097105768617,0.6887228643474934,0.7769624292737495,0.8060101393948553,0.6599919366384233,0.23015563508165202,,,
153,RBS_RP_33,prob random,TTTAAGACCGGGATATACAT,CCGGGA,-0.5860426630471792,-0.659232279968728,-0.32279273506370415,-0.38509342384538237,-1.9674011175026629,-1.0958536065765427,-0.7841124438855314,0.6758385218809829,,,
154,RBS_RP_34,prob random,TTTAAGAAAGGGTTATACAT,AAGGGT,0.7286443537804213,0.24214738272350864,-0.0799019623583469,0.13898393705900036,0.27267397188763964,0.05714180272779147,0.2605095366184446,0.29592389613051934,,,
155,RBS_RP_35,prob random,TTTAAGACTGTAGTATACAT,CTGTAG,-0.5122022221799933,-0.4093081078510372,-0.36635861031457034,-0.5696139034732329,-1.6636407119288585,-1.4682403910741444,-0.7042247111495386,0.5423562190477909,,,
156,RBS_RP_36,prob random,TTTAAGACTGACATATACAT,CTGACA,-0.28531590862131057,-1.4265920211325303,-1.2832667781512357,-1.2441918637964244,-0.522937428543276,-0.76761771835909,-0.9524608000489554,0.5120821848925345,,,
157,RBS_RP_37,prob random,TTTAAGACGTGTGTATACAT,CGTGTG,-0.6271742370640306,-0.8247018464252016,-0.5180061760218253,-0.9785596613264081,-0.45949678128895594,-0.7357513490482325,-0.6815877404252844,0.21663224646314855,,,
158,RBS_RP_38,prob random,TTTAAGAGAGGGGTATACAT,GAGGGG,-0.6133090533110389,-1.269234521147797,-0.8793267764846558,-0.5670533729304407,-0.6164561673220061,-0.7856883789833197,-0.7890759782391876,0.29524696492933145,,,
159,RBS_RP_39,prob random,TTTAAGACTAGGATATACAT,CTAGGA,0.6215310618223427,0.012713448952814272,-0.23875721230441024,-0.09828034814137139,0.020809747479922897,-0.3086452116587813,0.06360333956185964,0.3291400338098965,,,
160,RBS_RP_40,prob random,TTTAAGAATTGGGTATACAT,ATTGGG,0.8475576384917006,-0.0028268559736321828,0.13782985288263602,0.012539651085417203,0.16127424765566137,-0.35342701717210523,0.2312749068283566,0.3521665881333334,,,
161,RBS_RP_41,prob random,TTTAAGATACTGATATACAT,TACTGA,0.6973264295204826,0.6865053505014862,0.5046493814852978,0.20606279126901994,0.41855344252367493,0.1384938767800246,0.5026194790599923,0.20417020984325518,,,
162,RBS_RP_42,prob random,TTTAAGAAGAGCGTATACAT,AGAGCG,0.4044828799643979,0.4075292002095148,0.07249677085653496,-0.028556071621173913,0.18235768594819993,-0.15260192386586796,0.20766209307149475,0.19582791000580746,,,
163,RBS_RP_43,prob random,TTTAAGAAGGGGTTATACAT,AGGGGT,0.7762434010215002,0.953181900180336,0.7088337319933626,0.909706462742409,1.1641270073626568,0.9748747902030513,0.9024185006600529,0.17643454737608172,,,
164,RBS_RP_45,prob random,TTTAAGACAAGCCTATACAT,CAAGCC,-0.7825566185042866,-0.43929938816924474,-0.15372001979191058,-0.5612950676562591,-1.859608411408836,-0.6938921159963289,-0.7592959011061075,0.6556586245277765,,,
165,RBS_RP_46,prob random,TTTAAGACAATTGTATACAT,CAATTG,-0.016046708358633033,-1.5273533912171506,-0.21482005549329125,-0.3872792119672008,-0.3803853571282709,-0.7311159875501055,-0.5051769448329093,0.5911583998260946,,,
166,RBS_RP_47,prob random,TTTAAGATATTTTTATACAT,TATTTT,0.07922004235995839,-0.08479653546362344,-0.9345826077236745,-0.5146344384100575,-0.29166195095311437,-1.4928232982046235,-0.34929109803810227,0.3958550432878894,,,
167,RBS_RP_48,prob random,TTTAAGATCCGGCTATACAT,TCCGGC,-0.2798556531429303,-0.5191541048848656,-0.29705700814094826,-0.4215342719624986,-1.748685498224121,-0.5847987232288302,-0.6532573072710728,0.6200704806559384,,,
168,RBS_RP_49,prob random,TTTAAGATGGGAGTATACAT,TGGGAG,1.1996258527816719,0.9083255496316123,0.8159554680969625,1.1611374750980141,1.1251897201730805,1.036765346617162,1.0420468131562681,0.1695030642109093,,,
169,RBS_RP_50,prob random,TTTAAGAAAAGTGTATACAT,AAAGTG,-0.016566630281978117,-0.3496573664269766,-0.12324553145175159,-0.2925301072275133,-0.19307428059834314,-0.564389710975998,-0.19501478319731258,0.13268562591140715,,,
170,RBS_RP_51,prob random,TTTAAGACGGGAGTATACAT,CGGGAG,0.8494336810659256,0.5861751988840644,0.3848082005148135,0.5665733203492807,0.5799402452434532,0.3813249408979466,0.5933861292115075,0.16584391546043833,,,
171,RBS_RP_52,prob random,TTTAAGATAAGAGTATACAT,TAAGAG,0.46039485455951634,0.020041580783492944,-0.08321979932448434,-0.3768778149575194,-0.23542730020697689,-0.666890995373723,-0.04301769582919426,0.31917899068642575,,,
172,RBS_RP_53,prob random,TTTAAGATAAGGGTATACAT,TAAGGG,0.9843268164259711,0.7136496368837992,0.583271576822338,0.35208734312343415,0.5049305430522388,0.43220800452908625,0.6276531832615563,0.23852598196601477,,,
173,RBS_RP_54,prob random,TTTAAGATAGTCTTATACAT,TAGTCT,1.0282158472697582,0.8426468495750252,0.49989309015603617,0.41648793380171656,0.4537641006223818,0.26003235484665727,0.6482015642849837,0.27189720556199926,,,
174,RBS_RP_55,prob random,TTTAAGAAAGTAGTATACAT,AAGTAG,0.811795030094759,0.4885397197102572,0.4711172072456849,0.12596437014563686,0.32015741618995686,-0.18214549137318553,0.44351474867725893,0.25222746866690404,,,
175,RBS_RP_57,prob random,TTTAAGACCACGCTATACAT,CCACGC,0.4689572710021034,0.4370928697056242,0.14488701633106923,0.07184381575561566,0.2099705396957026,-0.0012907771865872004,0.26655030249802303,0.17745928326524027,,,
176,RBS_RP_58,prob random,TTTAAGAGTAATGTATACAT,GTAATG,0.5129022817017806,0.3338092007584949,0.3781323409647956,-0.03192490528165071,0.3480304578142986,-0.03648420790069488,0.3081898751915438,0.20292905389581986,,,
177,RBS_RP_59,prob random,TTTAAGACATTGATATACAT,CATTGA,0.7550103088344912,0.33387148020383717,0.28719130392831965,-0.008969131331076916,0.34426702294855244,-0.18933255454026607,0.3422741969168247,0.27241130475042247,,,
178,RBS_BA_3385,bandit2,TTTAAGATGCTATTATACAT,TGCTAT,-0.040947587372160046,,,,,,-0.040947587372160046,,1.14803745152305,0.751928955265188,2.65189536205342
179,RBS_BA_3387,bandit2,TTTAAGATGCTGGTATACAT,TGCTGG,-0.1592187032700271,,,,,,-0.1592187032700271,,0.993331269208016,0.746657417660159,2.48664610452833
180,RBS_BA_1534,bandit2,TTTAAGAGCGAATTATACAT,GCGAAT,-0.04546734920791385,,,,,,-0.04546734920791385,,0.942981804940697,0.769577107643652,2.482136020228
181,RBS_BA_1896,bandit2,TTTAAGAGTCTATTATACAT,GTCTAT,-0.1482408126932429,,,,,,-0.1482408126932429,,1.00067569602295,0.724696180383174,2.4500680567893
182,RBS_BA_2393,bandit2,TTTAAGACGCTATTATACAT,CGCTAT,-0.1777479115428883,,,,,,-0.1777479115428883,,1.02273446088958,0.697814947700661,2.4183643562909
183,RBS_BA_3384,bandit2,TTTAAGATGCTACTATACAT,TGCTAC,-0.27499235631083035,,,,,,-0.27499235631083035,,0.992106203385378,0.70358175004296,2.3992697034713
184,RBS_BA_1582,bandit2,TTTAAGAGCGTATTATACAT,GCGTAT,-0.15082463937105314,,,,,,-0.15082463937105314,,0.949465042764394,0.724264752385804,2.397994547536
185,RBS_BA_1584,bandit2,TTTAAGAGCGTGGTATACAT,GCGTGG,-0.009336496498652001,,,,,,-0.009336496498652001,,0.866603296446494,0.741152229893558,2.34890775623361
186,RBS_BA_1707,bandit2,TTTAAGAGCTTATTATACAT,GCTTAT,-0.19772568366887974,,,,,,-0.19772568366887974,,0.939491622297344,0.698290595900061,2.33607281409747
187,RBS_BA_3389,bandit2,TTTAAGATGCTGTTATACAT,TGCTGT,-0.2739252981873083,,,,,,-0.2739252981873083,,0.990406216882032,0.67232582103987,2.33505785896177
188,RBS_BA_3357,bandit2,TTTAAGATGCGGTTATACAT,TGCGGT,-0.2098180523733902,,,,,,-0.2098180523733902,,0.905292390741036,0.699656905576232,2.3046062018935
189,RBS_BA_3321,bandit2,TTTAAGATGGTATTATACAT,TGGTAT,-0.030715895476227214,,,,,,-0.030715895476227214,,0.976045189890896,0.660337800692257,2.29672079127541
190,RBS_BA_1393,bandit2,TTTAAGAGGCTATTATACAT,GGCTAT,0.7408294828339905,,,,,,0.7408294828339905,,0.981957531022256,0.653170521520107,2.28829857406247
191,RBS_BA_1898,bandit2,TTTAAGAGTCTGGTATACAT,GTCTGG,-0.35796886087697916,,,,,,-0.35796886087697916,,0.842622689646306,0.719319620242034,2.28126193013037
192,RBS_BA_3337,bandit2,TTTAAGATGCAATTATACAT,TGCAAT,-1.082835108471639,,,,,,-1.082835108471639,,0.808371343390833,0.733563473958964,2.27549829130876
193,RBS_BA_1566,bandit2,TTTAAGAGCGCATTATACAT,GCGCAT,-0.6782612359272481,,,,,,-0.6782612359272481,,0.808577573619486,0.73220886216019,2.27299529793987
194,RBS_BA_1540,bandit2,TTTAAGAGCGACGTATACAT,GCGACG,-0.3876151017622515,,,,,,-0.3876151017622515,,0.771644941977455,0.744674287379479,2.26099351673641
195,RBS_BA_1709,bandit2,TTTAAGAGCTTGGTATACAT,GCTTGG,-0.9580940990187328,,,,,,-0.9580940990187328,,0.840590789024527,0.701300050653059,2.24319089033064
196,RBS_BA_2395,bandit2,TTTAAGACGCTGGTATACAT,CGCTGG,-0.992920001453763,,,,,,-0.992920001453763,,0.869239961703417,0.680588220157125,2.23041640201767
197,RBS_BA_1691,bandit2,TTTAAGAGCTCATTATACAT,GCTCAT,-1.2473914126138592,,,,,,-1.2473914126138592,,0.807598209887425,0.704029789309401,2.21565778850623
198,RBS_BA_1532,bandit2,TTTAAGAGCGAAGTATACAT,GCGAAG,-0.5938885441659096,,,,,,-0.5938885441659096,,0.783336180702479,0.707863947538616,2.19906407577971
199,RBS_BA_1895,bandit2,TTTAAGAGTCTACTATACAT,GTCTAC,-0.42962820896033466,,,,,,-0.42962820896033466,,0.840592070591551,0.679061577854074,2.1987152262997
200,RBS_BA_1660,bandit2,TTTAAGAGCTAATTATACAT,GCTAAT,-0.4294181082150644,,,,,,-0.4294181082150644,,0.851455055623273,0.667897595070624,2.18725024576452
201,RBS_BA_1518,bandit2,TTTAAGAGCATATTATACAT,GCATAT,-0.01843069285012602,,,,,,-0.01843069285012602,,0.844330327119884,0.667578471238556,2.17948726959699
202,RBS_BA_1644,bandit2,TTTAAGAGCCTATTATACAT,GCCTAT,-0.3835483006820906,,,,,,-0.3835483006820906,,0.89930686707481,0.636542777989195,2.1723924230532
203,RBS_BA_2397,bandit2,TTTAAGACGCTGTTATACAT,CGCTGT,-1.5058112397385066,,,,,,-1.5058112397385066,,0.864770170289499,0.651553650359683,2.16787747100887
204,RBS_BA_3323,bandit2,TTTAAGATGGTGGTATACAT,TGGTGG,-0.17268555398382432,,,,,,-0.17268555398382432,,0.871722751155788,0.644897324894198,2.16151740094418
205,RBS_BA_1679,bandit2,TTTAAGAGCTGGTTATACAT,GCTGGT,-0.5660713333898562,,,,,,-0.5660713333898562,,0.776204560363088,0.688183700296658,2.1525719609564
206,RBS_BA_175,bandit2,TTTAAGAAACTATTATACAT,AACTAT,-1.174990086630795,,,,,,-1.174990086630795,,0.778847878412223,0.681494262117641,2.14183640264751
207,RBS_BA_2392,bandit2,TTTAAGACGCTACTATACAT,CGCTAC,-0.7167456919783869,,,,,,-0.7167456919783869,,0.866963038062502,0.635823805108942,2.13861064828039
208,RBS_BA_557,bandit2,TTTAAGAACGAATTATACAT,ACGAAT,-1.1335000649297093,,,,,,-1.1335000649297093,,0.826173902002916,0.652285885231586,2.13074567246609
209,RBS_BA_1520,bandit2,TTTAAGAGCATGGTATACAT,GCATGG,-0.8061500052906986,,,,,,-0.8061500052906986,,0.716536690695339,0.702505285285816,2.12154726126697
210,RBS_BA_3888,bandit2,TTTAAGATTCTATTATACAT,TTCTAT,-0.8812544780528085,,,,,,-0.8812544780528085,,0.874310383802822,0.622919661092807,2.12014970598844
211,RBS_BA_1581,bandit2,TTTAAGAGCGTACTATACAT,GCGTAC,-0.6475248911669947,,,,,,-0.6475248911669947,,0.780559295004924,0.669432782031084,2.11942485906709
212,RBS_BA_3394,bandit2,TTTAAGATGCTTATATACAT,TGCTTA,-0.6812351504541452,,,,,,-0.6812351504541452,,0.781305937587681,0.667292176470486,2.11589029052865
213,RBS_BA_1711,bandit2,TTTAAGAGCTTGTTATACAT,GCTTGT,-0.025402077940363678,,,,,,-0.025402077940363678,,0.832763242220175,0.641348988184561,2.1154612185893
214,RBS_BA_1395,bandit2,TTTAAGAGGCTGGTATACAT,GGCTGG,0.39347228793739825,,,,,,0.39347228793739825,,0.829653313392471,0.641141920873266,2.111937155139
215,RBS_BA_2365,bandit2,TTTAAGACGCGGTTATACAT,CGCGGT,-1.017848557001511,,,,,,-1.017848557001511,,0.780626893498879,0.663718961565051,2.10806481662898
216,RBS_BA_3353,bandit2,TTTAAGATGCGATTATACAT,TGCGAT,-1.0047787882719244,,,,,,-1.0047787882719244,,0.757853755810346,0.672471696643587,2.10279714909752
217,RBS_BA_3275,bandit2,TTTAAGATGGAATTATACAT,TGGAAT,-1.4046206200945566,,,,,,-1.4046206200945566,,0.872515687361901,0.612628952337013,2.09777359203593
218,RBS_BA_1900,bandit2,TTTAAGAGTCTGTTATACAT,GTCTGT,-1.2762363486977026,,,,,,-1.2762363486977026,,0.837814459753328,0.626855603370557,2.09152566649444
219,RBS_BA_2888,bandit2,TTTAAGACTCTATTATACAT,CTCTAT,-1.9500097660359677,,,,,,-1.9500097660359677,,0.97276697990741,0.558117833435124,2.08900264677766
220,RBS_BA_3383,bandit2,TTTAAGATGCTAGTATACAT,TGCTAG,-1.0381810970505934,,,,,,-1.0381810970505934,,0.868953023661424,0.60945053658635,2.08785409683412
221,RBS_BA_1848,bandit2,TTTAAGAGTCAATTATACAT,GTCAAT,-0.9579761385478448,,,,,,-0.9579761385478448,,0.671383397524575,0.705242829513168,2.08186905655091
222,RBS_BA_2329,bandit2,TTTAAGACGGTATTATACAT,CGGTAT,-0.9686584393505839,,,,,,-0.9686584393505839,,0.873205624492731,0.604034521574526,2.08127466764178
223,RBS_BA_1572,bandit2,TTTAAGAGCGCCGTATACAT,GCGCCG,-0.8576661673771513,,,,,,-0.8576661673771513,,0.666677174486913,0.70508384017818,2.07684485484327
224,RBS_BA_3320,bandit2,TTTAAGATGGTACTATACAT,TGGTAC,-0.7771511513798122,,,,,,-0.7771511513798122,,0.813229494245985,0.628636186878566,2.07050186800312
225,RBS_BA_3391,bandit2,TTTAAGATGCTCGTATACAT,TGCTCG,-0.04788834954495014,,,,,,-0.04788834954495014,,0.75665934427605,0.656013079179635,2.06868550263532
226,RBS_BA_3305,bandit2,TTTAAGATGGCATTATACAT,TGGCAT,-0.425629434348867,,,,,,-0.425629434348867,,0.728468392961969,0.667331284464878,2.06313096189172
227,RBS_BA_1689,bandit2,TTTAAGAGCTCAGTATACAT,GCTCAG,-1.4068952454328898,,,,,,-1.4068952454328898,,0.661728183793704,0.69973525264295,2.0611986890796
228,RBS_BA_1868,bandit2,TTTAAGAGTCGGTTATACAT,GTCGGT,-1.7526693278377952,,,,,,-1.7526693278377952,,0.782997557753232,0.637879866111674,2.05875728997658
229,RBS_BA_1586,bandit2,TTTAAGAGCGTGTTATACAT,GCGTGT,-1.0517309572041786,,,,,,-1.0517309572041786,,0.836578976112271,0.610123530226721,2.05682603656571
230,RBS_BA_3259,bandit2,TTTAAGATGATATTATACAT,TGATAT,-1.2119991975502629,,,,,,-1.2119991975502629,,0.891250822187609,0.582267423047388,2.05578566828238
231,RBS_BA_1392,bandit2,TTTAAGAGGCTACTATACAT,GGCTAC,0.0305992618015916,,,,,,0.0305992618015916,,0.827018237743629,0.611325831822647,2.04966990138892
232,RBS_BA_1665,bandit2,TTTAAGAGCTACGTATACAT,GCTACG,-1.744586248835127,,,,,,-1.744586248835127,,0.776670213630806,0.632843166121,2.04235654587281
233,RBS_BA_1533,bandit2,TTTAAGAGCGAACTATACAT,GCGAAC,-0.9973638937041707,,,,,,-0.9973638937041707,,0.709195202635413,0.66417682511897,2.03754885287335
234,RBS_BA_3388,bandit2,TTTAAGATGCTGCTATACAT,TGCTGC,-0.9393417065778413,,,,,,-0.9393417065778413,,0.826859911226498,0.603656868712568,2.03417364865163
235,RBS_BA_1550,bandit2,TTTAAGAGCGGATTATACAT,GCGGAT,-0.8242923366438968,,,,,,-0.8242923366438968,,0.882537129717056,0.574805973091353,2.03214907589976
236,RBS_BA_604,bandit2,TTTAAGAACGTATTATACAT,ACGTAT,-0.7369426187598859,,,,,,-0.7369426187598859,,0.760249029295688,0.635242955228617,2.03073493975292
237,RBS_BA_3351,bandit2,TTTAAGATGCGAGTATACAT,TGCGAG,0.20146444790229834,,,,,,0.20146444790229834,,0.753993612018825,0.637927507426523,2.02984862687187
238,RBS_BA_1706,bandit2,TTTAAGAGCTTACTATACAT,GCTTAC,-0.4079548035294968,,,,,,-0.4079548035294968,,0.778692683420563,0.624543118586716,2.02777892059399
239,RBS_BA_3261,bandit2,TTTAAGATGATGGTATACAT,TGATGG,-0.9695556565329153,,,,,,-0.9695556565329153,,0.750722864803937,0.635358080977655,2.02143902675925
240,RBS_BA_3335,bandit2,TTTAAGATGCAAGTATACAT,TGCAAG,-2.7836687552710084,,,,,,-2.7836687552710084,,0.656070073232364,0.680996785728923,2.01806364469021
241,RBS_BA_1697,bandit2,TTTAAGAGCTCCGTATACAT,GCTCCG,-1.6705133083389327,,,,,,-1.6705133083389327,,0.688768726370992,0.664321821389791,2.01741236915057
242,RBS_BA_1591,bandit2,TTTAAGAGCGTTATATACAT,GCGTTA,-1.415278316862231,,,,,,-1.415278316862231,,0.698649320999237,0.658400881387556,2.01545108377435
243,RBS_BA_3448,bandit2,TTTAAGATGTTATTATACAT,TGTTAT,-2.1780809054777195,,,,,,-2.1780809054777195,,0.695268149210715,0.660050666483462,2.01536948217764
244,RBS_BA_3293,bandit2,TTTAAGATGGGGTTATACAT,TGGGGT,-0.26510936284986697,,,,,,-0.26510936284986697,,0.992796520473484,0.510303631020066,2.01340378251362
245,RBS_BA_1397,bandit2,TTTAAGAGGCTGTTATACAT,GGCTGT,0.20124279304234652,,,,,,0.20124279304234652,,0.824663109775629,0.593224662891421,2.01111243555847
246,RBS_BA_1564,bandit2,TTTAAGAGCGCAGTATACAT,GCGCAG,-0.9509057034842915,,,,,,-0.9509057034842915,,0.649641732070976,0.680089968196839,2.00982166846465
247,RBS_BA_1470,bandit2,TTTAAGAGCAAATTATACAT,GCAAAT,-0.37039151469440496,,,,,,-0.37039151469440496,,0.611422727000464,0.697980776574108,2.00738428014868
249,RBS_BA_1646,bandit2,TTTAAGAGCCTGGTATACAT,GCCTGG,0.059746709189379646,,,,,,0.059746709189379646,,0.751185125368623,0.624013421864982,1.99921196909859
250,RBS_BA_3355,bandit2,TTTAAGATGCGGGTATACAT,TGCGGG,-0.3492228284088654,,,,,,-0.3492228284088654,,0.822346289009308,0.584662065709109,1.99167042042753
251,RBS_BA_2345,bandit2,TTTAAGACGCAATTATACAT,CGCAAT,-1.4247971684952772,,,,,,-1.4247971684952772,,0.683762278579672,0.652691762455533,1.98914580349074
252,RBS_BA_3325,bandit2,TTTAAGATGGTGTTATACAT,TGGTGT,-1.1597137789496437,,,,,,-1.1597137789496437,,0.847543913628027,0.570105921739198,1.98775575710642
253,RBS_BA_3280,bandit2,TTTAAGATGGACGTATACAT,TGGACG,-0.9420789730537339,,,,,,-0.9420789730537339,,0.719103723945118,0.632339464862296,1.98378265366971
254,RBS_BA_1522,bandit2,TTTAAGAGCATGTTATACAT,GCATGT,-1.098201779130004,,,,,,-1.098201779130004,,0.729154951091003,0.6243645316239,1.9778840143388
255,RBS_BA_1536,bandit2,TTTAAGAGCGAGGTATACAT,GCGAGG,1.2043617238682418,,,,,,1.2043617238682418,,0.769440911952287,0.602045391689033,1.97353169533035
256,RBS_BA_2890,bandit2,TTTAAGACTCTGGTATACAT,CTCTGG,-1.1417986480097795,,,,,,-1.1417986480097795,,0.815483877724928,0.578407502410714,1.97229888254636
257,RBS_BA_1693,bandit2,TTTAAGAGCTCGGTATACAT,GCTCGG,-0.8665727472257604,,,,,,-0.8665727472257604,,0.622549474368892,0.672255790464238,1.96706105529737
258,RBS_BA_1365,bandit2,TTTAAGAGGCGGTTATACAT,GGCGGT,-0.34421895799418956,,,,,,-0.34421895799418956,,0.719884661365244,0.621536706087029,1.9629580735393
259,RBS_BA_588,bandit2,TTTAAGAACGCATTATACAT,ACGCAT,-0.4329888478805861,,,,,,-0.4329888478805861,,0.635410080464985,0.660541382878961,1.95649284622291
260,RBS_BA_1162,bandit2,TTTAAGAGACTATTATACAT,GACTAT,-0.08343575487001584,,,,,,-0.08343575487001584,,0.677579410504718,0.637960086800142,1.953499584105
261,RBS_BA_1517,bandit2,TTTAAGAGCATACTATACAT,GCATAC,0.10506964547094243,,,,,,0.10506964547094243,,0.72385592487398,0.612820138516415,1.94949620190681
262,RBS_BA_2084,bandit2,TTTAAGACAGTGGTATACAT,CAGTGG,-0.26026784707545236,,,,,,-0.26026784707545236,,0.558830237890739,0.694956635411392,1.94874350871352
264,RBS_BA_1658,bandit2,TTTAAGAGCTAAGTATACAT,GCTAAG,-0.12684349429159883,,,,,,-0.12684349429159883,,0.677238678512841,0.634139365906549,1.94551741032594
265,RBS_BA_1548,bandit2,TTTAAGAGCGGAGTATACAT,GCGGAG,0.6035295861524286,,,,,,0.6035295861524286,,0.789157952524236,0.57688195673692,1.94292186599808
266,RBS_BA_2887,bandit2,TTTAAGACTCTACTATACAT,CTCTAC,-0.25404793110152296,,,,,,-0.25404793110152296,,0.813209439379929,0.564510213607478,1.94222986659488
267,RBS_BA_3330,bandit2,TTTAAGATGGTTATATACAT,TGGTTA,-0.1463099715523271,,,,,,-0.1463099715523271,,0.706032797824877,0.617108982445548,1.94025076271597
