idx,RBS,Name,Rep1,Rep2,Rep3,Rep4,Rep5,Rep6,AVERAGE,STD,PERC,Group,Usable,Replicates,Plate,Round,Rep7,Rep8,Rep9,Unnamed: 19,Unnamed: 20,RBS6,Pred Mean,Pred Std,Pred UCB
648.0,TTTAAGAAGGAGATATACAT,RBS_1by1_0,1.0,1.0,1.0,1.0,1.0,0.9981092679791871,0.9996848779965312,0.0007718881152221568,0.282439697367451,Consensus,Yes,"1,2,3,4,5,6",First_Plate,0,,,,,,AGGAGA,,,
4096.0,CTTAAGAAGGAGATATACAT,RBS_1by1_1,0.8166827670665238,0.8226838055174308,0.8839589871399967,0.7619249316670644,0.8870752603349199,0.9207423940778646,0.8488446909673,0.05854518900094616,0.2858212159316,BPS-NC,Yes,"1,2,3,4,5,6",First_Plate,0,,,,,,AGGAGA,,,
4097.0,GTTAAGAAGGAGATATACAT,RBS_1by1_2,0.6174979377590774,0.6333104345332297,0.7076794137424424,0.48957183107361907,0.5490589297944677,0.6152336848888666,0.6020587052986172,0.07484200384129418,0.370242793645159,BPS-NC,Yes,"1,2,3,4,5,6",First_Plate,0,,,,,,AGGAGA,,,
4098.0,ATTAAGAAGGAGATATACAT,RBS_1by1_3,0.8380310124933472,0.8686971985196852,0.8363000099805011,0.7144157281411563,0.7813743185191306,0.7428468187477489,0.7969441810669281,0.06060593250117395,0.313749363261467,BPS-NC,Yes,"1,2,3,4,5,6",First_Plate,0,,,,,,AGGAGA,,,
4099.0,TCTAAGAAGGAGATATACAT,RBS_1by1_4,0.8145274346002416,0.9100654047042106,0.8051047437677096,0.7930059623437977,0.7865534347840593,0.9666704663182131,0.8459879077530386,0.07439212746287271,0.216994188265685,BPS-NC,Yes,"1,2,3,4,5,6",First_Plate,0,,,,,,AGGAGA,,,
4100.0,TGTAAGAAGGAGATATACAT,RBS_1by1_5,0.5206945086552364,0.5004644519722898,0.6041833584854439,0.4297135645998921,0.49251569477487195,0.5266977041787237,0.512378213777743,0.056696198754111846,0.352868906514479,BPS-NC,Yes,"1,2,3,4,5,6",First_Plate,0,,,,,,AGGAGA,,,
4101.0,TATAAGAAGGAGATATACAT,RBS_1by1_6,0.7555644070515621,0.7477291624193471,0.7075063029318599,0.5787252321171307,0.6839102916841406,0.8492002893674065,0.7204392809285745,0.08960179687566196,0.262864725328496,BPS-NC,Yes,"1,2,3,4,5,6",First_Plate,0,,,,,,AGGAGA,,,
4103.0,TTGAAGAAGGAGATATACAT,RBS_1by1_8,0.8061998774905889,0.8246215790914522,,0.8046131863600894,0.7904494374820008,0.9874141423491037,0.8426596445546469,0.08182601932677662,0.143863809638957,BPS-NC,Yes,"1,2,3,4,5,6",First_Plate,0,,,,,,AGGAGA,,,
4104.0,TTAAAGAAGGAGATATACAT,RBS_1by1_9,0.586921793449673,0.602640240927297,0.799357804436017,0.4832994226597698,0.5075622935441504,0.5505125585133921,0.5883823522550499,0.1128933012226795,0.500165613246485,BPS-NC,Yes,"1,2,3,4,5,6",First_Plate,0,,,,,,AGGAGA,,,
4105.0,TTTCAGAAGGAGATATACAT,RBS_1by1_10,0.7986751743585084,0.6710294907430105,0.6422876821183333,0.7084244649560734,0.6811426798027919,0.9115319830352439,0.7355152458356602,0.10149989747541664,0.229046172406994,BPS-NC,Yes,"1,2,3,4,5,6",First_Plate,0,,,,,,AGGAGA,,,
4106.0,TTTGAGAAGGAGATATACAT,RBS_1by1_11,0.8626860076652213,0.8953383237177088,0.7978143866538132,0.7622020508768332,0.8000803044387789,0.8781813601750492,0.8327170722545675,0.053183237991087935,0.246492931279195,BPS-NC,Yes,"1,2,3,4,5,6",First_Plate,0,,,,,,AGGAGA,,,
4107.0,TTTTAGAAGGAGATATACAT,RBS_1by1_12,0.8759527691186584,0.7876216688118527,0.848437696816198,0.6918261846458249,0.691451550198821,0.8729342767474669,0.7947040243898037,0.0859112583470469,0.346878040617958,BPS-NC,Yes,"1,2,3,4,5,6",First_Plate,0,,,,,,AGGAGA,,,
4108.0,TTTACGAAGGAGATATACAT,RBS_1by1_13,0.8143388279332835,0.7769349649439911,0.8473966412023545,0.743138476684147,0.7094707392705811,0.9466830472034273,0.8063271162062975,0.08448495871795085,0.307219386666956,BPS-NC,Yes,"1,2,3,4,5,6",First_Plate,0,,,,,,AGGAGA,,,
4109.0,TTTAGGAAGGAGATATACAT,RBS_1by1_14,0.76314476422013,0.7693531768730968,0.8530302127560307,0.7013510246729218,0.6520986689969965,0.7894614011790213,0.7547398747830328,0.07005191237907804,0.359171828303309,BPS-NC,Yes,"1,2,3,4,5,6",First_Plate,0,,,,,,AGGAGA,,,
4110.0,TTTATGAAGGAGATATACAT,RBS_1by1_15,0.594600117686853,0.5402653570008454,0.752343604120366,0.4932404207131216,0.47632559386164847,0.497129707629787,0.5589841335021035,0.10391093854613559,0.486946994004532,BPS-NC,Yes,"1,2,3,4,5,6",First_Plate,0,,,,,,AGGAGA,,,
4111.0,TTTAACAAGGAGATATACAT,RBS_1by1_16,0.6612386498940636,0.64919595509224,0.6456358123942579,0.5370918097509411,0.6004051210701482,0.7104797949242782,0.6340078571876548,0.059122288721255654,0.268922756662116,BPS-NC,Yes,"1,2,3,4,5,6",First_Plate,0,,,,,,AGGAGA,,,
4112.0,TTTAAAAAGGAGATATACAT,RBS_1by1_17,0.6323437888777035,0.5631939006055101,0.5498486976101441,0.49792151065132173,0.5342992229862872,0.6795091416679653,0.5761860437331553,0.06718876302063694,0.247871966408043,BPS-NC,Yes,"1,2,3,4,5,6",First_Plate,0,,,,,,AGGAGA,,,
4113.0,TTTAATAAGGAGATATACAT,RBS_1by1_18,0.6468309473884305,0.6220404658004344,0.5840937227588809,0.538895892118192,0.5565407033541999,0.640520521079215,0.598153708749892,0.04511277372740107,0.250961658011903,BPS-NC,Yes,"1,2,3,4,5,6",First_Plate,0,,,,,,AGGAGA,,,
4114.0,TTTAAGCAGGAGATATACAT,RBS_1by1_19,0.5489897377688315,0.4999163923789644,0.6306431871356037,0.4546022909120143,0.49887930980138473,0.575634188514982,0.5347775177519635,0.06323531877865604,0.359967315678838,BPS-NC,Yes,"1,2,3,4,5,6",First_Plate,0,,,,,,AGGAGA,,,
4115.0,TTTAAGGAGGAGATATACAT,RBS_1by1_20,0.6489165642267128,0.7982518977324177,0.6349740038304399,0.6025895947560804,0.512353965443636,0.7669553968344981,0.6606735704706308,0.10620242100712764,0.247438951772998,BPS-NC,Yes,"1,2,3,4,5,6",First_Plate,0,,,,,,AGGAGA,,,
4116.0,TTTAAGTAGGAGATATACAT,RBS_1by1_21,0.49290085694744895,0.5300613558240962,0.6586747329468035,0.469722207632834,0.421283868560517,0.5154718214405977,0.5146858072253829,0.08023723267505325,0.42247609953164,BPS-NC,Yes,"1,2,3,4,5,6",First_Plate,0,,,,,,AGGAGA,,,
1672.0,TTTAAGACGGAGATATACAT,RBS_1by1_22,0.6101127836478657,0.6565919109012944,0.5432655989362363,0.5467749187594674,0.5790721974836811,0.7110047509328613,0.6078036934435677,0.06595643436292688,0.177653339958677,BPS-C,Yes,"1,2,3,4,5,6",First_Plate,0,,,,,,CGGAGA,,,
2696.0,TTTAAGAGGGAGATATACAT,RBS_1by1_23,0.32359644143917465,0.36512676533832056,0.6350522934524957,0.29400775362319304,0.3614327395368787,0.3402834188214909,0.38658323536859224,0.12450785470325805,0.624405661975777,BPS-C,Yes,"1,2,3,4,5,6",First_Plate,0,,,,,,GGGAGA,,,
3720.0,TTTAAGATGGAGATATACAT,RBS_1by1_24,0.7212126500466189,0.6618464193787077,0.44942254773836926,0.5529645045675553,0.6650684784508305,0.602838837658764,0.6088922396401409,0.09712973531696992,0.228430931567653,BPS-C,Yes,"1,2,3,4,5,6",First_Plate,0,,,,,,TGGAGA,,,
392.0,TTTAAGAACGAGATATACAT,RBS_1by1_25,0.7264735536363918,0.7077250934781939,0.7971201325691606,0.6231103873369255,0.6524437191633264,0.8292317637919085,0.7226841083293177,0.07997486454220672,0.333040506017407,BPS-C,Yes,"1,2,3,4,5,6",First_Plate,0,,,,,,ACGAGA,,,
136.0,TTTAAGAAAGAGATATACAT,RBS_1by1_26,0.44496058115600584,0.4007646726656406,0.748959695097056,0.29634222493795037,0.34719868969327067,0.37542813610676184,0.43560899994278085,0.1614457130548604,0.701151034207716,BPS-C,Yes,"1,2,3,4,5,6",First_Plate,0,,,,,,AAGAGA,,,
904.0,TTTAAGAATGAGATATACAT,RBS_1by1_27,0.31058560679061387,0.33531098233180834,0.485187523515482,0.2743736864928898,0.3170408157912677,0.08451027141908642,0.3011681477235247,0.12886277388463166,0.571047301523296,BPS-C,Yes,"1,2,3,4,5,6",First_Plate,0,,,,,,ATGAGA,,,
584.0,TTTAAGAAGCAGATATACAT,RBS_1by1_28,0.3592986217305504,0.31683158297022657,0.440122108219584,0.29903148604810553,0.25954480290721615,0.12342081310111833,0.2997082358294669,0.10606704805480471,0.50494802459141,BPS-C,Yes,"1,2,3,4,5,6",First_Plate,0,,,,,,AGCAGA,,,
520.0,TTTAAGAAGAAGATATACAT,RBS_1by1_29,0.0773815873502625,0.2320728950566135,0.36842521926494715,0.11672715561667911,0.22884073717829814,0.11557103657677979,0.18983643850726337,0.10835646441869118,0.707753287865639,BPS-C,Yes,"1,2,3,4,5,6",First_Plate,0,,,,,,AGAAGA,,,
712.0,TTTAAGAAGTAGATATACAT,RBS_1by1_30,0.26526883197067,0.0009569965726741058,0.04602712621291321,0.2146084838116912,0.16776521492894367,0.057374990236897266,0.12533360728896492,0.10557437650997319,0.49007332005234,BPS-C,Yes,"1,2,3,4,5,6",First_Plate,0,,,,,,AGTAGA,,,
664.0,TTTAAGAAGGCGATATACAT,RBS_1by1_31,0.07215429693608919,0.0887591502769869,0.1407846422048175,0.20243336803306142,0.22492358268323775,0.11764446024239095,0.14111658339609728,0.061370204031992864,0.368394705376963,BPS-C,Yes,"1,2,3,4,5,6",First_Plate,0,,,,,,AGGCGA,,,
680.0,TTTAAGAAGGGGATATACAT,RBS_1by1_32,0.4054092858386506,0.44520676119860114,0.2008675935157852,0.3562929051502225,0.33747649083540837,0.4018478293965996,0.3578501443225446,0.0858951439299165,0.156203079184816,BPS-C,Yes,"1,2,3,4,5,6",First_Plate,0,,,,,,AGGGGA,,,
696.0,TTTAAGAAGGTGATATACAT,RBS_1by1_33,0.4127057656408558,0.4520242449646846,0.4648444579234015,0.347522215254008,0.34793876075078545,0.45492583186294444,0.4133268793994467,0.05382985326141685,0.311700731419151,BPS-C,Yes,"1,2,3,4,5,6",First_Plate,0,,,,,,AGGTGA,,,
644.0,TTTAAGAAGGACATATACAT,RBS_1by1_34,0.4978663544418106,0.4630832531906159,0.469517501499654,0.4527095111468989,0.40497562803228676,0.5361974208352435,0.47072494485775157,0.044115038503070504,0.250484484877157,BPS-C,Yes,"1,2,3,4,5,6",First_Plate,0,,,,,,AGGACA,,,
640.0,TTTAAGAAGGAAATATACAT,RBS_1by1_35,0.4460534292748264,0.44626620996510624,0.5023378538119374,0.3405163466004682,0.3967431748369675,0.4265896685677878,0.42641778050951556,0.054411477648543136,0.344830424411704,BPS-C,Yes,"1,2,3,4,5,6",First_Plate,0,,,,,,AGGAAA,,,
652.0,TTTAAGAAGGATATATACAT,RBS_1by1_36,0.7052185963633348,0.7183906136735807,0.5573434979901769,0.5891883105754453,0.6534152956069086,0.6150858648406523,0.6397736965083497,0.06420725151840476,0.216276388132994,BPS-C,Yes,"1,2,3,4,5,6",First_Plate,0,,,,,,AGGATA,,,
649.0,TTTAAGAAGGAGCTATACAT,RBS_1by1_37,0.5340059398013881,0.49595734567687444,0.7777846451100734,0.43606211351995855,0.44174212081268743,0.4885500626812112,0.5290170379336989,0.12719926099749904,0.564963718935367,BPS-C,Yes,"1,2,3,4,5,6",First_Plate,0,,,,,,AGGAGC,,,
650.0,TTTAAGAAGGAGGTATACAT,RBS_1by1_38,0.5011250742935003,0.5150055939526472,0.5935610924678684,0.3921853302443839,0.42829536249776395,0.4621173570361027,0.4820483017487111,0.07105938859426868,0.388899173068597,BPS-C,Yes,"1,2,3,4,5,6",First_Plate,0,,,,,,AGGAGG,,,
651.0,TTTAAGAAGGAGTTATACAT,RBS_1by1_39,0.4964879146050306,0.4071540166060289,0.5791526848171052,0.3724542077778051,0.41714316945682745,0.4483842060860785,0.45346269989147925,0.0744323998595232,0.418050905657201,BPS-C,Yes,"1,2,3,4,5,6",First_Plate,0,,,,,,AGGAGT,,,
4117.0,TTTAAGAAGGAGACATACAT,RBS_1by1_40,0.5441733112704725,0.5615171442476942,0.5302308653423486,0.6210594331366358,0.5411143536302214,0.6463203973048456,0.5740692508220364,0.04793215470548521,0.190191473361324,BPS-NC,Yes,"1,2,3,4,5,6",First_Plate,0,,,,,,AGGAGA,,,
4118.0,TTTAAGAAGGAGAGATACAT,RBS_1by1_41,0.6148041156880264,0.5678757149960555,0.5675307998235339,0.5676515933901017,0.5305676730215538,0.6501260033007662,0.583092650036673,0.04235590451985095,0.241121957150522,BPS-NC,Yes,"1,2,3,4,5,6",First_Plate,0,,,,,,AGGAGA,,,
4119.0,TTTAAGAAGGAGAAATACAT,RBS_1by1_42,0.06579404462356653,0.1040034733390634,0.5579202522077225,0.11867386588364659,0.14185199803121748,0.09141297036112057,0.17994276740772283,0.18692565168184277,1.18224016630646,BPS-NC,Yes,"1,2,3,4,5,6",First_Plate,0,,,,,,AGGAGA,,,
4120.0,TTTAAGAAGGAGATCTACAT,RBS_1by1_43,0.0822659001666214,0.09819087511322214,0.17648404587089425,0.09452575740838605,0.1536328413506767,0.13725010416237787,0.1237249206786964,0.037641383074168075,0.448232002430611,BPS-NC,Yes,"1,2,3,4,5,6",First_Plate,0,,,,,,AGGAGA,,,
4121.0,TTTAAGAAGGAGATGTACAT,RBS_1by1_44,0.6752083443816926,0.7741139381066587,0.0,0.5919455557786243,0.6117723832613222,0.8285069489386653,0.5802578617444939,0.298681213055951,0.412532148116162,BPS-NC,Yes,"1,2,3,4,5,6",First_Plate,0,,,,,,AGGAGA,,,
4122.0,TTTAAGAAGGAGATTTACAT,RBS_1by1_45,0.5817183059564692,0.6239599086103947,0.666891776095757,0.5363622984546146,0.509121777385154,0.6238947061785126,0.590324795446817,0.05949910109415022,0.330204412246145,BPS-NC,Yes,"1,2,3,4,5,6",First_Plate,0,,,,,,AGGAGA,,,
4123.0,TTTAAGAAGGAGATACACAT,RBS_1by1_46,0.6196791041513935,0.5787903941749265,0.5973817928436047,0.5814184115717487,0.528773638666052,0.6500292284045582,0.5926787616353807,0.04109442787816187,0.261052256370505,BPS-NC,Yes,"1,2,3,4,5,6",First_Plate,0,,,,,,AGGAGA,,,
4124.0,TTTAAGAAGGAGATAGACAT,RBS_1by1_47,0.7384857758716807,0.7633930539869761,0.6047334613928765,0.6624595407114242,0.6766364635258091,0.7607761568373809,0.701080742054358,0.06358839792948882,0.188481874079065,BPS-NC,Yes,"1,2,3,4,5,6",First_Plate,0,,,,,,AGGAGA,,,
4125.0,TTTAAGAAGGAGATAAACAT,RBS_1by1_48,0.9302746368781679,0.8729302111567512,0.783587875660789,0.855394547755456,0.8071976089047272,0.9041488711071802,0.858922291910512,0.05602853644774956,0.249926971292371,BPS-NC,Yes,"1,2,3,4,5,6",First_Plate,0,,,,,,AGGAGA,,,
4126.0,TTTAAGAAGGAGATATCCAT,RBS_1by1_49,0.7473760318644342,0.6651165421134718,0.8931294313745958,0.6925631203212653,0.6838548901524202,0.8154480297848287,0.7495813409351694,0.0890558076841526,0.405613819160293,BPS-NC,Yes,"1,2,3,4,5,6",First_Plate,0,,,,,,AGGAGA,,,
4127.0,TTTAAGAAGGAGATATGCAT,RBS_1by1_50,0.5503876767667165,0.5462692805321255,0.7784312847483601,0.44435962672731616,0.44589422982874305,0.529396467382815,0.5491230943310127,0.1221578585568247,0.534574518703909,BPS-NC,Yes,"1,2,3,4,5,6",First_Plate,0,,,,,,AGGAGA,,,
4128.0,TTTAAGAAGGAGATATTCAT,RBS_1by1_51,0.7101644766368789,0.6355956562210622,0.5509821612938252,0.5678005732095411,0.5399514491032641,0.6092225378339126,0.6022861423830806,0.06403489554682773,0.2707938030396,BPS-NC,Yes,"1,2,3,4,5,6",First_Plate,0,,,,,,AGGAGA,,,
4129.0,TTTAAGAAGGAGATATAAAT,RBS_1by1_52,0.628218787616597,0.5873867974831906,0.6637060795558426,0.591341027820464,0.6430352748801074,0.7725626033985566,0.6477084284591264,0.06791488397003777,0.258977127012794,BPS-NC,Yes,"1,2,3,4,5,6",First_Plate,0,,,,,,AGGAGA,,,
4130.0,TTTAAGAAGGAGATATAGAT,RBS_1by1_53,0.6113980432888293,0.5977398473703551,0.5524997937593861,0.5835682775711502,0.5387436578904722,0.6590657863554664,0.5905025677059432,0.04326937489946186,0.213547642085878,BPS-NC,Yes,"1,2,3,4,5,6",First_Plate,0,,,,,,AGGAGA,,,
4131.0,TTTAAGAAGGAGATATATAT,RBS_1by1_54,0.6357499617161052,0.5841881145733477,0.5745640874611546,0.6195968743557339,0.5221630143463046,0.7250501379884884,0.6102186984068557,0.0687440196358326,0.232857612773263,BPS-NC,Yes,"1,2,3,4,5,6",First_Plate,0,,,,,,AGGAGA,,,
4132.0,TTTAAGAAGGAGATATACCT,RBS_1by1_55,0.6263038656412813,0.6259476743252937,0.5568373555838634,0.5819995701098486,0.5748596736109479,0.788578937315989,0.6257545127645373,0.08457716777420925,0.185522759483273,BPS-NC,Yes,"1,2,3,4,5,6",First_Plate,0,,,,,,AGGAGA,,,
4133.0,TTTAAGAAGGAGATATACGT,RBS_1by1_56,0.6603812620856778,0.7016929880370243,0.6516493093175477,0.6525509990261036,0.5486873499577632,0.7587092140015199,0.6622785204042728,0.0692337162363017,0.246680977385257,BPS-NC,Yes,"1,2,3,4,5,6",First_Plate,0,,,,,,AGGAGA,,,
4134.0,TTTAAGAAGGAGATATACTT,RBS_1by1_57,0.6771952343617732,0.6759415206071518,0.6666222142650704,0.6139227944415468,0.5409839295870742,0.7000940075497492,0.6457932834687277,0.05878459057985738,0.28642228374205,BPS-NC,Yes,"1,2,3,4,5,6",First_Plate,0,,,,,,AGGAGA,,,
4135.0,TTTAAGAAGGAGATATACAC,RBS_1by1_58,0.7022373457637879,0.6395817462906281,0.6678117951700522,0.6520956861378694,0.6503237024565439,0.8283572198947721,0.6900679159522757,0.07118666671461368,0.237978590036939,BPS-NC,Yes,"1,2,3,4,5,6",First_Plate,0,,,,,,AGGAGA,,,
4136.0,TTTAAGAAGGAGATATACAG,RBS_1by1_59,0.41606598767964026,0.29747677648745524,0.6800780366849761,0.3149452300004808,0.3921013696247636,0.3510731497159958,0.40862342503221855,0.14032618582239575,0.648132664918978,BPS-NC,Yes,"1,2,3,4,5,6",First_Plate,0,,,,,,AGGAGA,,,
4137.0,TTTAAGAAGGAGATATACAA,RBS_1by1_60,0.9469045877207383,0.8700378354081264,0.5306810462752366,0.8330698094640436,0.9221998737195891,1.0,0.8504821920979557,0.16718532605371766,0.221911519160352,BPS-NC,Yes,"1,2,3,4,5,6",First_Plate,0,,,,,,AGGAGA,,,
3041.0,TTTAAGAGTTGACTATACAT,RBS_RU_0,0.7122289649667977,0.72009998243993,0.9435594339137786,0.5989791443374037,0.6337558753683755,0.7858053944977178,0.7324047992540006,0.12290678719290875,0.482792124076787,UNI,Yes,"1,2,3,4,5,6",First_Plate,0,,,,,,GTTGAC,,,
3166.0,TTTAAGATACCTGTATACAT,RBS_RU_1,0.24555899902709113,0.17573197569964716,0.7751592930066266,0.28183661364823753,0.1413293826851949,0.3031408289798426,0.32045951550777335,0.23116544107700485,1.05079700351096,UNI,Yes,"1,2,3,4,5,6",First_Plate,0,,,,,,TACCTG,,,
2086.0,TTTAAGAGAAGCGTATACAT,RBS_RU_2,0.24726272474124456,0.07909145124709205,0.43650480866053537,0.21300764218895826,0.09626470088350243,0.1326628283519245,0.20079902601220953,0.13285167812211923,0.798014276008675,UNI,Yes,"1,2,3,4,5,6",First_Plate,0,,,,,,GAAGCG,,,
2873.0,TTTAAGAGTATGCTATACAT,RBS_RU_3,0.33953597449478423,0.1592464364940767,0.10954977192539828,0.13870620156207542,0.2376804212475395,0.1930296357815791,0.19629140691757554,0.08301227951232303,0.343767595132776,UNI,Yes,"1,2,3,4,5,6",First_Plate,0,,,,,,GTATGC,,,
3359.0,TTTAAGATCACTTTATACAT,RBS_RU_4,0.036920532688404735,0.13838401587045474,0.10859539487221215,0.1599915863053955,0.26451183810235224,0.05086944680840601,0.12654546910787087,0.0829158702093754,0.410914404963235,UNI,Yes,"1,2,3,4,5,6",First_Plate,0,,,,,,TCACTT,,,
2085.0,TTTAAGAGAAGCCTATACAT,RBS_RU_5,0.0421136637243853,0.25918105503557853,0.28187969252896233,0.09193028516485384,0.26555352090786716,0.25619234550211034,0.19947509381062623,0.10417968171217336,0.547300065293883,UNI,Yes,"1,2,3,4,5,6",First_Plate,0,,,,,,GAAGCC,,,
800.0,TTTAAGAATAGAATATACAT,RBS_RU_6,0.1021727904481113,0.1346382482263588,0.15227197491500574,0.22039771744354772,0.26678701971516644,0.08424032727076791,0.1600846796698263,0.07048086808418236,0.333007568571241,UNI,Yes,"1,2,3,4,5,6",First_Plate,0,,,,,,ATAGAA,,,
3553.0,TTTAAGATCTGACTATACAT,RBS_RU_7,0.06518116912148962,0.2926693078409848,0.17075668227658658,0.22308659954565482,0.26219829927764066,0.14592314026303166,0.19330253305423137,0.08327746309336548,0.34563104591221,UNI,Yes,"1,2,3,4,5,6",First_Plate,0,,,,,,TCTGAC,,,
3116.0,TTTAAGATAAGTATATACAT,RBS_RU_8,0.24215570507259723,0.2823541084199605,0.20387229755919173,0.13090983325982003,0.21464435936857104,0.2580810901929993,0.2220028989788566,0.052973301560064676,0.244712994713723,UNI,Yes,"1,2,3,4,5,6",First_Plate,0,,,,,,TAAGTA,,,
2240.0,TTTAAGAGATAAATATACAT,RBS_RU_9,0.31318675866836193,0.26001748263683,0.18660522621656467,0.12336870950394456,0.2899965064339107,0.1445627546479424,0.21962290635125903,0.07915481517661942,0.296670509304436,UNI,Yes,"1,2,3,4,5,6",First_Plate,0,,,,,,GATAAA,,,
2768.0,TTTAAGAGGTCAATATACAT,RBS_RU_10,0.42314408526527986,0.40567723493478325,0.441577705632945,0.38577351795549014,0.3790507707664477,0.3744577284292258,0.4016135071640287,0.026738120676662102,0.293000528862038,UNI,Yes,"1,2,3,4,5,6",First_Plate,0,,,,,,GGTCAA,,,
1589.0,TTTAAGACGATCCTATACAT,RBS_RU_11,0.501739387781338,0.4418411438190426,0.5804479326000168,0.34925412143469875,0.4442844535318955,0.3561047477763926,0.44561196449056406,0.08791289220296833,0.435947612631788,UNI,Yes,"1,2,3,4,5,6",First_Plate,0,,,,,,CGATCC,,,
289.0,TTTAAGAACAGACTATACAT,RBS_RU_12,0.36215879827157127,0.28731444520876587,0.60937917217331,0.2671846585037709,0.2869275490077676,0.1905584186480314,0.33392050696886955,0.14564456890711516,0.703762091434159,UNI,Yes,"1,2,3,4,5,6",First_Plate,0,,,,,,ACAGAC,,,
3020.0,TTTAAGAGTTATATATACAT,RBS_RU_13,0.39897517870185517,0.29326402259211304,0.4829963715181214,0.24113664596013598,0.2728669536663213,0.14249774008557758,0.3052894854206874,0.12014101545577702,0.572262751548613,UNI,Yes,"1,2,3,4,5,6",First_Plate,0,,,,,,GTTATA,,,
2564.0,TTTAAGAGGAACATATACAT,RBS_RU_14,0.37142336268436577,0.2642055450124533,0.43996490098128677,0.2003696631050582,0.21455248252748368,0.20895904080971273,0.28324583252006,0.09980424741094664,0.552369609609251,UNI,Yes,"1,2,3,4,5,6",First_Plate,0,,,,,,GGAACA,,,
1376.0,TTTAAGACCCGAATATACAT,RBS_RU_15,0.6120423088558721,0.5820551772374002,0.1363838604758234,0.5161119258411706,0.4984788136975203,0.5956242966857782,0.49011606379892747,0.17906590357600075,0.313353491846927,UNI,Yes,"1,2,3,4,5,6",First_Plate,0,,,,,,CCCGAA,,,
237.0,TTTAAGAAATGTCTATACAT,RBS_RU_16,0.049746464456578134,0.28271257179945425,0.5404452343776466,0.2016997275006609,0.2062660723393465,0.16794122574438994,0.2414685493696794,0.16496819469787885,0.906210513458974,UNI,Yes,"1,2,3,4,5,6",First_Plate,0,,,,,,AATGTC,,,
1733.0,TTTAAGACGTACCTATACAT,RBS_RU_17,0.33291881281917884,0.2685483333484323,0.10155619410094648,0.25194986422153814,0.2990921555724561,0.0251116593837103,0.2131961699077104,0.12175106545468152,0.352030793414694,UNI,Yes,"1,2,3,4,5,6",First_Plate,0,,,,,,CGTACC,,,
366.0,TTTAAGAACCGTGTATACAT,RBS_RU_18,0.38471002593657105,0.27690647481011194,0.3902344725212058,0.2388915903862584,0.28919214575852303,0.20757031151534072,0.2979175034880018,0.07512607194964059,0.428812505964055,UNI,Yes,"1,2,3,4,5,6",First_Plate,0,,,,,,ACCGTG,,,
2577.0,TTTAAGAGGACACTATACAT,RBS_RU_19,0.0,0.3236070419179282,0.44147077875291885,0.21912284606391016,0.29649486038540246,0.2943620718607022,0.26250959983014366,0.14746069259699007,0.687291250726489,UNI,Yes,"1,2,3,4,5,6",First_Plate,0,,,,,,GGACAC,,,
852.0,TTTAAGAATCCCATATACAT,RBS_RU_20,0.37993760819592887,0.35058113261925444,0.433961199512832,0.24628023552212336,0.2935756258112011,0.28535455250170055,0.3316150590271734,0.06933769281422762,0.417819464088365,UNI,Yes,"1,2,3,4,5,6",First_Plate,0,,,,,,ATCCCA,,,
2200.0,TTTAAGAGAGCGATATACAT,RBS_RU_21,0.34235994245313506,0.20741379643719893,0.47146211089809875,0.2643297303500149,0.29347963672719923,0.3059396266621803,0.3141641405879712,0.08934455826278444,0.51616047060723,UNI,Yes,"1,2,3,4,5,6",First_Plate,0,,,,,,GAGCGA,,,
825.0,TTTAAGAATATGCTATACAT,RBS_RU_22,0.6970647103263808,0.6035129670174808,0.501626897052712,0.5426783883820948,0.5604750466361758,0.6891102351782941,0.5990780407655231,0.07986825322858257,0.233656325926584,UNI,Yes,"1,2,3,4,5,6",First_Plate,0,,,,,,ATATGC,,,
1043.0,TTTAAGACAACATTATACAT,RBS_RU_23,0.5733835887841799,0.46891196599745477,0.7280407968277641,0.3879562254143994,0.4736396231603502,0.3834066359181836,0.502556472683722,0.13050494098061358,0.54901221391955,UNI,Yes,"1,2,3,4,5,6",First_Plate,0,,,,,,CAACAT,,,
2500.0,TTTAAGAGCTACATATACAT,RBS_RU_24,0.6455484822577304,0.5803669842975443,0.6839500865919281,0.4752703816036624,0.606267244046494,0.61233753407492,0.6006234521453798,0.07106950854644563,0.352430113658201,UNI,Yes,"1,2,3,4,5,6",First_Plate,0,,,,,,GCTACA,,,
2081.0,TTTAAGAGAAGACTATACAT,RBS_RU_25,0.4204366798359821,0.39728458501173747,0.7277560529709212,0.3250550844243376,0.4237063297985989,0.37882509413331816,0.44551063769581584,0.14286277320638938,0.644326846244196,UNI,Yes,"1,2,3,4,5,6",First_Plate,0,,,,,,GAAGAC,,,
1883.0,TTTAAGACTCCGTTATACAT,RBS_RU_26,0.5235397465600135,0.42696841969855304,0.5576244827988183,0.3836290184712484,0.4376687941513921,0.3788983254154226,0.45138813118257465,0.07365138127615488,0.40121051526888,UNI,Yes,"1,2,3,4,5,6",First_Plate,0,,,,,,CTCCGT,,,
3868.0,TTTAAGATTACTATATACAT,RBS_RU_27,0.4540005707615699,0.3956460534059921,0.6425556596483645,0.31727544702214655,0.4163213383533287,0.3603685149855073,0.43102793069615153,0.1137297357569641,0.544935437198503,UNI,Yes,"1,2,3,4,5,6",First_Plate,0,,,,,,TTACTA,,,
1569.0,TTTAAGACGAGACTATACAT,RBS_RU_28,0.4340786605375974,0.3729281998370118,0.5038606274916315,0.2912984450602559,0.4396446166033989,0.3686251834830947,0.4017392888354983,0.07353260425220291,0.392259377029515,UNI,Yes,"1,2,3,4,5,6",First_Plate,0,,,,,,CGAGAC,,,
1679.0,TTTAAGACGGATTTATACAT,RBS_BA_00,0.6678004412921454,0.6490190226470989,0.6890851613296494,0.5195926039267639,0.6265208800435205,0.5621981798535255,0.6190360481821172,0.06535960164415362,0.338657205206697,Bandit-0,Yes,"1,2,3,4,5,6",Second_Plate,0,,,,,,CGGATT,,,
3944.0,TTTAAGATTCGGATATACAT,RBS_BA_01,0.5869745508255646,0.6214279303570049,0.6558416069771547,0.47030771038886365,0.5236054651035906,0.41528404386680023,0.5455735512531631,0.09246607275432309,0.390283803075528,Bandit-0,Yes,"1,2,3,4,5,6",Second_Plate,0,,,,,,TTCGGA,,,
1896.0,TTTAAGACTCGGATATACAT,RBS_BA_02,0.6208522074625981,0.5740028344796131,0.6344206239378649,0.4604296015025773,0.4825875724394129,0.425513505793398,0.532967724269244,0.0883703587505166,0.397360284050247,Bandit-0,Yes,"1,2,3,4,5,6",Second_Plate,0,,,,,,CTCGGA,,,
360.0,TTTAAGAACCGGATATACAT,RBS_BA_03,0.6034360701583623,0.5016734184505376,0.611885925452481,0.4546405421225475,0.4861314349473209,0.34031730858513826,0.49968078328606463,0.10096340853067749,0.420318229647254,Bandit-0,Yes,"1,2,3,4,5,6",Second_Plate,0,,,,,,ACCGGA,,,
2408.0,TTTAAGAGCCGGATATACAT,RBS_BA_04,0.6080065350164419,0.5983210366263777,0.6035496694571638,0.47320363982068203,0.460680303831138,0.3863473591962029,0.5216847573246677,0.09424925026778853,0.381043598938182,Bandit-0,Yes,"1,2,3,4,5,6",Second_Plate,0,,,,,,GCCGGA,,,
872.0,TTTAAGAATCGGATATACAT,RBS_BA_05,0.5419061341287001,0.6080212183118231,0.5674311402763437,0.40471239564390116,0.4635183597261181,0.36473507706975117,0.49172072085943946,0.09619524372852399,0.364854312853546,Bandit-0,Yes,"1,2,3,4,5,6",Second_Plate,0,,,,,,ATCGGA,,,
1443.0,TTTAAGACCGGATTATACAT,RBS_BA_06,0.6095684474735601,0.6182037586437819,0.6084631994871078,0.44896691199185707,0.48520268393757454,0.395722517755057,0.5276879198814898,0.09678744068909322,0.377868571898442,Bandit-0,Yes,"1,2,3,4,5,6",Second_Plate,0,,,,,,CCGGAT,,,
3080.0,TTTAAGATAAAGATATACAT,RBS_BA_07,0.5265805908211216,0.4749622552508958,0.5321809186825669,0.4074371659086248,0.40877879397343414,0.34199380239981697,0.44865558783941,0.07537463923776042,0.379177440816406,Bandit-0,Yes,"1,2,3,4,5,6",Second_Plate,0,,,,,,TAAAGA,,,
1584.0,TTTAAGACGATAATATACAT,RBS_BA_08,0.4468623525506909,0.5332911130019526,0.4925730678700472,0.3782349086294505,0.3733730283138923,0.3706459122098958,0.4324967304293215,0.06962833639935864,0.333205470068973,Bandit-0,Yes,"1,2,3,4,5,6",Second_Plate,0,,,,,,CGATAA,,,
273.0,TTTAAGAACACACTATACAT,RBS_BA_09,0.5043659879492465,0.4613752259217724,0.514110900038631,0.38773596345480704,0.3889374732256536,0.28277115800138536,0.42321611809858256,0.08770625286163398,0.396790575384761,Bandit-0,Yes,"1,2,3,4,5,6",Second_Plate,0,,,,,,ACACAC,,,
3276.0,TTTAAGATATATATATACAT,RBS_BA_10,0.575068319829445,0.5453585541430073,0.5561843159679052,0.437869766732052,0.42904229899426616,0.40740569444176733,0.49182149168474054,0.07472197412665815,0.358031160156907,Bandit-0,Yes,"1,2,3,4,5,6",Second_Plate,0,,,,,,TATATA,,,
1911.0,TTTAAGACTCTCTTATACAT,RBS_BA_11,0.7795073176845811,0.6313115768637447,0.7176398962692809,0.5351953691544953,0.555462483101067,0.5266593363013943,0.6242959965624273,0.10494069562451215,0.419910588303177,Bandit-0,Yes,"1,2,3,4,5,6",Second_Plate,0,,,,,,CTCTCT,,,
3003.0,TTTAAGAGTGTGTTATACAT,RBS_BA_12,0.48133454964726813,0.5459774284757984,0.6090477922690533,0.39725493250112454,0.5333034821386906,0.3342334986270587,0.48352528060983224,0.10185229451151245,0.408226809961846,Bandit-0,Yes,"1,2,3,4,5,6",Second_Plate,0,,,,,,GTGTGT,,,
819.0,TTTAAGAATATATTATACAT,RBS_BA_13,0.43242843574744705,0.4669195632482989,0.492290979328233,0.40226641322900386,0.44781056515937917,0.3245562536503485,0.4277120350604518,0.05902958676060314,0.325428496357259,Bandit-0,Yes,"1,2,3,4,5,6",Second_Plate,0,,,,,,ATATAT,,,
3822.0,TTTAAGATGTGTGTATACAT,RBS_BA_14,0.45035004670008155,0.40432459247237446,0.49997598249486935,0.37474260877960314,0.427030267625545,0.2742634936368203,0.4051144986182156,0.07690294924573342,0.384871477854457,Bandit-0,Yes,"1,2,3,4,5,6",Second_Plate,0,,,,,,TGTGTG,,,
3549.0,TTTAAGATCTCTCTATACAT,RBS_BA_15,0.30092420793545266,0.39764859353862847,0.45748425991264796,0.148250685414701,0.36769271501393364,0.26937168278364104,0.32356202409983414,0.10913719089393797,0.483152217294536,Bandit-0,Yes,"1,2,3,4,5,6",Second_Plate,0,,,,,,TCTCTC,,,
1092.0,TTTAAGACACACATATACAT,RBS_BA_16,0.1528795369880139,0.1635037644182094,0.40435892136952045,0.3321401373981551,0.3430561485721181,0.09021754182307112,0.24769267509484802,0.12778544527641894,0.598491878644878,Bandit-0,Yes,"1,2,3,4,5,6",Second_Plate,0,,,,,,CACACA,,,
1800.0,TTTAAGACTAAGATATACAT,RBS_BA_17,0.38271465607534244,0.18843428265025733,0.19758777894308066,0.11814669250009954,0.33211571656633804,0.142168990441038,0.22686135286269268,0.10648379096032101,0.410948793144911,Bandit-0,Yes,"1,2,3,4,5,6",Second_Plate,0,,,,,,CTAAGA,,,
776.0,TTTAAGAATAAGATATACAT,RBS_BA_18,0.2563406941210088,0.34566593916673,0.39722447766321434,0.10383844393876163,0.3303816600930566,0.2678139704935365,0.28354419757938465,0.10223276704523752,0.473890104703503,Bandit-0,Yes,"1,2,3,4,5,6",Second_Plate,0,,,,,,ATAAGA,,,
3107.0,TTTAAGATAAGATTATACAT,RBS_BA_19,0.3388315311316136,0.18619316155052504,0.21264473381152182,0.09606286957272972,0.31608215253527155,0.2544655914391427,0.23404667334013407,0.08934668454262487,0.344280595634085,Bandit-0,Yes,"1,2,3,4,5,6",Second_Plate,0,,,,,,TAAGAT,,,
3848.0,TTTAAGATTAAGATATACAT,RBS_BA_20,0.21476064017086177,0.22782338420374953,0.12232966533424652,0.12153578459561709,0.30807255714025855,0.24189737734629488,0.20606990146517137,0.07265719070466405,0.162816431776797,Bandit-0,Yes,"1,2,3,4,5,6",Second_Plate,0,,,,,,TTAAGA,,,
2776.0,TTTAAGAGGTCGATATACAT,RBS_BA_21,0.31482845575412893,0.3756346186690705,0.1943286870574896,0.059680356429749754,0.3129656813728128,0.21976189919751873,0.24619994974679504,0.11322546124998575,0.333883958983638,Bandit-0,Yes,"1,2,3,4,5,6",Second_Plate,0,,,,,,GGTCGA,,,
2760.0,TTTAAGAGGTAGATATACAT,RBS_BA_22,0.6989922155166794,0.601860398514314,0.6791385804360127,0.6350124426101504,0.6493767485280173,0.6014901186167149,0.6443117507036481,0.03987681560166629,0.305719203421089,Bandit-0,Yes,"1,2,3,4,5,6",Second_Plate,0,,,,,,GGTAGA,,,
2728.0,TTTAAGAGGGGGATATACAT,RBS_BA_24,0.5551715248902043,0.6570042032256236,0.7880449115335694,0.7066040918062295,0.8378765421749745,0.7433307373425947,0.714672001828866,0.10021510272729789,0.320789147147153,Bandit-0,Yes,"1,2,3,4,5,6",Second_Plate,0,,,,,,GGGGGA,,,
2723.0,TTTAAGAGGGGATTATACAT,RBS_BA_25,0.5585670284003076,0.7003178653238146,0.77523347310042,0.7859130906397154,0.8441681533008172,0.8258395111485763,0.7483398536522752,0.10549323333507543,0.272920471969216,Bandit-0,Yes,"1,2,3,4,5,6",Second_Plate,0,,,,,,GGGGAT,,,
2701.0,TTTAAGAGGGATCTATACAT,RBS_BA_26,0.37163147498061405,0.3388345052896505,0.4631728491462849,0.3265856210602806,0.3728583235167352,0.2860897874141153,0.3598620935679468,0.059953930307354165,0.393514830326194,Bandit-0,Yes,"1,2,3,4,5,6",Second_Plate,0,,,,,,GGGATC,,,
2703.0,TTTAAGAGGGATTTATACAT,RBS_BA_27,0.4315073346039656,0.34071446200363364,0.32954232135919187,0.34635857722066027,0.3924174853956667,0.27506553894300134,0.35260095325435326,0.05391710333383964,0.255641132640267,Bandit-0,Yes,"1,2,3,4,5,6",Second_Plate,0,,,,,,GGGATT,,,
2702.0,TTTAAGAGGGATGTATACAT,RBS_BA_28,0.43338126175348046,0.380834085434629,0.2717653626387797,0.19199180595745266,0.3729209253928434,0.28024201791923276,0.321855909849403,0.08902744467436624,0.293150238593543,Bandit-0,Yes,"1,2,3,4,5,6",Second_Plate,0,,,,,,GGGATG,,,
2700.0,TTTAAGAGGGATATATACAT,RBS_BA_29,0.367730455463919,0.4005165041535442,0.37827521230711836,0.3489252615118564,0.38820701124429485,0.2932761422434748,0.3628217644873679,0.03836121691570948,0.254270384676061,Bandit-0,Yes,"1,2,3,4,5,6",Second_Plate,0,,,,,,GGGATA,,,
2615.0,TTTAAGAGGATCTTATACAT,RBS_BA_30,0.25944528617299334,0.2418922090629775,0.08030332528488762,0.05135264838532618,0.2935412715536565,0.0,0.15442245674330685,0.12489845723327224,0.424409179932182,Bandit-0,Yes,"1,2,3,4,5,6",Second_Plate,0,,,,,,GGATCT,,,
2623.0,TTTAAGAGGATTTTATACAT,RBS_BA_31,0.5495413236915332,0.5736570714439299,0.5744249444449334,0.5118315744181974,0.5476607755150518,0.5461004266894335,0.5505360193671799,0.02294440576007298,0.261407490697113,Bandit-0,Yes,"1,2,3,4,5,6",Second_Plate,0,,,,,,GGATTT,,,
2610.0,TTTAAGAGGATAGTATACAT,RBS_BA_32,0.5526583043631643,0.5187087921943137,0.5163212858154466,0.47849209000547044,0.48370692179184116,0.47543085443836614,0.5042197081014337,0.030378157215782676,0.270987377958648,Bandit-0,Yes,"1,2,3,4,5,6",Second_Plate,0,,,,,,GGATAG,,,
2620.0,TTTAAGAGGATTATATACAT,RBS_BA_33,0.6156193838077106,0.6460865405322131,0.6210935235103652,0.5937185825952394,0.6347210635642017,0.4896656141140828,0.6001507846873021,0.05697617020329695,0.277091561415813,Bandit-0,Yes,"1,2,3,4,5,6",Second_Plate,0,,,,,,GGATTA,,,
2611.0,TTTAAGAGGATATTATACAT,RBS_BA_34,0.7489341148520013,0.6593301619155282,0.7841801828115258,0.6353410897983441,0.683813603665557,0.7347374899912135,0.7077227738390284,0.057317547741309295,0.342483425035482,Bandit-0,Yes,"1,2,3,4,5,6",Second_Plate,0,,,,,,GGATAT,,,
2609.0,TTTAAGAGGATACTATACAT,RBS_BA_35,0.7508769539856053,0.8172648584633415,0.7480781111605586,0.5890069854411951,0.635189952451198,0.7268455875739261,0.7112104081793041,0.08383013045091445,0.312627500018237,Bandit-0,Yes,"1,2,3,4,5,6",Second_Plate,0,,,,,,GGATAC,,,
2617.0,TTTAAGAGGATGCTATACAT,RBS_BA_36,0.6462670464806737,0.7936581362303206,0.6788214879772321,0.5327935374632414,0.7144482280917064,0.6292770253669382,0.6658775769350188,0.08751006703527042,0.26819385441926,Bandit-0,Yes,"1,2,3,4,5,6",Second_Plate,0,,,,,,GGATGC,,,
2619.0,TTTAAGAGGATGTTATACAT,RBS_BA_37,0.5456504503465006,0.6963278719580692,0.6452745620309527,0.5771772823290595,0.6655401235395063,0.6412619469763222,0.628538706196735,0.056417912804426915,0.242037321906807,Bandit-0,Yes,"1,2,3,4,5,6",Second_Plate,0,,,,,,GGATGT,,,
2621.0,TTTAAGAGGATTCTATACAT,RBS_BA_38,0.4811978225181418,0.47162327028902845,0.4819508861265821,0.37190923400868636,0.47182005547818673,0.3200893399436617,0.43309843472738113,0.0695684034179409,0.322299324451013,Bandit-0,Yes,"1,2,3,4,5,6",Second_Plate,0,,,,,,GGATTC,,,
2614.0,TTTAAGAGGATCGTATACAT,RBS_BA_39,0.2440417758733445,0.34780803757829076,0.4173403639200146,0.33473958337564735,0.35955290195880507,0.23174292846183267,0.3225375985279892,0.07148488906715869,0.396905689086371,Bandit-0,Yes,"1,2,3,4,5,6",Second_Plate,0,,,,,,GGATCG,,,
2622.0,TTTAAGAGGATTGTATACAT,RBS_BA_40,0.5798136387896171,0.5628222561443514,0.5217479700349785,0.5119809786617628,0.5234013458864926,0.5095198326146394,0.5348810036886403,0.029228460604658245,0.243627377193459,Bandit-0,Yes,"1,2,3,4,5,6",Second_Plate,0,,,,,,GGATTG,,,
2613.0,TTTAAGAGGATCCTATACAT,RBS_BA_41,0.3182142701477556,0.3145295546363673,0.29656098059468905,0.20925947013656088,0.33282523298337063,0.26494609619698445,0.289389267449288,0.04564928133055676,0.256210755711312,Bandit-0,Yes,"1,2,3,4,5,6",Second_Plate,0,,,,,,GGATCC,,,
2616.0,TTTAAGAGGATGATATACAT,RBS_BA_42,0.532067520783795,0.5016801180744049,0.5465619849559534,0.49682140675470615,0.5332392598707741,0.49278066117943237,0.5171918252698443,0.022772284457780647,0.273587767567395,Bandit-0,Yes,"1,2,3,4,5,6",Second_Plate,0,,,,,,GGATGA,,,
2612.0,TTTAAGAGGATCATATACAT,RBS_BA_43,0.22202855036149727,0.2489296663227679,0.002319113711178434,0.26997746726445737,0.3218475622338638,0.13464331465889248,0.19995761242544288,0.11486710753478702,0.296771639640184,Bandit-0,Yes,"1,2,3,4,5,6",Second_Plate,0,,,,,,GGATCA,,,
1368.0,TTTAAGACCCCGATATACAT,RBS_BA_44,0.2216809980100904,0.09595038853664059,0.13339027956077193,0.23539855311787355,0.15878394573521282,0.1163132961725801,0.16025291018886156,0.05693775614853219,0.3057353781476,Bandit-0,Yes,"1,2,3,4,5,6",Second_Plate,0,,,,,,CCCCGA,,,
4094.0,TTTAAGATTTTTGTATACAT,RBS_BA_45,0.2433297719229994,0.19204249827918954,0.1989469455069559,0.13189345241047098,0.2657283134311238,0.1517054535599578,0.1972744058517829,0.051358354604583316,0.27281973715592,Bandit-0,Yes,"1,2,3,4,5,6",Second_Plate,0,,,,,,TTTTTG,,,
4092.0,TTTAAGATTTTTATATACAT,RBS_BA_46,0.5404654459013275,0.4072987295672015,0.47061829999575566,0.3318526227193072,0.3790029982352745,0.3059881059391919,0.4058710337263431,0.08773496265001186,0.400753257076545,Bandit-0,Yes,"1,2,3,4,5,6",Second_Plate,0,,,,,,TTTTTA,,,
3071.0,TTTAAGAGTTTTTTATACAT,RBS_BA_47,0.6517301224082489,0.5174113682349888,0.6141020547429084,0.4830098274686743,0.5138151493918558,0.4975173490295624,0.5462643118793732,0.0692644688647265,0.365943852786773,Bandit-0,Yes,"1,2,3,4,5,6",Second_Plate,0,,,,,,GTTTTT,,,
2047.0,TTTAAGACTTTTTTATACAT,RBS_BA_48,0.18430474663677548,0.429054623529136,0.44978548058783296,0.3164055995865578,0.4251385886164426,0.2940585691868063,0.3497912680239252,0.10350388024628968,0.427400638116397,Bandit-0,Yes,"1,2,3,4,5,6",Second_Plate,0,,,,,,CTTTTT,,,
1367.0,TTTAAGACCCCCTTATACAT,RBS_BA_49,0.2658745593825478,0.24772756845278193,0.29049601952778437,0.3250103400215797,0.08525852818658526,0.2765497289096728,0.24848612408015866,0.08408868414608198,0.410609849741428,Bandit-0,Yes,"1,2,3,4,5,6",Second_Plate,0,,,,,,CCCCCT,,,
1366.0,TTTAAGACCCCCGTATACAT,RBS_BA_50,0.6135256007601669,0.520492501557644,0.5786354166722038,0.479645967480602,0.5761869598916033,0.5068713670534438,0.5458929689026106,0.051225971962649317,0.305727593959823,Bandit-0,Yes,"1,2,3,4,5,6",Second_Plate,0,,,,,,CCCCCG,,,
1364.0,TTTAAGACCCCCATATACAT,RBS_BA_51,0.2716932752250371,0.0,0.15932691589534287,0.26406733133216315,0.09909629595509864,0.19509150490793875,0.16487922055259674,0.10363752635719707,0.492824660945897,Bandit-0,Yes,"1,2,3,4,5,6",Second_Plate,0,,,,,,CCCCCA,,,
4093.0,TTTAAGATTTTTCTATACAT,RBS_BA_52,0.2304138114386063,0.1252206852391744,0.11774090074518045,0.11091244419743573,0.0,0.07271381111742324,0.10950027545630336,0.07520727475018912,0.511392893284322,Bandit-0,Yes,"1,2,3,4,5,6",Second_Plate,0,,,,,,TTTTTC,,,
2389.0,TTTAAGAGCCCCCTATACAT,RBS_BA_53,0.2214058659522869,0.18500606309255588,0.19128624277752548,0.25078718778423265,0.13340347096163516,0.20666807063844408,0.19809281686778002,0.03948679275431959,0.289763948811751,Bandit-0,Yes,"1,2,3,4,5,6",Second_Plate,0,,,,,,GCCCCC,,,
1023.0,TTTAAGAATTTTTTATACAT,RBS_BA_54,0.1863991430317844,0.15289003543387944,0.28660732367895275,0.12536829459253457,0.31694463946215945,0.2232881111508093,0.21524959122501997,0.0752304946989906,0.423398582739938,Bandit-0,Yes,"1,2,3,4,5,6",Second_Plate,0,,,,,,ATTTTT,,,
341.0,TTTAAGAACCCCCTATACAT,RBS_BA_55,0.20660580674925588,0.20826727748834684,0.08447999039594856,0.0,0.10387053491687342,0.21140718221361834,0.13577179862734048,0.0872654386714687,0.398504659925794,Bandit-0,Yes,"1,2,3,4,5,6",Second_Plate,0,,,,,,ACCCCC,,,
3413.0,TTTAAGATCCCCCTATACAT,RBS_BA_56,0.2470024906554806,0.1645229249321879,0.32181817500193166,0.08956056088837469,0.2911807155859351,0.20915977503521224,0.22054077368318706,0.08528854381183067,0.484086052056602,Bandit-0,Yes,"1,2,3,4,5,6",Second_Plate,0,,,,,,TCCCCC,,,
2608.0,TTTAAGAGGATAATATACAT,RBS_BA_57,0.6457642337400713,0.49643149857721863,0.5880263291090033,0.4800112790436914,0.5851386300713368,0.41581846756503954,0.5351984063510601,0.08521699302100068,0.358060703700449,Bandit-0,Yes,"1,2,3,4,5,6",Second_Plate,0,,,,,,GGATAA,,,
1365.0,TTTAAGACCCCCCTATACAT,RBS_BA_58,0.5819055517347853,0.4439195125197594,0.517861189600814,0.35175669848115576,0.3944762637670917,0.32290640531736653,0.4354709369034954,0.09966146627624689,0.425389294430912,Bandit-0,Yes,"1,2,3,4,5,6",Second_Plate,0,,,,,,CCCCCC,,,
4095.0,TTTAAGATTTTTTTATACAT,RBS_BA_59,0.6671455133076447,0.5327341805827374,0.6213548097218532,0.43948739609980475,0.4946651887600988,0.445176472802907,0.5334272602125076,0.0935175954183126,0.407073324668481,Bandit-0,Yes,"1,2,3,4,5,6",Second_Plate,0,,,,,,TTTTTT,,,
2056.0,TTTAAGAGAAAGATATACAT,RBS_RP_30,0.48809435540935214,0.46264785913727696,0.47550800258471393,0.32568421621863747,0.4470658463951295,0.33482967772942934,0.42230499291242324,0.07264565015421805,0.338457722292143,PPM,Yes,"1,2,3,4,5,6",Second_Plate,0,,,,,,GAAAGA,,,
1706.0,TTTAAGACGGGGGTATACAT,RBS_RP_31,0.5741312968959345,0.6514111678072246,0.7067539727126695,0.6678218852087435,0.7299997229431564,0.7142640631992563,0.6740636847944974,0.057187663793624714,0.262752975711844,PPM,Yes,"1,2,3,4,5,6",Second_Plate,0,,,,,,CGGGGG,,,
3626.0,TTTAAGATGAGGGTATACAT,RBS_RP_32,0.6303404472928174,0.5259278715120201,0.6103568720346535,0.5323985302961701,0.600618817904385,0.6186507038313964,0.5863822071452404,0.04543129419402984,0.28531132269706,PPM,Yes,"1,2,3,4,5,6",Second_Plate,0,,,,,,TGAGGG,,,
1448.0,TTTAAGACCGGGATATACAT,RBS_RP_33,0.25024709221750113,0.3009673732153356,0.40600995373929616,0.3040482798903464,0.1413226061358613,0.1814343592461509,0.2640049440740819,0.09507181358305505,0.536262195708363,PPM,Yes,"1,2,3,4,5,6",Second_Plate,0,,,,,,CCGGGA,,,
171.0,TTTAAGAAAGGGTTATACAT,RBS_RP_34,0.5574486509847151,0.493882388556192,0.46090135402043375,0.40486416032229994,0.47665469975587615,0.4084586765421123,0.46703498836360485,0.05713487510993863,0.282678183453062,PPM,Yes,"1,2,3,4,5,6",Second_Plate,0,,,,,,AAGGGT,,,
1970.0,TTTAAGACTGTAGTATACAT,RBS_RP_35,0.2628777250746298,0.3479879259917422,0.3965796333437227,0.27304247899896666,0.17010575676536016,0.12886426800400824,0.26324296469640496,0.10177299561022862,0.520314746900095,PPM,Yes,"1,2,3,4,5,6",Second_Plate,0,,,,,,CTGTAG,,,
1924.0,TTTAAGACTGACATATACAT,RBS_RP_36,0.3048602404017224,0.18376548946136448,0.22661004829195946,0.17756552424337432,0.3211203095082918,0.23549195897065026,0.24156892847956046,0.060054281045462475,0.266118771970748,PPM,Yes,"1,2,3,4,5,6",Second_Plate,0,,,,,,CTGACA,,,
1774.0,TTTAAGACGTGTGTATACAT,RBS_RP_37,0.24342352128303454,0.2723594192191781,0.36473324495614917,0.21198608543728722,0.3318519296851693,0.24115601337825981,0.2775850356598463,0.05893100752083585,0.392270531278055,PPM,Yes,"1,2,3,4,5,6",Second_Plate,0,,,,,,CGTGTG,,,
2218.0,TTTAAGAGAGGGGTATACAT,RBS_RP_38,0.24570693519021378,0.2047240274295657,0.2949071780122269,0.2734575265036722,0.30579406256019803,0.23231373578809092,0.2594839109139946,0.038784966793203,0.302202352560654,PPM,Yes,"1,2,3,4,5,6",Second_Plate,0,,,,,,GAGGGG,,,
1832.0,TTTAAGACTAGGATATACAT,RBS_RP_39,0.5254381069159052,0.438485658097372,0.4245566405094276,0.356811859154233,0.4223293580572334,0.3247315349876616,0.41539219295363883,0.06989496846223826,0.31842464880652,PPM,Yes,"1,2,3,4,5,6",Second_Plate,0,,,,,,CTAGGA,,,
1002.0,TTTAAGAATTGGGTATACAT,RBS_RP_40,0.5945009122668157,0.434894930427953,0.5134506941529694,0.37874774887953666,0.45202059724342136,0.3152748456037507,0.4481482880957412,0.09833201683012575,0.404136345518479,PPM,Yes,"1,2,3,4,5,6",Second_Plate,0,,,,,,ATTGGG,,,
3192.0,TTTAAGATACTGATATACAT,RBS_RP_41,0.5479555973127034,0.6142555058434631,0.6090851566583466,0.41919726271321633,0.5103961709329252,0.42870545023737816,0.5215991906163389,0.08505828198313523,0.361504967593602,PPM,Yes,"1,2,3,4,5,6",Second_Plate,0,,,,,,TACTGA,,,
550.0,TTTAAGAAGAGCGTATACAT,RBS_RP_42,0.4645238571646305,0.5366367378903292,0.49735093089496346,0.3705102605467659,0.4566084579025168,0.3590154214942664,0.4474409443155787,0.07008590266225921,0.314467964290475,PPM,Yes,"1,2,3,4,5,6",Second_Plate,0,,,,,,AGAGCG,,,
683.0,TTTAAGAAGGGGTTATACAT,RBS_RP_43,0.572088654081963,0.6950258815610043,0.666115358449583,0.5902771509868866,0.7100783075226044,0.6736947965831774,0.6512133581975365,0.05672044480875111,0.240646916891788,PPM,Yes,"1,2,3,4,5,6",Second_Plate,0,,,,,,AGGGGT,,,
1061.0,TTTAAGACAAGCCTATACAT,RBS_RP_45,0.21897428262439578,0.34209557423354603,0.4438030975691474,0.27439245737769846,0.1510692563666704,0.2487126060607663,0.2798412123720374,0.1020242953618371,0.568747609339584,PPM,Yes,"1,2,3,4,5,6",Second_Plate,0,,,,,,CAAGCC,,,
1086.0,TTTAAGACAATTGTATACAT,RBS_RP_46,0.36123996950875853,0.17110409357104958,0.42992559545005965,0.30366780063203547,0.3456209122223657,0.24198627810087645,0.3089241082475242,0.09189953534878377,0.466386051095565,PPM,Yes,"1,2,3,4,5,6",Second_Plate,0,,,,,,CAATTG,,,
3327.0,TTTAAGATATTTTTATACAT,RBS_RP_47,0.3829738452022789,0.41628832468603677,0.2849670565452651,0.28204746953361415,0.3615825422247108,0.12569573021336333,0.30892582806754487,0.10454882277439502,0.300614462841989,PPM,Yes,"1,2,3,4,5,6",Second_Plate,0,,,,,,TATTTT,,,
3433.0,TTTAAGATCCGGCTATACAT,RBS_RP_48,0.3059313974208078,0.3267424457788202,0.41163995299030126,0.2977468145497321,0.16162984138309125,0.2690383357396408,0.2954547979770656,0.08148603329505082,0.466869359760788,PPM,Yes,"1,2,3,4,5,6",Second_Plate,0,,,,,,TCCGGC,,,
3746.0,TTTAAGATGGGAGTATACAT,RBS_RP_49,0.7135063824191997,0.6809864953381048,0.6970967591752628,0.6608396571094113,0.6984992555846538,0.6945952801542221,0.690920638296809,0.018015278876352698,0.262171720533707,PPM,Yes,"1,2,3,4,5,6",Second_Plate,0,,,,,,TGGGAG,,,
46.0,TTTAAGAAAAGTGTATACAT,RBS_RP_50,0.36112396741239516,0.35991476186140287,0.4508177489538866,0.32045702429589484,0.379976381171347,0.27294384959753,0.3575389555487427,0.05958904212978265,0.376671391823058,PPM,Yes,"1,2,3,4,5,6",Second_Plate,0,,,,,,AAAGTG,,,
1698.0,TTTAAGACGGGAGTATACAT,RBS_RP_51,0.5950982439838362,0.5855375715472059,0.576868469786957,0.5020526446260324,0.5497195630722358,0.49281279874803646,0.5503482152940506,0.043788951269710774,0.28749482172375,PPM,Yes,"1,2,3,4,5,6",Second_Plate,0,,,,,,CGGGAG,,,
3106.0,TTTAAGATAAGAGTATACAT,RBS_RP_52,0.47971211695901145,0.44018591629759996,0.46012504987312325,0.3054812370149903,0.37198872172479414,0.2536577368460335,0.3851917964525921,0.09099751642660787,0.393032000691122,PPM,Yes,"1,2,3,4,5,6",Second_Plate,0,,,,,,TAAGAG,,,
3114.0,TTTAAGATAAGGGTATACAT,RBS_RP_53,0.6390859798786528,0.6221813921473999,0.6307277889257548,0.451564337278528,0.531179691992248,0.5069571954246548,0.5636160642745397,0.07803527992489126,0.352507693369396,PPM,Yes,"1,2,3,4,5,6",Second_Plate,0,,,,,,TAAGGG,,,
3255.0,TTTAAGATAGTCTTATACAT,RBS_RP_54,0.6538380595820567,0.6607614253121676,0.607788707937983,0.46635252037917374,0.5187955346275557,0.46009616636510076,0.5612720690340062,0.0913027187838292,0.347237171043634,PPM,Yes,"1,2,3,4,5,6",Second_Plate,0,,,,,,TAGTCT,,,
178.0,TTTAAGAAAGTAGTATACAT,RBS_RP_55,0.5831899542945405,0.5584591912521096,0.5999764451444598,0.4021208424165452,0.4874515187186595,0.3523635617701243,0.4972602522660731,0.10180629605299187,0.404711500952084,PPM,Yes,"1,2,3,4,5,6",Second_Plate,0,,,,,,AAGTAG,,,
1305.0,TTTAAGACCACGCTATACAT,RBS_RP_57,0.4820687932138443,0.5445330500830831,0.5152067492963757,0.3908510037921973,0.46266950333467666,0.3942885728999944,0.4649362787700286,0.06267559947169972,0.310627906816871,PPM,Yes,"1,2,3,4,5,6",Second_Plate,0,,,,,,CCACGC,,,
2830.0,TTTAAGAGTAATGTATACAT,RBS_RP_58,0.4942928084877182,0.5172825814504607,0.5751014075976889,0.36984039173250494,0.4938726461562182,0.38590265151612885,0.47271541449012,0.07937513774671859,0.378987493642023,PPM,Yes,"1,2,3,4,5,6",Second_Plate,0,,,,,,GTAATG,,,
1272.0,TTTAAGACATTGATATACAT,RBS_RP_59,0.5655264343704337,0.5172987303050715,0.5513215043597262,0.3744211798656827,0.4930020499912365,0.3507568315414992,0.47538778840560836,0.09130698267492789,0.376585819303506,PPM,Yes,"1,2,3,4,5,6",Second_Plate,0,,,,,,CATTGA,,,
3699.0,TTTAAGATGCTATTATACAT,RBS_BA_3385,0.8981886908465458,0.8507328491736688,0.7013046073488939,0.8585456730138151,0.9205030087554734,0.823247544527583,0.8420870622776634,0.07722268569964856,0.25701942122659,Bandit-1,Yes,"1,2,3,4,5,6",Third_Plate,1,,,,,Notes: exchange Rep 7-9 with Rep 1-3 (2021/01/22),TGCTAT,1.14803745152305,0.751928955265188,2.65189536205342
3706.0,TTTAAGATGCTGGTATACAT,RBS_BA_3387,0.8150858555387963,0.7442413314719243,0.6497091942841553,0.7805271949021341,0.83838355787697,0.8160167998739151,0.7739939889913159,0.06924606604920089,0.257967355738114,Bandit-1,Yes,"1,2,3,4,5,6",Third_Plate,1,,,,,,TGCTGG,0.993331269208016,0.746657417660159,2.48664610452833
2435.0,TTTAAGAGCGAATTATACAT,RBS_BA_1534,0.7563902039573642,0.689214044929224,0.6060376930777164,0.7577118529934079,0.8335607659498645,0.8045271905157876,0.741240291903894,0.08248103627811665,0.289161241409116,Bandit-1,Yes,"1,2,3,4,5,6",Third_Plate,1,,,,,,GCGAAT,0.942981804940697,0.769577107643652,2.482136020228
2931.0,TTTAAGAGTCTATTATACAT,RBS_BA_1896,0.7052220687582902,0.6017425251648031,0.589526573096915,0.7269756273873031,0.7525470909279436,0.7212371741394062,0.6828751765791101,0.06937798030354105,0.276833889420282,Bandit-1,Yes,"1,2,3,4,5,6",Third_Plate,1,,,,,,GTCTAT,1.00067569602295,0.724696180383174,2.4500680567893
1651.0,TTTAAGACGCTATTATACAT,RBS_BA_2393,0.6457523355579017,0.5680805264832766,0.5341358229357838,0.6707461781903206,0.7557048061373873,0.6974881744543522,0.645317973959837,0.08231750576547792,0.300864522219254,Bandit-1,Yes,"1,2,3,4,5,6",Third_Plate,1,,,,,,CGCTAT,1.02273446088958,0.697814947700661,2.4183643562909
3697.0,TTTAAGATGCTACTATACAT,RBS_BA_3384,0.6393103542200037,0.5320889208216613,0.5486119165346778,0.6506917027424893,0.7313445089811866,0.6810527556555932,0.6305166931592686,0.07694273239735273,0.291253703001528,Bandit-1,Yes,"1,2,3,4,5,6",Third_Plate,1,,,,,,TGCTAC,0.992106203385378,0.70358175004296,2.3992697034713
2483.0,TTTAAGAGCGTATTATACAT,RBS_BA_1582,0.6477419387181799,0.6039427409508171,0.5729319942531725,0.636402069397683,0.7294023048826802,0.6610627083277234,0.6419139594217094,0.0534519530067111,0.246585381803795,Bandit-1,Yes,"1,2,3,4,5,6",Third_Plate,1,,,,,,GCGTAT,0.949465042764394,0.724264752385804,2.397994547536
2490.0,TTTAAGAGCGTGGTATACAT,RBS_BA_1584,0.6828487042208281,0.6177540228970977,0.6101567628083315,0.6825323741142654,0.7531132230893108,0.698365087767363,0.6741283624828661,0.05337252206466105,0.250773876564437,Bandit-1,Yes,"1,2,3,4,5,6",Third_Plate,1,,,,,,GCGTGG,0.866603296446494,0.741152229893558,2.34890775623361
2547.0,TTTAAGAGCTTATTATACAT,RBS_BA_1707,0.6113718863542662,0.5392693481094062,0.48142733942637406,0.6021341619282916,0.672772052615789,0.6693543174856367,0.5960548509866272,0.07469132500142525,0.281501039906649,Bandit-1,Yes,"1,2,3,4,5,6",Third_Plate,1,,,,,,GCTTAT,0.939491622297344,0.698290595900061,2.33607281409747
3707.0,TTTAAGATGCTGTTATACAT,RBS_BA_3389,0.5578128934443023,0.5503635225931752,0.5130131955458639,0.611382846267662,0.6614575329426318,0.6007458715716592,0.5824626437275491,0.05267264314011628,0.254545616983192,Bandit-1,Yes,"1,2,3,4,5,6",Third_Plate,1,,,,,,TGCTGT,0.990406216882032,0.67232582103987,2.33505785896177
3691.0,TTTAAGATGCGGTTATACAT,RBS_BA_3357,0.5310580980454271,0.5258964951799928,0.47720535245071316,0.5798243551474321,0.6498988938564715,0.615572077494297,0.5632425453623889,0.06380536617035418,0.274305237849858,Bandit-1,Yes,"1,2,3,4,5,6",Third_Plate,1,,,,,,TGCGGT,0.905292390741036,0.699656905576232,2.3046062018935
3763.0,TTTAAGATGGTATTATACAT,RBS_BA_3321,0.6545351101597875,0.6554604508334327,0.5497765152011688,0.6628937128556485,0.755951065359975,0.674443421162784,0.6588433792621328,0.06574991320496573,0.259386987133295,Bandit-1,Yes,"1,2,3,4,5,6",Third_Plate,1,,,,,,TGGTAT,0.976045189890896,0.660337800692257,2.29672079127541
2675.0,TTTAAGAGGCTATTATACAT,RBS_BA_1393,1.0,1.0,0.9339356834191741,1.0,1.0,0.9613639150651939,0.9825499330807279,0.02839088576095756,0.217865584597187,Bandit-1,Yes,"1,2,3,4,5,6",Third_Plate,1,,,,,,GGCTAT,0.981957531022256,0.653170521520107,2.28829857406247
2938.0,TTTAAGAGTCTGGTATACAT,RBS_BA_1898,0.7253783547439219,0.5850355617221045,0.5761197878561325,0.6630076130880207,0.7140330641662223,0.6838035933213051,0.6578963291496178,0.06387262714660584,0.246494244848953,Bandit-1,Yes,"1,2,3,4,5,6",Third_Plate,1,,,,,,GTCTGG,0.842622689646306,0.719319620242034,2.28126193013037
3651.0,TTTAAGATGCAATTATACAT,RBS_BA_3337,0.5651856981281674,0.37458532465499683,0.450798021278447,0.594829737914721,0.606782476174228,0.5486274090210714,0.5234681111952719,0.09149222765131497,0.314445852571858,Bandit-1,Yes,"1,2,3,4,5,6",Third_Plate,1,,,,,,TGCAAT,0.808371343390833,0.733563473958964,2.27549829130876
2451.0,TTTAAGAGCGCATTATACAT,RBS_BA_1566,0.37206450498245486,0.4528203801095093,0.4758794252333183,0.3359222260643742,0.28974765810756725,0.23480394926969086,0.3602063572944858,0.09314305427039017,0.114171073488754,Bandit-1,Yes,"1,2,3,4,5,6",Third_Plate,1,,,,,,GCGCAT,0.808577573619486,0.73220886216019,2.27299529793987
2438.0,TTTAAGAGCGACGTATACAT,RBS_BA_1540,0.3878279442991781,0.3377267691992389,0.2397696075626033,0.3271632105415275,0.3220692202865658,0.22707975766228017,0.30693941825856563,0.061673456472234815,0.187879882308665,Bandit-1,Yes,"1,2,3,4,5,6",Third_Plate,1,,,,,,GCGACG,0.771644941977455,0.744674287379479,2.26099351673641
2554.0,TTTAAGAGCTTGGTATACAT,RBS_BA_1709,0.21655313875311094,0.4215555370012392,0.12726212582371133,0.25406716065304463,0.38113261226612033,0.10005914548397954,0.25010495333020094,0.13062088509703668,0.375616937658535,Bandit-1,Yes,"1,2,3,4,5,6",Third_Plate,1,,,,,,GCTTGG,0.840590789024527,0.701300050653059,2.24319089033064
1658.0,TTTAAGACGCTGGTATACAT,RBS_BA_2395,0.174100400935042,0.21984877920354526,0.16747002316911933,0.319885494659593,0.3936705834337709,0.2850488746463689,0.26000402600790656,0.08903280477805406,0.393910457510611,Bandit-1,Yes,"1,2,3,4,5,6",Third_Plate,1,,,,,,CGCTGG,0.869239961703417,0.680588220157125,2.23041640201767
2515.0,TTTAAGAGCTCATTATACAT,RBS_BA_1691,0.32281116144738553,0.40366195870810745,0.06637711068707196,0.1889969673814524,0.3722236899569619,0.28537749456733363,0.2732413971247188,0.125937619892009,0.366012038759152,Bandit-1,Yes,"1,2,3,4,5,6",Third_Plate,1,,,,,,GCTCAT,0.807598209887425,0.704029789309401,2.21565778850623
2434.0,TTTAAGAGCGAAGTATACAT,RBS_BA_1532,0.22277722351669274,0.2948632951699293,0.34474160916962165,0.3158475122025465,0.3127722519499578,0.2510295457733957,0.29033857296369064,0.045263395699316915,0.170185809555007,Bandit-1,Yes,"1,2,3,4,5,6",Third_Plate,1,,,,,,GCGAAG,0.783336180702479,0.707863947538616,2.19906407577971
2929.0,TTTAAGAGTCTACTATACAT,RBS_BA_1895,0.4234152945723249,0.14172128123416208,0.09150261706604411,0.108606922087335,0.2559230562263698,0.1854929527208093,0.20111035398450752,0.12390772778671004,0.501848252170619,Bandit-1,Yes,"1,2,3,4,5,6",Third_Plate,1,,,,,,GTCTAC,0.840592070591551,0.679061577854074,2.1987152262997
2499.0,TTTAAGAGCTAATTATACAT,RBS_BA_1660,0.16915669266461916,0.23891180358211903,0.059871389401683135,0.08693223797455889,0.27196885642902,0.19402199288080746,0.17014382882213464,0.08336988845315879,0.382123790437834,Bandit-1,Yes,"1,2,3,4,5,6",Third_Plate,1,,,,,,GCTAAT,0.851455055623273,0.667897595070624,2.18725024576452
2355.0,TTTAAGAGCATATTATACAT,RBS_BA_1518,0.5393042530898842,0.5171975797067982,0.47223235050640666,0.5902580812640802,0.5725692968372411,0.5518832942028516,0.5405741426012104,0.04204463681481592,0.234996443986817,Bandit-1,Yes,"1,2,3,4,5,6",Third_Plate,1,,,,,,GCATAT,0.844330327119884,0.667578471238556,2.17948726959699
2419.0,TTTAAGAGCCTATTATACAT,RBS_BA_1644,0.7752684393787249,0.6691882022992501,0.6490212769728964,0.7414424366508633,0.8049491814496674,0.7233281452235159,0.7271996136624863,0.060084323658154415,0.249934627074932,Bandit-1,Yes,"1,2,3,4,5,6",Third_Plate,1,,,,,,GCCTAT,0.89930686707481,0.636542777989195,2.1723924230532
1659.0,TTTAAGACGCTGTTATACAT,RBS_BA_2397,0.5324265651773813,0.4901986198079893,0.4773159103718603,0.2627700338776255,0.5612318466027943,0.56147502401071,0.4809029999747268,0.11249935029791552,0.299260841712968,Bandit-1,Yes,"1,2,3,4,5,6",Third_Plate,1,,,,,,CGCTGT,0.864770170289499,0.651553650359683,2.16787747100887
3770.0,TTTAAGATGGTGGTATACAT,RBS_BA_3323,0.6184404041871626,0.5739193749702772,0.5521724278546567,0.5974353407776491,0.5984907518098284,0.6479598205098225,0.5980696866848995,0.03344956561523313,0.208722696829856,Bandit-1,Yes,"1,2,3,4,5,6",Third_Plate,1,,,,,,TGGTGG,0.871722751155788,0.644897324894198,2.16151740094418
2539.0,TTTAAGAGCTGGTTATACAT,RBS_BA_1679,0.18786955103602468,0.21099107347237944,0.416200227209683,0.16055954356662686,0.288411182233362,0.18504453710800778,0.24151268577101395,0.09619399552156159,0.272457638920276,Bandit-1,Yes,"1,2,3,4,5,6",Third_Plate,1,,,,,,GCTGGT,0.776204560363088,0.688183700296658,2.1525719609564
115.0,TTTAAGAAACTATTATACAT,RBS_BA_175,0.1388232812487137,0.22470408194043526,0.12016741188254243,0.3362122352096196,0.2803418324763961,0.19190769841815,0.21535942352930956,0.08292734382779512,0.386810790965001,Bandit-1,Yes,"1,2,3,4,5,6",Third_Plate,1,,,,,,AACTAT,0.778847878412223,0.681494262117641,2.14183640264751
1649.0,TTTAAGACGCTACTATACAT,RBS_BA_2392,0.11825909164745925,0.20478951460387784,0.11896143256875755,0.24214447695446298,0.21975725655004777,0.02112474241237188,0.15417275245616285,0.083467130244513,0.329805261728643,Bandit-1,Yes,"1,2,3,4,5,6",Third_Plate,1,,,,,,CGCTAC,0.866963038062502,0.635823805108942,2.13861064828039
387.0,TTTAAGAACGAATTATACAT,RBS_BA_557,0.15399937483482434,0.2690116064850625,0.0024964257959665084,0.26891120824850423,0.25838295374491743,0.09378855609901056,0.17443168753471427,0.1108170422637712,0.411115713059296,Bandit-1,Yes,"1,2,3,4,5,6",Third_Plate,1,,,,,,ACGAAT,0.826173902002916,0.652285885231586,2.13074567246609
2362.0,TTTAAGAGCATGGTATACAT,RBS_BA_1520,0.15260813194985287,0.23598373555106075,0.19001323811309764,0.09649385787404587,0.16267157809512958,0.2906807633216041,0.1880752174841318,0.06799600656283777,0.404059032063098,Bandit-1,Yes,"1,2,3,4,5,6",Third_Plate,1,,,,,,GCATGG,0.716536690695339,0.702505285285816,2.12154726126697
3955.0,TTTAAGATTCTATTATACAT,RBS_BA_3888,0.15466971311415467,0.22169321370283715,0.2606981969499113,0.0,0.20337304617262678,0.0,0.1400723616565883,0.11373051301990195,0.413856739825338,Bandit-1,Yes,"1,2,3,4,5,6",Third_Plate,1,,,,,,TTCTAT,0.874310383802822,0.622919661092807,2.12014970598844
2481.0,TTTAAGAGCGTACTATACAT,RBS_BA_1581,0.22743624535857143,0.20478370047979372,0.0,0.2909863058375761,0.24503175489505832,0.003285166321083145,0.1619205288153471,0.12734083962630427,0.497204082187127,Bandit-1,Yes,"1,2,3,4,5,6",Third_Plate,1,,,,,,GCGTAC,0.780559295004924,0.669432782031084,2.11942485906709
3708.0,TTTAAGATGCTTATATACAT,RBS_BA_3394,0.07617570418908186,0.14790287638544836,0.17266542433287127,0.10227098891618405,0.13137959275049954,0.05193472569235359,0.11372155204440643,0.04541578451030372,0.12888369028621,Bandit-1,Yes,"1,2,3,4,5,6",Third_Plate,1,,,,,,TGCTTA,0.781305937587681,0.667292176470486,2.11589029052865
2555.0,TTTAAGAGCTTGTTATACAT,RBS_BA_1711,0.543900989382059,0.2634483524856482,0.4565614229310454,0.5911425471595518,0.6340851394600305,0.5338243706084946,0.5038271370044716,0.13199460859910536,0.377148973224201,Bandit-1,Yes,"1,2,3,4,5,6",Third_Plate,1,,,,,,GCTTGT,0.832763242220175,0.641348988184561,2.1154612185893
2682.0,TTTAAGAGGCTGGTATACAT,RBS_BA_1395,0.9267181609250023,0.8913424852284214,0.8194117435493006,0.8694599467780344,0.8949947990425647,0.8372348119083599,0.8731936579052806,0.03967118759908029,0.197012504440071,Bandit-1,Yes,"1,2,3,4,5,6",Third_Plate,1,,,,,,GGCTGG,0.829653313392471,0.641141920873266,2.111937155139
1643.0,TTTAAGACGCGGTTATACAT,RBS_BA_2365,0.5338401267525067,0.5048286439696879,0.4737754179217085,0.4009940803689618,0.5784767165683645,0.37363118114165356,0.4775910277871472,0.07845135055251362,0.201704217483859,Bandit-1,Yes,"1,2,3,4,5,6",Third_Plate,1,,,,,,CGCGGT,0.780626893498879,0.663718961565051,2.10806481662898
3683.0,TTTAAGATGCGATTATACAT,RBS_BA_3353,0.4564062900540071,0.4725752244014045,0.10396678838516192,0.36444919192759345,0.3817414890549646,0.3255789550074781,0.35078632313843494,0.13318280993166443,0.311651826119735,Bandit-1,Yes,"1,2,3,4,5,6",Third_Plate,1,,,,,,TGCGAT,0.757853755810346,0.672471696643587,2.10279714909752
3715.0,TTTAAGATGGAATTATACAT,RBS_BA_3275,0.45712808414741557,0.2709213836498796,0.12569812005041373,0.25665324708438586,0.19884269936822188,0.21278900163641373,0.25367208932278845,0.11203195344128325,0.383119878363577,Bandit-1,Yes,"1,2,3,4,5,6",Third_Plate,1,,,,,,TGGAAT,0.872515687361901,0.612628952337013,2.09777359203593
2939.0,TTTAAGAGTCTGTTATACAT,RBS_BA_1900,0.0,0.3727508320345121,0.12625766309871053,0.1307874296740428,0.32959085388671616,0.0576094342963171,0.16949936883171646,0.1493708764879728,0.549735863229832,Bandit-1,Yes,"1,2,3,4,5,6",Third_Plate,1,,,,,,GTCTGT,0.837814459753328,0.626855603370557,2.09152566649444
1907.0,TTTAAGACTCTATTATACAT,RBS_BA_2888,0.08832265320314181,0.17920669466099995,0.13857284679226,0.06537863778072962,0.20542351433836167,0.18326085705697523,0.1433608673054114,0.05632417411975058,0.349407403121723,Bandit-1,Yes,"1,2,3,4,5,6",Third_Plate,1,,,,,,CTCTAT,0.97276697990741,0.558117833435124,2.08900264677766
3698.0,TTTAAGATGCTAGTATACAT,RBS_BA_3383,0.16980470006219994,0.24089886384812056,0.14461932589403853,0.25988187672797153,0.0,0.05638052285138151,0.14526421489728533,0.10187035743421606,0.49827016153438,Bandit-1,Yes,"1,2,3,4,5,6",Third_Plate,1,,,,,,TGCTAG,0.868953023661424,0.60945053658635,2.08785409683412
2883.0,TTTAAGAGTCAATTATACAT,RBS_BA_1848,0.06074075783447573,0.21304045818159928,0.1070251108590079,0.25888047556749083,0.13004354838936927,0.20185241129221135,0.16193046035402572,0.07466729933289862,0.428850069859707,Bandit-1,Yes,"1,2,3,4,5,6",Third_Plate,1,,,,,,GTCAAT,0.671383397524575,0.705242829513168,2.08186905655091
1715.0,TTTAAGACGGTATTATACAT,RBS_BA_2329,0.14758735764254807,0.2389512380650902,0.23934079634236388,0.05132736924615423,0.17499428566679376,0.07375819421914251,0.15432654019701544,0.07995176434787515,0.243345405100764,Bandit-1,Yes,"1,2,3,4,5,6",Third_Plate,1,,,,,,CGGTAT,0.873205624492731,0.604034521574526,2.08127466764178
2454.0,TTTAAGAGCGCCGTATACAT,RBS_BA_1572,0.1881745778530397,0.1628092318528023,0.14700877209161856,0.1591075182722721,0.10075777269905277,0.1443704638084391,0.1503713894295374,0.028875353487139505,0.237739423735096,Bandit-1,Yes,"1,2,3,4,5,6",Third_Plate,1,,,,,,GCGCCG,0.666677174486913,0.70508384017818,2.07684485484327
3761.0,TTTAAGATGGTACTATACAT,RBS_BA_3320,0.15882376363077702,0.10065817844110339,0.15193239138945733,0.21091071404140863,0.14831906947640525,0.17238356667076976,0.15717128060832022,0.035837436771701314,0.313275798838225,Bandit-1,Yes,"1,2,3,4,5,6",Third_Plate,1,,,,,,TGGTAC,0.813229494245985,0.628636186878566,2.07050186800312
3702.0,TTTAAGATGCTCGTATACAT,RBS_BA_3391,0.21478011984363468,0.46808113055863815,0.4070685903695362,0.3431388403766662,0.5761822877915879,0.43381918601838654,0.4071783591597416,0.12173689959898754,0.362958134040494,Bandit-1,Yes,"1,2,3,4,5,6",Third_Plate,1,,,,,,TGCTCG,0.75665934427605,0.656013079179635,2.06868550263532
3731.0,TTTAAGATGGCATTATACAT,RBS_BA_3305,0.7204740853147745,0.6639812228750157,0.6363034412184213,0.7293261495917562,0.7342526587452881,0.6592338963527213,0.6905952423496627,0.04228058222040352,0.223959634387153,Bandit-1,Yes,"1,2,3,4,5,6",Third_Plate,1,,,,,,TGGCAT,0.728468392961969,0.667331284464878,2.06313096189172
2514.0,TTTAAGAGCTCAGTATACAT,RBS_BA_1689,0.4717638582395046,0.5049624783714772,0.48893540284106696,0.5338632989068846,0.5910254856570606,0.5097925976535381,0.5167238536115887,0.04193915723146899,0.224671524408436,Bandit-1,Yes,"1,2,3,4,5,6",Third_Plate,1,,,,,,GCTCAG,0.661728183793704,0.69973525264295,2.0611986890796
2923.0,TTTAAGAGTCGGTTATACAT,RBS_BA_1868,0.4007570932244269,0.16106279350620717,0.34358779832051883,0.23894730170970102,0.13609983946908938,0.2584712234353424,0.25648767494421426,0.10228473456850201,0.365575339976523,Bandit-1,Yes,"1,2,3,4,5,6",Third_Plate,1,,,,,,GTCGGT,0.782997557753232,0.637879866111674,2.05875728997658
2491.0,TTTAAGAGCGTGTTATACAT,RBS_BA_1586,0.1413709984284208,0.24493096952558877,0.14019609075955428,0.2835108193487719,0.10016901405123502,0.2218125392918991,0.18866507190091164,0.07166288497168732,0.399775846232752,Bandit-1,Yes,"1,2,3,4,5,6",Third_Plate,1,,,,,,GCGTGT,0.836578976112271,0.610123530226721,2.05682603656571
3635.0,TTTAAGATGATATTATACAT,RBS_BA_3259,0.1736435746607743,0.17678699688840763,0.14185876530498745,0.23128200383499475,0.32191192451333916,0.06862519691980705,0.1856847436870517,0.085422208410913,0.357952305460319,Bandit-1,Yes,"1,2,3,4,5,6",Third_Plate,1,,,,,,TGATAT,0.891250822187609,0.582267423047388,2.05578566828238
2673.0,TTTAAGAGGCTACTATACAT,RBS_BA_1392,0.5806430362732715,0.5115804670352312,0.5188489441679127,0.5338444758706568,0.5485318752266974,0.5754746820556241,0.544820580104899,0.02876317749522856,0.1911905841368,Bandit-1,Yes,"1,2,3,4,5,6",Third_Plate,1,,,,,,GGCTAC,0.827018237743629,0.611325831822647,2.04966990138892
2502.0,TTTAAGAGCTACGTATACAT,RBS_BA_1665,0.1691552115623441,0.24275550565379667,0.1703665301240001,0.24463052195092932,0.2845109048949591,0.2331004839543891,0.2240865263567364,0.04562067697120861,0.253264267965379,Bandit-1,Yes,"1,2,3,4,5,6",Third_Plate,1,,,,,,GCTACG,0.776670213630806,0.632843166121,2.04235654587281
2433.0,TTTAAGAGCGAACTATACAT,RBS_BA_1533,0.18107225153018344,0.3455822505112215,0.22312264842320562,0.17505534996781383,0.3151076275296493,0.20642479203147573,0.2410608199989249,0.07195059693376787,0.222527020163266,Bandit-1,Yes,"1,2,3,4,5,6",Third_Plate,1,,,,,,GCGAAC,0.709195202635413,0.66417682511897,2.03754885287335
3705.0,TTTAAGATGCTGCTATACAT,RBS_BA_3388,0.1832818373897746,0.2105896574014535,0.09373391963167958,0.1924088232368018,0.2224786354550388,0.09809640209271446,0.1667648792012438,0.05657550070085337,0.210431715439978,Bandit-1,Yes,"1,2,3,4,5,6",Third_Plate,1,,,,,,TGCTGC,0.826859911226498,0.603656868712568,2.03417364865163
2467.0,TTTAAGAGCGGATTATACAT,RBS_BA_1550,0.2098622613750534,0.20227407655836763,0.35350692557139757,0.22919911260159895,0.3778174409037836,0.12362756239654332,0.24938122990112407,0.0973038090873169,0.311440440332385,Bandit-1,Yes,"1,2,3,4,5,6",Third_Plate,1,,,,,,GCGGAT,0.882537129717056,0.574805973091353,2.03214907589976
435.0,TTTAAGAACGTATTATACAT,RBS_BA_604,0.19419938440253837,0.2888981994078439,0.18966861137061924,0.2580280681791891,0.24171225109540417,0.19729360929804945,0.2283000206256074,0.040871556673327335,0.17486414820315,Bandit-1,Yes,"1,2,3,4,5,6",Third_Plate,1,,,,,,ACGTAT,0.760249029295688,0.635242955228617,2.03073493975292
3682.0,TTTAAGATGCGAGTATACAT,RBS_BA_3351,0.6239709251189585,0.5459988872415683,0.49035495311139166,0.6197354715551098,0.6179901649283513,0.5811234038724429,0.5798623009713036,0.05319597909129091,0.236517441504815,Bandit-1,Yes,"1,2,3,4,5,6",Third_Plate,1,,,,,,TGCGAG,0.753993612018825,0.637927507426523,2.02984862687187
2545.0,TTTAAGAGCTTACTATACAT,RBS_BA_1706,0.6944824255728644,0.6470146956480133,0.62105179831748,0.7100469654415682,0.7823730128348496,0.7133981271808172,0.6947278374992655,0.056514944995387374,0.258374692384851,Bandit-1,Yes,"1,2,3,4,5,6",Third_Plate,1,,,,,,GCTTAC,0.778692683420563,0.624543118586716,2.02777892059399
3642.0,TTTAAGATGATGGTATACAT,RBS_BA_3261,0.5737681757168926,0.4670275029153179,0.4771352394096918,0.33844684202640923,0.6153639578955649,0.20825149654379824,0.44666553575127915,0.1513339294611518,0.347031852468649,Bandit-1,Yes,"1,2,3,4,5,6",Third_Plate,1,,,,,,TGATGG,0.750722864803937,0.635358080977655,2.02143902675925
3650.0,TTTAAGATGCAAGTATACAT,RBS_BA_3335,0.26986785526900625,0.1891296910068909,0.3554054249099448,0.258016101303555,0.4537033727632694,0.2765168707029939,0.30043988599261007,0.0918777487575609,0.346972754999935,Bandit-1,Yes,"1,2,3,4,5,6",Third_Plate,1,,,,,,TGCAAG,0.656070073232364,0.680996785728923,2.01806364469021
2518.0,TTTAAGAGCTCCGTATACAT,RBS_BA_1697,0.15707693340242546,0.0,0.2754064709003583,0.18729270779138193,0.036865340251681526,0.1066845626752535,0.12722100250351678,0.10122252117963795,0.541279262671444,Bandit-1,Yes,"1,2,3,4,5,6",Third_Plate,1,,,,,,GCTCCG,0.688768726370992,0.664321821389791,2.01741236915057
2492.0,TTTAAGAGCGTTATATACAT,RBS_BA_1591,0.15434029968563717,0.1424336690165481,0.3629709980545538,0.25249634987478786,0.2993807180086972,0.24644449795878956,0.24301108876650232,0.08443695827545641,0.313660370332328,Bandit-1,Yes,"1,2,3,4,5,6",Third_Plate,1,,,,,,GCGTTA,0.698649320999237,0.658400881387556,2.01545108377435
3827.0,TTTAAGATGTTATTATACAT,RBS_BA_3448,0.18561738619560272,0.21522799885397953,0.12690149253648042,0.25917472280901055,0.25997773854481615,0.16983617514364654,0.20278925234725598,0.052429566126062414,0.260664791021925,Bandit-1,Yes,"1,2,3,4,5,6",Third_Plate,1,,,,,,TGTTAT,0.695268149210715,0.660050666483462,2.01536948217764
3755.0,TTTAAGATGGGGTTATACAT,RBS_BA_3293,0.4348646354966219,0.4846981900777703,0.45236546002747297,0.36732785432908377,0.288447523017763,0.4860821577028123,0.41896430344192065,0.07732420175186258,0.22100080209922,Bandit-1,Yes,"1,2,3,4,5,6",Third_Plate,1,,,,,,TGGGGT,0.992796520473484,0.510303631020066,2.01340378251362
2683.0,TTTAAGAGGCTGTTATACAT,RBS_BA_1397,0.6106850168049186,0.572276016668455,0.565081546338757,0.5781128800678532,0.5683809847381672,0.6018463244181387,0.5827304615060483,0.0189466753924074,0.173080068387968,Bandit-1,Yes,"1,2,3,4,5,6",Third_Plate,1,,,,,,GGCTGT,0.824663109775629,0.593224662891421,2.01111243555847
2450.0,TTTAAGAGCGCAGTATACAT,RBS_BA_1564,0.42738263811032656,0.2750496167410867,0.30265836258146667,0.3118821130901933,0.29448121863513976,0.08374948530464241,0.28253390574380927,0.11132067641025105,0.28891448828328,Bandit-1,Yes,"1,2,3,4,5,6",Third_Plate,1,,,,,,GCGCAG,0.649641732070976,0.680089968196839,2.00982166846465
2307.0,TTTAAGAGCAAATTATACAT,RBS_BA_1470,0.1518736369171024,0.20275358260837348,0.3506523701931459,0.06966144414270951,0.13236756914924408,0.1457723117241603,0.1755134857891226,0.09583867323567417,0.353805337321764,Bandit-1,Yes,"1,2,3,4,5,6",Third_Plate,1,,,,,,GCAAAT,0.611422727000464,0.697980776574108,2.00738428014868
2426.0,TTTAAGAGCCTGGTATACAT,RBS_BA_1646,0.5673157856402901,0.5376845663628966,0.48269354223852384,0.5771552418881238,0.6222127152589277,0.578893455374594,0.560992551127226,0.046996943907562386,0.235365405260759,Bandit-1,Yes,"1,2,3,4,5,6",Third_Plate,1,,,,,,GCCTGG,0.751185125368623,0.624013421864982,1.99921196909859
3690.0,TTTAAGATGCGGGTATACAT,RBS_BA_3355,0.7009037649516066,0.6249396730831919,0.594825915694487,0.7003799739163586,0.7528963039750589,0.6721128894935526,0.674343086852376,0.05713606323620561,0.252109674892046,Bandit-1,Yes,"1,2,3,4,5,6",Third_Plate,1,,,,,,TGCGGG,0.822346289009308,0.584662065709109,1.99167042042753
1603.0,TTTAAGACGCAATTATACAT,RBS_BA_2345,0.5419586314906035,0.4891606804905823,0.4602171622171313,0.5433713702302396,0.6130363485213188,0.5297875740284365,0.5295886278297187,0.052446852744768374,0.244249228678163,Bandit-1,Yes,"1,2,3,4,5,6",Third_Plate,1,,,,,,CGCAAT,0.683762278579672,0.652691762455533,1.98914580349074
3771.0,TTTAAGATGGTGTTATACAT,RBS_BA_3325,0.5302815399806936,0.483568558134647,0.4428665048427149,0.2715612543580337,0.4112721797875325,0.2851325272617078,0.4041137607275549,0.10536706539945058,0.179082440273909,Bandit-1,Yes,"1,2,3,4,5,6",Third_Plate,1,,,,,,TGGTGT,0.847543913628027,0.570105921739198,1.98775575710642
3718.0,TTTAAGATGGACGTATACAT,RBS_BA_3280,0.20445277765504982,0.20458210499494794,0.36811110990645274,0.2974973266034069,0.17084373522973828,0.48361810930426763,0.28818419394897726,0.1203648654798542,0.512230776150366,Bandit-1,Yes,"1,2,3,4,5,6",Third_Plate,1,,,,,,TGGACG,0.719103723945118,0.632339464862296,1.98378265366971
2363.0,TTTAAGAGCATGTTATACAT,RBS_BA_1522,0.40879639476014756,0.22994374631899617,0.4023789537570428,0.11994734574635796,0.5350630082382725,0.2024559528298545,0.31643090027511195,0.15671282956161883,0.491827789966422,Bandit-1,Yes,"1,2,3,4,5,6",Third_Plate,1,,,,,,GCATGT,0.729154951091003,0.6243645316239,1.9778840143388
2442.0,TTTAAGAGCGAGGTATACAT,RBS_BA_1536,0.9143145611344601,0.9749369217353347,0.9438119479195723,0.8492351477048372,0.9274995296125009,0.8931873784645726,0.9171642477618795,0.04324805993892335,0.149693864626595,Bandit-1,Yes,"1,2,3,4,5,6",Third_Plate,1,,,,,,GCGAGG,0.769440911952287,0.602045391689033,1.97353169533035
1914.0,TTTAAGACTCTGGTATACAT,RBS_BA_2890,0.3045974666823278,0.21937119669314098,0.3805597735150329,0.49137407855350923,0.2664894349805009,0.2624729609839913,0.32081081856808386,0.0995678173728663,0.397827537637488,Bandit-1,Yes,"1,2,3,4,5,6",Third_Plate,1,,,,,,CTCTGG,0.815483877724928,0.578407502410714,1.97229888254636
2522.0,TTTAAGAGCTCGGTATACAT,RBS_BA_1693,0.22196268594693574,0.42044386703001646,0.39490465473671055,0.29905084933295656,0.3067055412144815,0.42243955308087555,0.34425119189032943,0.08110701869354955,0.262511955643025,Bandit-1,Yes,"1,2,3,4,5,6",Third_Plate,1,,,,,,GCTCGG,0.622549474368892,0.672255790464238,1.96706105529737
2667.0,TTTAAGAGGCGGTTATACAT,RBS_BA_1365,0.5095942750001767,0.422687069103717,0.3869584244002736,0.5463539966460159,0.5881255099573256,0.27375538951217954,0.454579110769948,0.1162504334830734,0.338304333115529,Bandit-1,Yes,"1,2,3,4,5,6",Third_Plate,1,,,,,,GGCGGT,0.719884661365244,0.621536706087029,1.9629580735393
403.0,TTTAAGAACGCATTATACAT,RBS_BA_588,0.4989161010307369,0.26259182516459906,0.3636641686596753,0.48304490785395626,0.3465380580674519,0.1219781831987798,0.34612220732919985,0.1411520892573452,0.397715276705189,Bandit-1,Yes,"1,2,3,4,5,6",Third_Plate,1,,,,,,ACGCAT,0.635410080464985,0.660541382878961,1.95649284622291
2163.0,TTTAAGAGACTATTATACAT,RBS_BA_1162,0.4545396812045811,0.43907556864023667,0.45409388041065446,0.5738751119736581,0.5933906507168814,0.5575527560161868,0.5120879414936997,0.07000107755658345,0.298118405614486,Bandit-1,Yes,"1,2,3,4,5,6",Third_Plate,1,,,,,,GACTAT,0.677579410504718,0.637960086800142,1.953499584105
2353.0,TTTAAGAGCATACTATACAT,RBS_BA_1517,0.6652388155853582,0.5165147379300568,0.5264832071854268,0.620739776772653,0.6890447105872326,0.6572163101646448,0.612539593037562,0.07391883045519948,0.271818815402599,Bandit-1,Yes,"1,2,3,4,5,6",Third_Plate,1,,,,,,GCATAC,0.72385592487398,0.612820138516415,1.94949620190681
1210.0,TTTAAGACAGTGGTATACAT,RBS_BA_2084,0.7615632723704491,0.5970257531451635,0.5320778137931739,0.74431554994422,0.7713699661932086,0.7034443382511607,0.6849661156162293,0.09829027425949954,0.302797041945361,Bandit-1,Yes,"1,2,3,4,5,6",Third_Plate,1,,,,,,CAGTGG,0.558830237890739,0.694956635411392,1.94874350871352
2498.0,TTTAAGAGCTAAGTATACAT,RBS_BA_1658,0.6205846350725754,0.5266285822203849,0.4928051432786965,0.6514856354098782,0.7275165150938636,0.6860008950951364,0.6175035676950892,0.0913968997238204,0.316337908063132,Bandit-1,Yes,"1,2,3,4,5,6",Third_Plate,1,,,,,,GCTAAG,0.677238678512841,0.634139365906549,1.94551741032594
2466.0,TTTAAGAGCGGAGTATACAT,RBS_BA_1548,0.8040478787687585,0.7291350780997523,0.8378787399900429,0.7667962339763165,0.8597449267096318,0.8569596825318554,0.8090937566793929,0.05271279681111328,0.222287978795493,Bandit-1,Yes,"1,2,3,4,5,6",Third_Plate,1,,,,,,GCGGAG,0.789157952524236,0.57688195673692,1.94292186599808
1905.0,TTTAAGACTCTACTATACAT,RBS_BA_2887,0.6017793987179175,0.5341450605073421,0.5015993658431727,0.6155222974022678,0.7106956506308554,0.6623895308222186,0.6043552173206291,0.07784065641017514,0.294314751210008,Bandit-1,Yes,"1,2,3,4,5,6",Third_Plate,1,,,,,,CTCTAC,0.813209439379929,0.564510213607478,1.94222986659488
3772.0,TTTAAGATGGTTATATACAT,RBS_BA_3330,0.6376992136499476,0.5624407644259569,0.5328701121094335,0.6276844497384598,0.7537519107334386,0.6563688412678765,0.6284692153208522,0.07753566467943418,0.29042628610075,Bandit-1,Yes,"1,2,3,4,5,6",Third_Plate,1,,,,,,TGGTTA,0.706032797824877,0.617108982445548,1.94025076271597
648.0,TTTAAGAAGGAGATATACAT,RBS_1by1_0,0.9376236644483606,0.8908465577358593,1.0,0.89071216738034,0.933511929942813,1.0,0.9421157199178954,0.049124811917915595,0.193588665792737,Consensus,Yes,"1,2,3,4,5,6",Third_Plate,1,,,,,,AGGAGA,,,
1191.0,TTTAAGACAGGCTTATACAT,RBS_BA3_2008,0.8462877820706352,0.9134913960906464,0.9342577739666129,0.9549467450227976,0.8109871882214266,0.901040823876382,0.8935019515414169,0.05464572473956766,0.1672369067443,Bandit-2,Yes,"1,2,3,4,5,6",Fourth_Plate,2,,,,,,CAGGCT,,,
2663.0,TTTAAGAGGCGCTTATACAT,RBS_BA3_1363,0.852485320926718,0.936269048890912,0.9627242597881834,0.9518237246918415,0.8842005813062183,0.9662955016788791,0.9256330728804588,0.04668084931520823,0.147267449992889,Bandit-2,Yes,"1,2,3,4,5,6",Fourth_Plate,2,,,,,,GGCGCT,,,
2983.0,TTTAAGAGTGGCTTATACAT,RBS_BA3_1765,0.764654404223368,0.7635043225932756,0.8036336960137619,0.7542785421314869,0.728263896501906,0.764305061873819,0.763106653889603,0.024242047339757548,0.101010479418132,Bandit-2,Yes,"1,2,3,4,5,6",Fourth_Plate,2,,,,,,GTGGCT,,,
1186.0,TTTAAGACAGGAGTATACAT,RBS_BA3_1998,0.8396370276805243,0.9449445243334071,0.9461205478058512,0.9790220467535141,0.9196743329151629,1.0,0.9382330799147433,0.05594954240184308,0.158853987801283,Bandit-2,Yes,"1,2,3,4,5,6",Fourth_Plate,2,,,,,,CAGGAG,,,
2727.0,TTTAAGAGGGGCTTATACAT,RBS_BA3_1300,0.827954176280706,0.8249690806820763,0.8688910033095676,0.8389225707239311,0.7561124176835429,0.8258415207809808,0.823781794910134,0.03705749390709164,0.119792576787317,Bandit-2,Yes,"1,2,3,4,5,6",Fourth_Plate,2,,,,,,GGGGCT,,,
2634.0,TTTAAGAGGCAGGTATACAT,RBS_BA3_1342,0.833854342892538,0.7893939781318196,0.8186560772541729,0.817184871253195,0.7153722301214709,0.8649962370191122,0.8065762894453847,0.051046758986437984,0.0876630427055609,Bandit-2,Yes,"1,2,3,4,5,6",Fourth_Plate,2,,,,,,GGCAGG,,,
1255.0,TTTAAGACATGCTTATACAT,RBS_BA3_2134,0.6346705842539243,0.6838386021485735,0.6971514488750449,0.6980482165649594,0.6468457206034209,0.6522679361660053,0.6688037514353212,0.02758818164827591,0.127191377506201,Bandit-2,Yes,"1,2,3,4,5,6",Fourth_Plate,2,,,,,,CATGCT,,,
1199.0,TTTAAGACAGGTTTATACAT,RBS_BA3_2012,0.6533721718060459,0.6931284430855821,0.7233256179035417,0.7021746875708261,0.6277026596362848,0.6837443646839232,0.6805746574477007,0.03463314561710167,0.116432990782421,Bandit-2,Yes,"1,2,3,4,5,6",Fourth_Plate,2,,,,,,CAGGTT,,,
2639.0,TTTAAGAGGCATTTATACAT,RBS_BA3_1352,0.7239340855309693,0.7566060279641532,0.7624725393784497,0.7740374313582036,0.7060489572876488,0.8203466443618135,0.757240947646873,0.0400554376806425,0.0974734537730397,Bandit-2,Yes,"1,2,3,4,5,6",Fourth_Plate,2,,,,,,GGCATT,,,
1127.0,TTTAAGACACGCTTATACAT,RBS_BA3_2070,0.566763357822675,0.49422232706191155,0.6062690650085382,0.6526759666032772,0.5804551458341922,0.6109805099726712,0.585227728717211,0.05348065452030357,0.151290294828207,Bandit-2,Yes,"1,2,3,4,5,6",Fourth_Plate,2,,,,,,CACGCT,,,
1162.0,TTTAAGACAGAGGTATACAT,RBS_BA3_1986,0.8814490358297655,0.8737314051236019,0.9336180251102836,0.8686420280575436,0.8093556197646795,0.9175971816128025,0.8807322159164461,0.04346550543385359,0.104225421588565,Bandit-2,Yes,"1,2,3,4,5,6",Fourth_Plate,2,,,,,,CAGAGG,,,
3047.0,TTTAAGAGTTGCTTATACAT,RBS_BA3_1884,0.6475969941416184,0.7212332873977735,0.6427089724251045,0.7186527979024568,0.6570905449662751,0.6901075801386021,0.6795650294953051,0.03538550384472796,0.140120161282111,Bandit-2,Yes,"1,2,3,4,5,6",Fourth_Plate,2,,,,,,GTTGCT,,,
2671.0,TTTAAGAGGCGTTTATACAT,RBS_BA3_1367,0.9376520697939974,0.975330071156549,1.0,0.9934538877962915,0.860412377269994,0.9434982955378072,0.9517244502591066,0.05144452582137702,0.161888692985134,Bandit-2,Yes,"1,2,3,4,5,6",Fourth_Plate,2,,,,,,GGCGTT,,,
1418.0,TTTAAGACCGAGGTATACAT,RBS_BA3_2478,0.835859786681067,0.8816756527520977,0.9301090879099204,0.9302863275330582,0.8187609505550013,0.9625750269313286,0.8932111387270788,0.057467299923961206,0.13458877598787,Bandit-2,Yes,"1,2,3,4,5,6",Fourth_Plate,2,,,,,,CCGAGG,,,
2631.0,TTTAAGAGGCACTTATACAT,RBS_BA3_1348,0.7489486844415166,0.6401283319761111,0.7315211581281169,0.6568468028864594,0.6961476196969774,0.7557029289226252,0.704882587675301,0.04860245121697449,0.0582845544278394,Bandit-2,Yes,"1,2,3,4,5,6",Fourth_Plate,2,,,,,,GGCACT,,,
2978.0,TTTAAGAGTGGAGTATACAT,RBS_BA3_1755,0.9515464560020077,0.8304009423985179,0.8840262154436042,0.8494089809572571,0.8219330507058488,0.8272049868709647,0.8607534387297,0.04993492970959351,0.106120142883307,Bandit-2,Yes,"1,2,3,4,5,6",Fourth_Plate,2,,,,,,GTGGAG,,,
4007.0,TTTAAGATTGGCTTATACAT,RBS_BA3_3714,0.21038326588396866,0.5081403057365008,0.28235098551612764,0.3232826598005174,0.46653426477912374,0.5472137624789115,0.3896508740325249,0.13625839150751418,0.280875654201159,Bandit-2,Yes,"1,2,3,4,5,6",Fourth_Plate,2,,,,,,TTGGCT,,,
1482.0,TTTAAGACCTAGGTATACAT,RBS_BA3_2598,0.5185195012608341,0.2611159775471641,0.38426664818698325,0.2312181498815037,0.23290795359115227,0.3923984340569701,0.3367377774207679,0.11492204149282101,0.355827755448562,Bandit-2,Yes,"1,2,3,4,5,6",Fourth_Plate,2,,,,,,CCTAGG,,,
2735.0,TTTAAGAGGGGTTTATACAT,RBS_BA3_1304,0.9430320587800057,0.8622703988086556,0.8210749922618716,0.8577314141659624,0.7837364686203429,0.915431949152346,0.863879546964864,0.058682709723572125,0.0844392367595057,Bandit-2,Yes,"1,2,3,4,5,6",Fourth_Plate,2,,,,,,GGGGTT,,,
2791.0,TTTAAGAGGTGCTTATACAT,RBS_BA3_1422,0.6654572146644706,0.44041516977485967,0.396274338022795,0.42828475995862975,0.5627740804084457,0.5834094173830096,0.5127691633687017,0.10653444266035636,0.223483144524589,Bandit-2,Yes,"1,2,3,4,5,6",Fourth_Plate,2,,,,,,GGTGCT,,,
2642.0,TTTAAGAGGCCAGTATACAT,RBS_BA3_1369,0.4654712891326182,0.07314152388122155,0.3372609221885966,0.0,0.28477417023328533,0.27574632323138387,0.23939903811118426,0.172637828574315,0.645318045471877,Bandit-2,Yes,"1,2,3,4,5,6",Fourth_Plate,2,,,,,,GGCCAG,,,
3234.0,TTTAAGATAGGAGTATACAT,RBS_BA3_2978,0.8880700086251041,0.8726368598413808,0.8078619228892617,0.8219578201027321,0.7217135011289718,0.9105190309489917,0.8371265239227403,0.0687740575477349,0.104278781722919,Bandit-2,Yes,"1,2,3,4,5,6",Fourth_Plate,2,,,,,,TAGGAG,,,
1226.0,TTTAAGACATAGGTATACAT,RBS_BA3_2112,0.2137933722812593,0.3608314301756349,0.2648182543809992,0.2962380682871582,0.16858119076043165,0.4033062835416077,0.2845947665711818,0.08820784234296823,0.239861434670906,Bandit-2,Yes,"1,2,3,4,5,6",Fourth_Plate,2,,,,,,CATAGG,,,
1180.0,TTTAAGACAGCTATATACAT,RBS_BA3_2025,0.5769842224217329,0.5205902483850983,0.35178843984126945,0.3561905810330565,0.35987296092787874,0.5835446958164404,0.45816185807091264,0.11411491308014428,0.245045088983402,Bandit-2,Yes,"1,2,3,4,5,6",Fourth_Plate,2,,,,,,CAGCTA,,,
2650.0,TTTAAGAGGCCGGTATACAT,RBS_BA3_1373,0.6950660861266111,0.8096581187363349,0.7983219459583788,0.7934757754974675,0.7713729168630096,0.7316581534412978,0.76659216610385,0.04459462881385565,0.165790123131246,Bandit-2,Yes,"1,2,3,4,5,6",Fourth_Plate,2,,,,,,GGCCGG,,,
3239.0,TTTAAGATAGGCTTATACAT,RBS_BA3_2988,0.6166277774991413,0.6166149873646325,0.6361540108797814,0.6509445484679247,0.536048466101226,0.628632116048025,0.6141703177267885,0.04039754854321911,0.116298237977122,Bandit-2,Yes,"1,2,3,4,5,6",Fourth_Plate,2,,,,,,TAGGCT,,,
1511.0,TTTAAGACCTGCTTATACAT,RBS_BA3_2620,0.5071146092121682,0.21421759848517807,0.5165623348805418,0.28951471076461227,0.445308468124777,0.3572951054494708,0.3883354711527914,0.1223459154794654,0.335318160704331,Bandit-2,Yes,"1,2,3,4,5,6",Fourth_Plate,2,,,,,,CCTGCT,,,
2679.0,TTTAAGAGGCTCTTATACAT,RBS_BA3_1391,0.5256531636989791,0.2744587788163401,0.19874186409956968,0.31340306816962044,0.15894616318478672,0.33089946728477954,0.300350417542346,0.12872822673629314,0.476091929319244,Bandit-2,Yes,"1,2,3,4,5,6",Fourth_Plate,2,,,,,,GGCTCT,,,
3175.0,TTTAAGATACGCTTATACAT,RBS_BA3_3051,0.42043282006960536,0.31204228864364353,0.30264270830576473,0.12218203368719484,0.24984449854205712,0.20516267031634977,0.2687178365941026,0.10189557876611674,0.398011599561487,Bandit-2,Yes,"1,2,3,4,5,6",Fourth_Plate,2,,,,,,TACGCT,,,
2991.0,TTTAAGAGTGGTTTATACAT,RBS_BA3_1769,0.4252238353068603,0.34317390104345635,0.29788757922454856,0.281748865734874,0.20947344872251975,0.45967392514447514,0.33619692586278904,0.09350088244450562,0.271594223345131,Bandit-2,Yes,"1,2,3,4,5,6",Fourth_Plate,2,,,,,,GTGGTT,,,
1122.0,TTTAAGACACGAGTATACAT,RBS_BA3_2060,0.26114461970689073,0.1173326997116514,0.2500114843162076,0.25521711776791656,0.09108023603715913,0.05463726674204953,0.17157057071364581,0.09409258229937863,0.55297339112777,Bandit-2,Yes,"1,2,3,4,5,6",Fourth_Plate,2,,,,,,CACGAG,,,
1178.0,TTTAAGACAGCGGTATACAT,RBS_BA3_2018,0.2884259803230415,0.0,0.16993549896864008,0.06495363724882192,0.1316233303317732,0.036509917353494216,0.11524139403762847,0.1051292506215564,0.817743259220401,Bandit-2,Yes,"1,2,3,4,5,6",Fourth_Plate,2,,,,,,CAGCGG,,,
1223.0,TTTAAGACATACTTATACAT,RBS_BA3_2118,0.1604279236006842,0.2660930794138925,0.28040352220224185,0.11685438314204374,0.22059942314475348,0.2774699352903454,0.2203080444656602,0.06821083704200143,0.175305856590844,Bandit-2,Yes,"1,2,3,4,5,6",Fourth_Plate,2,,,,,,CATACT,,,
3042.0,TTTAAGAGTTGAGTATACAT,RBS_BA3_1875,0.17025569873058496,0.0954957521575873,0.10164831047652707,0.12490846186427917,0.05998545925984351,0.30230695842704913,0.1424334401526452,0.08637706604433909,0.517512188706102,Bandit-2,Yes,"1,2,3,4,5,6",Fourth_Plate,2,,,,,,GTTGAG,,,
4002.0,TTTAAGATTGGAGTATACAT,RBS_BA3_3704,0.5519927514684816,0.5755012512837624,0.40597205320066215,0.38834981319156625,0.3722574234632436,0.6197014911890146,0.48562913063278845,0.10873654921804393,0.220464030039169,Bandit-2,Yes,"1,2,3,4,5,6",Fourth_Plate,2,,,,,,TTGGAG,,,
2151.0,TTTAAGAGACGCTTATACAT,RBS_BA3_1134,0.6673148127212426,0.4097004016939604,0.5587027146266591,0.2582473620048927,0.5767647300125756,0.41637824564860093,0.48118471111798855,0.1475126717897395,0.330739719324006,Bandit-2,Yes,"1,2,3,4,5,6",Fourth_Plate,2,,,,,,GACGCT,,,
2658.0,TTTAAGAGGCGAGTATACAT,RBS_BA3_1354,1.0,0.9247955701835691,0.944326524663138,0.9980450410203039,0.8874528760059999,0.868863520981394,0.9372472554757342,0.054763589293366124,0.164434032328187,Bandit-2,Yes,"1,2,3,4,5,6",Fourth_Plate,2,,,,,,GGCGAG,,,
1487.0,TTTAAGACCTATTTATACAT,RBS_BA3_2608,0.5468197990838498,0.6101704787308369,0.4956048447422689,0.507709990508857,0.49370361397731655,0.5354924021244732,0.5315835215279338,0.0440967831169107,0.137162972244652,Bandit-2,Yes,"1,2,3,4,5,6",Fourth_Plate,2,,,,,,CCTATT,,,
3466.0,TTTAAGATCGAGGTATACAT,RBS_BA3_3442,0.5627540928183635,0.16784289770843372,0.3685576037375078,0.1871243712884114,0.19719127069883216,0.36073318730196235,0.3073672372589185,0.15354397631790778,0.513082558504147,Bandit-2,Yes,"1,2,3,4,5,6",Fourth_Plate,2,,,,,,TCGAGG,,,
1250.0,TTTAAGACATGAGTATACAT,RBS_BA3_2124,0.1409345488859605,0.15951780727517062,0.19509646802954414,0.2322653810033597,0.0,0.2761663488542212,0.167330092341376,0.09548823003851027,0.450732514896704,Bandit-2,Yes,"1,2,3,4,5,6",Fourth_Plate,2,,,,,,CATGAG,,,
3210.0,TTTAAGATAGAGGTATACAT,RBS_BA3_2966,0.8016666649976524,0.7508205425334805,0.7600857378742426,0.78187995078997,0.6530615482175054,0.7515130403367458,0.7498379141249328,0.05135633559149251,0.121139872294669,Bandit-2,Yes,"1,2,3,4,5,6",Fourth_Plate,2,,,,,,TAGAGG,,,
2722.0,TTTAAGAGGGGAGTATACAT,RBS_BA3_1292,0.5985735747726773,0.6179969901740355,0.6146126724683679,0.627480048604389,0.513803494868767,0.5918914123470583,0.5940596988725492,0.041420944551944276,0.127168299453237,Bandit-2,Yes,"1,2,3,4,5,6",Fourth_Plate,2,,,,,,GGGGAG,,,
1135.0,TTTAAGACACGTTTATACAT,RBS_BA3_2074,0.06045947073372823,0.06048163795871982,0.30548418268729266,0.19983439223657665,0.2753507872803744,0.15160854253791703,0.17553650223910144,0.10439594900246112,0.391384630522704,Bandit-2,Yes,"1,2,3,4,5,6",Fourth_Plate,2,,,,,,CACGTT,,,
2666.0,TTTAAGAGGCGGGTATACAT,RBS_BA3_1358,0.4583202830540532,0.2965512046857283,0.2945720244728004,0.23042384245948755,0.24169147472673572,0.5397766274318239,0.3435559094717715,0.12606151079096664,0.340060173587373,Bandit-2,Yes,"1,2,3,4,5,6",Fourth_Plate,2,,,,,,GGCGGG,,,
1183.0,TTTAAGACAGCTTTATACAT,RBS_BA3_2028,0.3703948900731201,0.14970581863668062,0.2546556079879932,0.20956091068799496,0.16298555103117682,0.13495645727613953,0.21370987261551755,0.08844833291757637,0.482031746608415,Bandit-2,Yes,"1,2,3,4,5,6",Fourth_Plate,2,,,,,,CAGCTT,,,
2652.0,TTTAAGAGGCCTATATACAT,RBS_BA3_1380,0.5467146316847914,0.3163702029418016,0.351490306740812,0.25133873614358676,0.2537718610727744,0.38768455122262085,0.3512283816343979,0.10975864627681471,0.338317254914776,Bandit-2,Yes,"1,2,3,4,5,6",Fourth_Plate,2,,,,,,GGCCTA,,,
2970.0,TTTAAGAGTGCGGTATACAT,RBS_BA3_1775,0.3818497702593628,0.32323543049956843,0.0,0.05054870506190854,0.08392058751959157,0.04655190766063625,0.1476844001668446,0.16198223048312366,0.920527709217176,Bandit-2,Yes,"1,2,3,4,5,6",Fourth_Plate,2,,,,,,GTGCGG,,,
1159.0,TTTAAGACAGACTTATACAT,RBS_BA3_1992,0.4998981109075849,0.34566182844761867,0.3353840709489895,0.2565048946381787,0.46102687871355935,0.37918425690415813,0.37961000676001494,0.08872586673645663,0.272203713186067,Bandit-2,Yes,"1,2,3,4,5,6",Fourth_Plate,2,,,,,,CAGACT,,,
1130.0,TTTAAGACACGGGTATACAT,RBS_BA3_2064,0.7515334117857145,0.7570430725133619,0.7752861166290088,0.7976391190966369,0.6841875216558656,0.6950635635145356,0.7434588008658539,0.044840607104399764,0.155314935945997,Bandit-2,Yes,"1,2,3,4,5,6",Fourth_Plate,2,,,,,,CACGGG,,,
2786.0,TTTAAGAGGTGAGTATACAT,RBS_BA3_1412,0.7432157706288298,0.749558020821656,0.7126824633884994,0.7357123756627718,0.6489086046179843,0.7792287614999992,0.7282176661032901,0.04442955358967159,0.0955683312318827,Bandit-2,Yes,"1,2,3,4,5,6",Fourth_Plate,2,,,,,,GGTGAG,,,
2023.0,TTTAAGACTTGCTTATACAT,RBS_BA3_2866,0.36227689221960585,0.17269845807745898,0.32199323811095837,0.07936727624991848,0.20004163924234306,0.25140923774785817,0.23129779027469052,0.10322729244452122,0.439930698929214,Bandit-2,Yes,"1,2,3,4,5,6",Fourth_Plate,2,,,,,,CTTGCT,,,
1479.0,TTTAAGACCTACTTATACAT,RBS_BA3_2604,0.4411903193305754,0.2388659258169402,0.31813076821417496,0.06303251153031544,0.07595348496858866,0.20215664220015778,0.22322160867679205,0.14460638434367026,0.618368006369392,Bandit-2,Yes,"1,2,3,4,5,6",Fourth_Plate,2,,,,,,CCTACT,,,
1188.0,TTTAAGACAGGCATATACAT,RBS_BA3_2005,0.39601476250065615,0.22422967337489058,0.2774786421420564,0.1205310246742951,0.2489340205592408,0.23171622722358848,0.2498173917457879,0.08926023138308298,0.392870488754659,Bandit-2,Yes,"1,2,3,4,5,6",Fourth_Plate,2,,,,,,CAGGCA,,,
2954.0,TTTAAGAGTGAGGTATACAT,RBS_BA3_1743,0.7398681032323474,0.6513681911887904,0.7073830587750789,0.7034412682720439,0.6271866569458647,0.7207116916596961,0.6916598283456369,0.043207121372689616,0.0831050900376735,Bandit-2,Yes,"1,2,3,4,5,6",Fourth_Plate,2,,,,,,GTGAGG,,,
679.0,TTTAAGAAGGGCTTATACAT,RBS_BA3_330,0.4901464028794179,0.48072801720048247,0.584849048601353,0.33611156357523386,0.48057236107236107,0.4704360491812932,0.47380724041835687,0.07957685562379568,0.171856130241838,Bandit-2,Yes,"1,2,3,4,5,6",Fourth_Plate,2,,,,,,AGGGCT,,,
3055.0,TTTAAGAGTTGTTTATACAT,RBS_BA3_1888,0.3184570508249285,0.19614649289753325,0.23508346308034633,0.23760188269501678,0.13784143646911706,0.0,0.1875217209944903,0.10919809129250843,0.548497419295165,Bandit-2,Yes,"1,2,3,4,5,6",Fourth_Plate,2,,,,,,GTTGTT,,,
3146.0,TTTAAGATACAGGTATACAT,RBS_BA3_3029,0.3980315426637659,0.2848227903121983,0.11179110097343002,0.30423179491028435,0.18574767009943702,0.3116943390370453,0.26605320633269347,0.10154513524869413,0.423732090581177,Bandit-2,Yes,"1,2,3,4,5,6",Fourth_Plate,2,,,,,,TACAGG,,,
2655.0,TTTAAGAGGCCTTTATACAT,RBS_BA3_1383,0.31100824063558724,0.05856345296445081,0.13031622586577632,0.10885735530235845,0.1391634470978196,0.1823867411002139,0.15504924382770105,0.08646135155286372,0.616375059730606,Bandit-2,Yes,"1,2,3,4,5,6",Fourth_Plate,2,,,,,,GGCCTT,,,
2636.0,TTTAAGAGGCATATATACAT,RBS_BA3_1349,0.7031386687681958,0.574540047692247,0.6510241979193924,0.38186600161148004,0.4905709102135424,0.6857310844536922,0.5811451517764249,0.12542983450277148,0.186438796937649,Bandit-2,Yes,"1,2,3,4,5,6",Fourth_Plate,2,,,,,,GGCATA,,,
3247.0,TTTAAGATAGGTTTATACAT,RBS_BA3_2992,0.7104405595848459,0.611308016544308,0.5896823515191749,0.6371249812208251,0.4203309109666864,0.6652310138090943,0.605686305607489,0.10015165383382661,0.181368976017102,Bandit-2,Yes,"1,2,3,4,5,6",Fourth_Plate,2,,,,,,TAGGTT,,,
615.0,TTTAAGAAGCGCTTATACAT,RBS_BA3_391,0.8171085170102987,0.7701101856050349,0.7336953359585647,0.7667596238949731,0.5803174580909369,0.6638370994634938,0.7219713700038836,0.08597358378458489,0.184767417994876,Bandit-2,Yes,"1,2,3,4,5,6",Fourth_Plate,2,,,,,,AGCGCT,,,
2146.0,TTTAAGAGACGAGTATACAT,RBS_BA3_1124,0.37924071263919007,0.32760107656782866,0.35553424812694073,0.6207627369648052,0.462309903197967,0.5671602262348482,0.4521014839552633,0.11993633205753512,0.32418509387646,Bandit-2,Yes,"1,2,3,4,5,6",Fourth_Plate,2,,,,,,GACGAG,,,
1354.0,TTTAAGACCCAGGTATACAT,RBS_BA3_2540,0.36668800056332046,0.15952702389081483,0.3457301982764593,0.22759117907090093,0.09105438516415286,0.35046867471335946,0.25684324361316796,0.1153642563139126,0.433130334879596,Bandit-2,Yes,"1,2,3,4,5,6",Fourth_Plate,2,,,,,,CCCAGG,,,
1231.0,TTTAAGACATATTTATACAT,RBS_BA3_2122,0.19949091202731398,0.32477362680821786,0.2354875582739793,0.27364917712417675,0.0900185837870027,0.29353158304597465,0.23615857351111083,0.0839663021811845,0.315913342140778,Bandit-2,Yes,"1,2,3,4,5,6",Fourth_Plate,2,,,,,,CATATT,,,
2724.0,TTTAAGAGGGGCATATACAT,RBS_BA3_1297,0.6950174942493698,0.62640486326054,0.6724365893291485,0.6921971753615137,0.4835033359431263,0.6927126398430689,0.643712016331128,0.08267476486591567,0.156155217046856,Bandit-2,Yes,"1,2,3,4,5,6",Fourth_Plate,2,,,,,,GGGGCA,,,
4015.0,TTTAAGATTGGTTTATACAT,RBS_BA3_3718,0.1709280677769107,0.00434281711677871,0.2520814914634455,0.02660598999110298,0.08880845366361714,0.30950052515009735,0.14204455752699205,0.12337406536900282,0.628168181255498,Bandit-2,Yes,"1,2,3,4,5,6",Fourth_Plate,2,,,,,,TTGGTT,,,
3751.0,TTTAAGATGGGCTTATACAT,RBS_BA3_3231,0.0,0.47568758268756356,0.18187313505045596,0.5332130820139032,0.3584242301342645,0.3153369387210834,0.3107558281012117,0.19604229639702228,0.5150960543564,Bandit-2,Yes,"1,2,3,4,5,6",Fourth_Plate,2,,,,,,TGGGCT,,,
2633.0,TTTAAGAGGCAGCTATACAT,RBS_BA3_1343,0.4732653996870748,0.5774632736055019,0.3234369040820061,0.545017848549306,0.4136814719411626,0.5719666931739235,0.4841385985064958,0.10103169800447065,0.24796463288617,Bandit-2,Yes,"1,2,3,4,5,6",Fourth_Plate,2,,,,,,GGCAGC,,,
1319.0,TTTAAGACCAGCTTATACAT,RBS_BA3_2437,0.3235019587493053,0.21809596268978673,0.31864545985933984,0.27384846572226845,0.46509203713833475,0.4605369281910045,0.3432868020583399,0.10007714220147786,0.281554262983091,Bandit-2,Yes,"1,2,3,4,5,6",Fourth_Plate,2,,,,,,CCAGCT,,,
2972.0,TTTAAGAGTGCTATATACAT,RBS_BA3_1782,0.3934466021914402,0.37829112538248827,0.3274776063780944,0.25786173889298,0.26333720244573267,0.3335158947889887,0.32565502834662075,0.05641065985678761,0.212473861075505,Bandit-2,Yes,"1,2,3,4,5,6",Fourth_Plate,2,,,,,,GTGCTA,,,
2643.0,TTTAAGAGGCCATTATACAT,RBS_BA3_1371,0.5868332434831294,0.36428163244363904,0.41533522133133466,0.5679020096974196,0.4076199133250145,0.5915983456897156,0.4889283943283755,0.1038529246272913,0.245354151153356,Bandit-2,Yes,"1,2,3,4,5,6",Fourth_Plate,2,,,,,,GGCCAT,,,
3170.0,TTTAAGATACGAGTATACAT,RBS_BA3_3041,0.6651578000725553,0.4685531583360463,0.5859167886824475,0.6085377761466113,0.5893789886903942,0.6116593684768494,0.5882006467341507,0.06512824254627474,0.142669262460408,Bandit-2,Yes,"1,2,3,4,5,6",Fourth_Plate,2,,,,,,TACGAG,,,
1185.0,TTTAAGACAGGACTATACAT,RBS_BA3_1999,0.7043595179739959,0.7150443948818213,0.7703924430973419,0.7851553302376806,0.5954445658513167,0.6369141884533583,0.7012184067492524,0.07396569051378486,0.196923531589836,Bandit-2,Yes,"1,2,3,4,5,6",Fourth_Plate,2,,,,,,CAGGAC,,,
2660.0,TTTAAGAGGCGCATATACAT,RBS_BA3_1360,0.712910224603398,0.7807006060353523,0.7099933982133906,0.742864712394007,0.6884427210215571,0.6835739295826236,0.7197475986417214,0.036551590565420566,0.15194252926252,Bandit-2,Yes,"1,2,3,4,5,6",Fourth_Plate,2,,,,,,GGCGCA,,,
1170.0,TTTAAGACAGCAGTATACAT,RBS_BA3_2014,0.3649926371220821,0.4984134478802721,0.385064991920633,0.277622603464621,0.35956705139250444,0.4644598991013912,0.39168677181358397,0.07935395034456544,0.18536953221287,Bandit-2,Yes,"1,2,3,4,5,6",Fourth_Plate,2,,,,,,CAGCAG,,,
1506.0,TTTAAGACCTGAGTATACAT,RBS_BA3_2610,0.4321374120831962,0.2401143244072105,0.37275063635633837,0.28883527901400263,0.1287800506108028,0.30028934527639844,0.29381784129132477,0.10540487291385471,0.385911470057044,Bandit-2,Yes,"1,2,3,4,5,6",Fourth_Plate,2,,,,,,CCTGAG,,,
2637.0,TTTAAGAGGCATCTATACAT,RBS_BA3_1351,0.567563646673512,0.32201529292321784,0.5919373777308853,0.3857186793033322,0.44539141554044925,0.5400320020228533,0.47544306903237493,0.10837204945979258,0.225223044634811,Bandit-2,Yes,"1,2,3,4,5,6",Fourth_Plate,2,,,,,,GGCATC,,,
3978.0,TTTAAGATTGAGGTATACAT,RBS_BA3_3692,0.6583728668492962,0.6651064532453402,0.6188833505602719,0.46658275437490637,0.523504437449567,0.6158618927214233,0.5913852925334674,0.07932323218221958,0.146354012362659,Bandit-2,Yes,"1,2,3,4,5,6",Fourth_Plate,2,,,,,,TTGAGG,,,
3178.0,TTTAAGATACGGGTATACAT,RBS_BA3_3045,0.3898937359094431,0.35293649697738677,0.3895203471378304,0.1703622589359441,0.41036834034648006,0.26733527948856756,0.33006940979927535,0.09330180170900064,0.29001258215209,Bandit-2,Yes,"1,2,3,4,5,6",Fourth_Plate,2,,,,,,TACGGG,,,
3303.0,TTTAAGATATGCTTATACAT,RBS_BA3_3112,0.5100125682142287,0.4557971996311211,0.25141113298222256,0.2658577061743881,0.21438687666069456,0.3353609980433635,0.3388044136176698,0.11954073148500294,0.394933423089952,Bandit-2,Yes,"1,2,3,4,5,6",Fourth_Plate,2,,,,,,TATGCT,,,
2794.0,TTTAAGAGGTGGGTATACAT,RBS_BA3_1416,0.5616560978652619,0.4787361617793688,0.5862594515505122,0.5690072302005279,0.5564675838601943,0.5951798456412296,0.5578843951495158,0.0414740590102594,0.0990740193620361,Bandit-2,Yes,"1,2,3,4,5,6",Fourth_Plate,2,,,,,,GGTGGG,,,
1181.0,TTTAAGACAGCTCTATACAT,RBS_BA3_2027,0.5407627105737678,0.26080794656394174,0.51775274071196,0.3723174215598168,0.4124909404364205,0.35489509528187396,0.4098378091879635,0.10529043888881892,0.289303886125066,Bandit-2,Yes,"1,2,3,4,5,6",Fourth_Plate,2,,,,,,CAGCTC,,,
1322.0,TTTAAGACCAGGGTATACAT,RBS_BA3_2431,0.48304422857341556,0.253599800135024,0.4536373414488304,0.454814801190806,0.48204386460487697,0.42532331449783356,0.4254105584084644,0.08684385568573554,0.247392977288866,Bandit-2,Yes,"1,2,3,4,5,6",Fourth_Plate,2,,,,,,CCAGGG,,,
1234.0,TTTAAGACATCAGTATACAT,RBS_BA3_2140,0.6548207658523374,0.5605957494408285,0.553718987902862,0.6613576695380181,0.6039897353899919,0.6206453440719227,0.6091880420326601,0.045607750535639216,0.141753567397426,Bandit-2,Yes,"1,2,3,4,5,6",Fourth_Plate,2,,,,,,CATCAG,,,
2122.0,TTTAAGAGACAGGTATACAT,RBS_BA3_1112,0.8620270679033516,0.87474293954695,0.8140818877442331,0.8566237112864173,0.7885447339845217,0.69694960711006,0.815494991262589,0.06655591104625472,0.190131326097772,Bandit-2,Yes,"1,2,3,4,5,6",Fourth_Plate,2,,,,,,GACAGG,,,
2018.0,TTTAAGACTTGAGTATACAT,RBS_BA3_2856,0.6190961022103397,0.7075327026903823,0.7002846618207214,0.7389438934382349,0.6055058858720536,0.5944933566630195,0.6609761004491251,0.061713031252700334,0.191737937420766,Bandit-2,Yes,"1,2,3,4,5,6",Fourth_Plate,2,,,,,,CTTGAG,,,
2730.0,TTTAAGAGGGGGGTATACAT,RBS_BA3_1294,0.9518880932652414,0.9165143063788943,0.9358447125403377,0.9980693381795861,0.9371687343049527,0.9814730021322964,0.9534930311335515,0.030717661542215627,0.138951045839213,Bandit-2,Yes,"1,2,3,4,5,6",Fourth_Plate,2,,,,,,GGGGGG,,,
3226.0,TTTAAGATAGCGGTATACAT,RBS_BA3_2998,0.6675890220555577,0.6806527988902727,0.6482423136078576,0.684440304285737,0.5958530725861693,0.5631522504683076,0.6399882936489837,0.0496209785476869,0.165422835697369,Bandit-2,Yes,"1,2,3,4,5,6",Fourth_Plate,2,,,,,,TAGCGG,,,
2762.0,TTTAAGAGGTAGGTATACAT,RBS_BA3_1400,0.6800957638919638,0.8108168297053511,0.7642849461681491,0.8061993659938974,0.7503686325639198,0.7471817780482486,0.7598245527285883,0.04770045004700971,0.168704942339559,Bandit-2,Yes,"1,2,3,4,5,6",Fourth_Plate,2,,,,,,GGTAGG,,,
1527.0,TTTAAGACCTTCTTATACAT,RBS_BA3_2652,0.5762537859120626,0.6555014446477103,0.6570966104742747,0.35740115491993696,0.6430600788727255,0.5918281248292796,0.580190199942665,0.11430214037347343,0.225422616178231,Bandit-2,Yes,"1,2,3,4,5,6",Fourth_Plate,2,,,,,,CCTTCT,,,
648.0,TTTAAGAAGGAGATATACAT,RBS_1by1_0,0.9948541248601804,0.9503289771601443,0.9585807145082721,0.9491495043106959,0.9577871703272982,0.8745751389572846,0.9475459383539793,0.03949624772299013,0.156071109131036,Consensus,Yes,"1,2,3,4,5,6",Fourth_Plate,2,,,,,,AGGAGA,,,
648.0,TTTAAGAAGGAGATATACAT,RBS_1by1_0,0.9765942717524297,0.9892974882239995,0.9425983094557918,1.0,1.0,0.9918581864263983,0.9833913759764367,0.021764818983756016,0.154500527449051,Consensus,Yes,"1,2,3,4,5,6",Fourth_Plate,2,,,,,,AGGAGA,,,
648.0,TTTAAGAAGGAGATATACAT,RBS_1by1_0,0.9269624009523946,1.0,0.8984679231415342,0.9663229372042536,0.9752747147027856,0.969872142847331,0.9561500198080498,0.03676819548744421,0.168628247128495,Consensus,Yes,"1,2,3,4,5,6",Fourth_Plate,2,,,,,,AGGAGA,,,
