idx,RBS,Name,Rep1,Rep2,Rep3,Rep4,Rep5,Rep6,AVERAGE,STD,PERC,Group,Usable,Replicates,Plate,Round,Rep7,Rep8,Rep9,RBS6,Pred Mean,Pred Std,Pred UCB
648.0,TTTAAGAAGGAGATATACAT,RBS_1by1_0,2.482262724299382,2.555337564701147,2.3584144729685086,3.1029502386985626,2.9991779259107436,2.3162652682411013,2.635734699136574,0.3344744865907295,0.282439697367451,Consensus,Yes,"1,2,3,4,5,6",First_Plate,0,,,,AGGAGA,,,
4096.0,CTTAAGAAGGAGATATACAT,RBS_1by1_1,1.5927785553241005,1.6942956382040308,1.798210403417859,1.8507384292230797,2.3813558881304955,1.9963427248812393,1.8856202731968008,0.27900963326603284,0.2858212159316,BPS-NC,Yes,"1,2,3,4,5,6",First_Plate,0,,,,AGGAGA,,,
4097.0,GTTAAGAAGGAGATATACAT,RBS_1by1_2,0.6263023024706059,0.7747044375507889,0.9471963355287634,0.41823324798568706,0.5320362549227697,0.7330226715597883,0.6719158750030672,0.18765960806029222,0.370242793645159,BPS-NC,Yes,"1,2,3,4,5,6",First_Plate,0,,,,AGGAGA,,,
4098.0,ATTAAGAAGGAGATATACAT,RBS_1by1_3,1.6963636140700467,1.9177352437682296,1.5681300870078212,1.6008526006460169,1.8030559384329674,1.2607203319606475,1.6411429693142885,0.22691143349989895,0.313749363261467,BPS-NC,Yes,"1,2,3,4,5,6",First_Plate,0,,,,AGGAGA,,,
4099.0,TCTAAGAAGGAGATATACAT,RBS_1by1_4,1.5823205417649926,2.118617966594515,1.4175306165929504,2.0142164193234438,1.8313913782505764,2.1862615485561947,1.8583897451804454,0.30685517339419655,0.216994188265685,BPS-NC,Yes,"1,2,3,4,5,6",First_Plate,0,,,,AGGAGA,,,
4100.0,TGTAAGAAGGAGATATACAT,RBS_1by1_5,0.1565967744494941,0.12960847727786307,0.44755478717932246,0.1033946187332097,0.22268281486966218,0.3669143528525434,0.23779197089368245,0.1394706361201897,0.352868906514479,BPS-NC,Yes,"1,2,3,4,5,6",First_Plate,0,,,,AGGAGA,,,
4101.0,TATAAGAAGGAGATATACAT,RBS_1by1_6,1.2962226189448498,1.3303182221456111,0.946360619102464,0.8871565267788614,1.2698209374220881,1.7005063941348308,1.2383975530881175,0.2949511780184545,0.262864725328496,BPS-NC,Yes,"1,2,3,4,5,6",First_Plate,0,,,,AGGAGA,,,
4103.0,TTGAAGAAGGAGATATACAT,RBS_1by1_8,1.5419139193392568,1.7037054064215336,,2.075267343681898,1.8527067811744935,2.272039469516267,1.8891265840266898,0.29048868736260436,0.143863809638957,BPS-NC,Yes,"1,2,3,4,5,6",First_Plate,0,,,,AGGAGA,,,
4104.0,TTAAAGAAGGAGATATACAT,RBS_1by1_9,0.4779420208085522,0.6257709311355709,1.3897864706076084,0.3852420408648663,0.3050041940543159,0.46539201369495087,0.6081896118609774,0.39753876751598655,0.500165613246485,BPS-NC,Yes,"1,2,3,4,5,6",First_Plate,0,,,,AGGAGA,,,
4105.0,TTTCAGAAGGAGATATACAT,RBS_1by1_10,1.5054028712227212,0.9578670015754498,0.6315086896876758,1.5693401429721836,1.2546790684446523,1.9582564228561212,1.3128423661264674,0.47181267883745964,0.229046172406994,BPS-NC,Yes,"1,2,3,4,5,6",First_Plate,0,,,,AGGAGA,,,
4106.0,TTTGAGAAGGAGATATACAT,RBS_1by1_11,1.815993544876946,2.0471037192845034,1.3823354073904117,1.8521960028763598,1.9053981742782053,1.8203470625570664,1.8038956518772489,0.22356918288196861,0.246492931279195,BPS-NC,Yes,"1,2,3,4,5,6",First_Plate,0,,,,AGGAGA,,,
4107.0,TTTTAGAAGGAGATATACAT,RBS_1by1_12,1.8803659669213377,1.5240349926709238,1.6267264521437579,1.4820375843001794,1.3110798831304065,1.7986496591242414,1.6038157563818078,0.21064394296048397,0.346878040617958,BPS-NC,Yes,"1,2,3,4,5,6",First_Plate,0,,,,AGGAGA,,,
4108.0,TTTACGAAGGAGATATACAT,RBS_1by1_13,1.5814053924266689,1.4721406910075059,1.6217006119073645,1.7519266512720564,1.4096645878149632,2.103610852774463,1.6567414645338372,0.24931116446318274,0.307219386666956,BPS-NC,Yes,"1,2,3,4,5,6",First_Plate,0,,,,AGGAGA,,,
4109.0,TTTAGGAAGGAGATATACAT,RBS_1by1_14,1.3330037092369242,1.435323763902196,1.6488974592347976,1.5321357203579042,1.0957765109132591,1.4534779686216739,1.4164358553777925,0.18917561442653305,0.359171828303309,BPS-NC,Yes,"1,2,3,4,5,6",First_Plate,0,,,,AGGAGA,,,
4110.0,TTTATGAAGGAGATATACAT,RBS_1by1_15,0.5151984627913373,0.3228804344283146,1.1628189037588788,0.4375290579286257,0.13410522622308235,0.24464666668421584,0.46952979196907574,0.3656084135823425,0.486946994004532,BPS-NC,Yes,"1,2,3,4,5,6",First_Plate,0,,,,AGGAGA,,,
4111.0,TTTAACAAGGAGATATACAT,RBS_1by1_16,0.8385391465533115,0.8518440314015044,0.6476722525498989,0.6681757510055792,0.8129561722082198,1.1268782874210008,0.8243442735232525,0.1721719256676352,0.268922756662116,BPS-NC,Yes,"1,2,3,4,5,6",First_Plate,0,,,,AGGAGA,,,
4112.0,TTTAAAAAGGAGATATACAT,RBS_1by1_17,0.6983367169862007,0.4342207291754728,0.1852466825722071,0.462150351299983,0.4512844890624766,0.9988104250447413,0.5383415656901803,0.27803999701314897,0.247871966408043,BPS-NC,Yes,"1,2,3,4,5,6",First_Plate,0,,,,AGGAGA,,,
4113.0,TTTAATAAGGAGATATACAT,RBS_1by1_18,0.7686306983131139,0.7199778198407398,0.3505692868598075,0.6776647464781288,0.5729697527602989,0.8375871775246878,0.6545665802961295,0.17343108962878928,0.250961658011903,BPS-NC,Yes,"1,2,3,4,5,6",First_Plate,0,,,,AGGAGA,,,
4114.0,TTTAAGCAGGAGATATACAT,RBS_1by1_19,0.2938896953131024,0.12694711693540137,0.5752932765642381,0.23430272779761085,0.25749876056047977,0.569273369605813,0.34286749112944087,0.18621274285881367,0.359967315678838,BPS-NC,Yes,"1,2,3,4,5,6",First_Plate,0,,,,AGGAGA,,,
4115.0,TTTAAGGAGGAGATATACAT,RBS_1by1_20,0.77875044063365,1.5756550537464418,0.5962008942860183,1.0126767542069104,0.3312198887381799,1.3604125804563023,0.9424859353445839,0.4692251881277635,0.247438951772998,BPS-NC,Yes,"1,2,3,4,5,6",First_Plate,0,,,,AGGAGA,,,
4116.0,TTTAAGTAGGAGATATACAT,RBS_1by1_21,0.021737586382537505,0.2733301220225821,0.710619448339167,0.3138294855075738,-0.1670333107294305,0.32049380131750865,0.24549618880665647,0.2992179659923677,0.42247609953164,BPS-NC,Yes,"1,2,3,4,5,6",First_Plate,0,,,,AGGAGA,,,
1672.0,TTTAAGACGGAGATATACAT,RBS_1by1_22,0.5904683682449605,0.8877585628220497,0.15346586149452576,0.7191063399908922,0.6962417094510649,1.1290490518961451,0.6960149823166063,0.3256737645352788,0.177653339958677,BPS-C,Yes,"1,2,3,4,5,6",First_Plate,0,,,,CGGAGA,,,
2696.0,TTTAAGAGGGAGATATACAT,RBS_1by1_23,-0.7997541791345206,-0.5275871204904573,0.5965788482851974,-0.6103820077291148,-0.49448455486337933,-0.4039340643416478,-0.3732605130456537,0.4935918706929096,0.624405661975777,BPS-C,Yes,"1,2,3,4,5,6",First_Plate,0,,,,GGGAGA,,,
3720.0,TTTAAGATGGAGATATACAT,RBS_1by1_24,1.1295424681296184,0.9132742925916288,-0.29957447212889027,0.7516619221395051,1.1667355773689783,0.6817682929032457,0.7239013468340144,0.5378768601419806,0.228430931567653,BPS-C,Yes,"1,2,3,4,5,6",First_Plate,0,,,,TGGAGA,,,
392.0,TTTAAGAACGAGATATACAT,RBS_1by1_25,1.1550692033018994,1.1360597073532694,1.378983799592971,1.1206106886145064,1.0976643133339739,1.6179338257070588,1.2510535896506132,0.2068562119603573,0.333040506017407,BPS-C,Yes,"1,2,3,4,5,6",First_Plate,0,,,,ACGAGA,,,
136.0,TTTAAGAAAGAGATATACAT,RBS_1by1_26,-0.21087620387837033,-0.35453055072261336,1.1464826140357398,-0.5981033068567796,-0.5723604012574086,-0.25860587964715165,-0.14133228805443063,0.6506819761992005,0.701151034207716,BPS-C,Yes,"1,2,3,4,5,6",First_Plate,0,,,,AAGAGA,,,
904.0,TTTAAGAATGAGATATACAT,RBS_1by1_27,-0.8628848038982581,-0.6723716356040556,-0.1269140955610743,-0.7136520011003563,-0.7373570101893032,-1.4615908070000245,-0.7624617255588454,0.4275314999901869,0.571047301523296,BPS-C,Yes,"1,2,3,4,5,6",First_Plate,0,,,,ATGAGA,,,
584.0,TTTAAGAAGCAGATATACAT,RBS_1by1_28,-0.6265215612354491,-0.7621070242595465,-0.34447363268102166,-0.5839585056204312,-1.0519231889524208,-1.3006904263758465,-0.7782790565207859,0.3455529611581575,0.50494802459141,BPS-C,Yes,"1,2,3,4,5,6",First_Plate,0,,,,AGCAGA,,,
520.0,TTTAAGAAGAAGATATACAT,RBS_1by1_29,-1.9944275405752343,-1.1736925770708517,-0.6906002992498934,-1.5428310036239183,-1.2199080655440362,-1.3331503196588037,-1.3257683009537897,0.431751710001431,0.707753287865639,BPS-C,Yes,"1,2,3,4,5,6",First_Plate,0,,,,AGAAGA,,,
712.0,TTTAAGAAGTAGATATACAT,RBS_1by1_30,-1.0827689530659756,-2.2959841932169756,-2.2470217686230725,-1.0280011394504278,-1.5540580819753562,-1.5737988843441264,-1.630272170112656,0.5468163405122248,0.49007332005234,BPS-C,Yes,"1,2,3,4,5,6",First_Plate,0,,,,AGTAGA,,,
664.0,TTTAAGAAGGCGATATACAT,RBS_1by1_31,-2.0197911793103374,-1.8696196651671182,-1.789566729487748,-1.092039024082728,-1.2413391919705037,-1.3245764308726171,-1.556155370148509,0.3836250524409095,0.368394705376963,BPS-C,Yes,"1,2,3,4,5,6",First_Plate,0,,,,AGGCGA,,,
680.0,TTTAAGAAGGGGATATACAT,RBS_1by1_32,-0.40278533584754095,-0.138721150799261,-1.4995079562536253,-0.2827786058136931,-0.6255514799163814,-0.14935685553829592,-0.5164502306947996,0.5144442661436396,0.156203079184816,BPS-C,Yes,"1,2,3,4,5,6",First_Plate,0,,,,AGGGGA,,,
696.0,TTTAAGAAGGTGATATACAT,RBS_1by1_33,-0.3673816633752173,-0.1056156616309361,-0.22512306367451387,-0.32891011190625136,-0.5683114018068717,0.07012790181602448,-0.2542023334296276,0.2214357803919086,0.311700731419151,BPS-C,Yes,"1,2,3,4,5,6",First_Plate,0,,,,AGGTGA,,,
644.0,TTTAAGAAGGACATATACAT,RBS_1by1_34,0.04583096452077221,-0.05191346158208804,-0.20256329825982852,0.22434720750222575,-0.2562572524949332,0.40619697292878104,0.02760685543582154,0.25387003509225614,0.250484484877157,BPS-C,Yes,"1,2,3,4,5,6",First_Plate,0,,,,AGGACA,,,
640.0,TTTAAGAAGGAAATATACAT,RBS_1by1_35,-0.20557353219153515,-0.13357650053424397,-0.04411849950915747,-0.36575912564391977,-0.30129779032701165,-0.047045986352306016,-0.182895239093029,0.13275466923151666,0.344830424411704,BPS-C,Yes,"1,2,3,4,5,6",First_Plate,0,,,,AGGAAA,,,
652.0,TTTAAGAAGGATATATACAT,RBS_1by1_36,1.0519367934128034,1.187851141761887,0.22142886997201433,0.9421895485089974,1.102979900866108,0.7324114155609404,0.8731329450137917,0.3558475930634205,0.216276388132994,BPS-C,Yes,"1,2,3,4,5,6",First_Plate,0,,,,AGGATA,,,
649.0,TTTAAGAAGGAGCTATACAT,RBS_1by1_37,0.22118594089847257,0.10772210926248571,1.2856390545380982,0.1367863047522717,-0.05510425839470271,0.20916866822490315,0.3175663032135881,0.48452108611209904,0.564963718935367,BPS-C,Yes,"1,2,3,4,5,6",First_Plate,0,,,,AGGAGC,,,
650.0,TTTAAGAAGGAGGTATACAT,RBS_1by1_38,0.061642787952862564,0.20021981055608665,0.3962743260368943,-0.09399395529006098,-0.12867275762971606,0.09986583625767867,0.08922267464729085,0.19417608541371145,0.388899173068597,BPS-C,Yes,"1,2,3,4,5,6",First_Plate,0,,,,AGGAGG,,,
651.0,TTTAAGAAGGAGTTATACAT,RBS_1by1_39,0.03914255670945873,-0.32350409523422063,0.3267157415091967,-0.19777443402672892,-0.1896874710636822,0.043077389746573776,-0.050338385393233764,0.2343835411480461,0.418050905657201,BPS-C,Yes,"1,2,3,4,5,6",First_Plate,0,,,,AGGAGT,,,
4117.0,TTTAAGAAGGAGACATACAT,RBS_1by1_40,0.27051963319309397,0.4260784524431461,0.09053887882837154,1.109823212679796,0.4885707198269837,0.8615704543421372,0.5411835585522548,0.3790397613300109,0.190191473361324,BPS-NC,Yes,"1,2,3,4,5,6",First_Plate,0,,,,AGGAGA,,,
4118.0,TTTAAGAAGGAGAGATACAT,RBS_1by1_41,0.6132314522952406,0.45695547426799354,0.2706094812415193,0.8289121197313364,0.43086882275119753,0.8773071525935535,0.5796474171468068,0.2385602340307136,0.241121957150522,BPS-NC,Yes,"1,2,3,4,5,6",First_Plate,0,,,,AGGAGA,,,
4119.0,TTTAAGAAGGAGAAATACAT,RBS_1by1_42,-2.0506521281264822,-1.795593706422526,0.22421323087887157,-1.5325918231713274,-1.6958317669683662,-1.4330472082965329,-1.3805839003510607,0.8150875322443432,1.18224016630646,BPS-NC,Yes,"1,2,3,4,5,6",First_Plate,0,,,,AGGAGA,,,
4120.0,TTTAAGAAGGAGATCTACAT,RBS_1by1_43,-1.9707280833177112,-1.8238195026558424,-1.6172229113723795,-1.659604478553323,-1.6313776478091362,-1.243504427432359,-1.6577095085234586,0.24473460313880274,0.448232002430611,BPS-NC,Yes,"1,2,3,4,5,6",First_Plate,0,,,,AGGAGA,,,
4121.0,TTTAAGAAGGAGATGTACAT,RBS_1by1_44,0.9063223107072049,1.4584418724094366,-2.469224098460567,0.9566919280702707,0.8751475495074954,1.6149366177339104,0.5570526966612919,1.5147842876988864,0.412532148116162,BPS-NC,Yes,"1,2,3,4,5,6",First_Plate,0,,,,AGGAGA,,,
4122.0,TTTAAGAAGGAGATTTACAT,RBS_1by1_45,0.452693877605642,0.7292985744379846,0.7502883627881525,0.6643387147850188,0.3135362791172682,0.7688371722543822,0.6131654968314081,0.18690679470378632,0.330204412246145,BPS-NC,Yes,"1,2,3,4,5,6",First_Plate,0,,,,AGGAGA,,,
4123.0,TTTAAGAAGGAGATACACAT,RBS_1by1_46,0.6368856663192743,0.5099568169524427,0.41471928654067286,0.9013219374693803,0.42105348941811815,0.8769069752389957,0.626807361989814,0.21862282525746252,0.261052256370505,BPS-NC,Yes,"1,2,3,4,5,6",First_Plate,0,,,,AGGAGA,,,
4124.0,TTTAAGAAGGAGATAGACAT,RBS_1by1_47,1.213354402906564,1.4063815925060612,0.4502104851934995,1.3275768144395887,1.2300251287394903,1.3348605828606626,1.1604015011076445,0.35522176182684045,0.188481874079065,BPS-NC,Yes,"1,2,3,4,5,6",First_Plate,0,,,,AGGAGA,,,
4125.0,TTTAAGAAGGAGATAAACAT,RBS_1by1_48,2.143944249377667,1.9382906215020117,1.3136549541836289,2.342363856079385,1.9443376268879369,1.9277262511323772,1.9350529265271676,0.34520242949013674,0.249926971292371,BPS-NC,Yes,"1,2,3,4,5,6",First_Plate,0,,,,AGGAGA,,,
4126.0,TTTAAGAAGGAGATATCCAT,RBS_1by1_49,1.2564913291908564,0.9291539069023232,1.842481993721949,1.485913670788664,1.2695178303498453,1.5609362113771168,1.3907491570551258,0.31236992420435566,0.405613819160293,BPS-NC,Yes,"1,2,3,4,5,6",First_Plate,0,,,,AGGAGA,,,
4127.0,TTTAAGAAGGAGATATGCAT,RBS_1by1_50,0.30067271613397123,0.3520353003952976,1.288760796997706,0.18042902677388944,-0.03238767333997111,0.37807410565941135,0.41126404543671735,0.45540141872269496,0.534574518703909,BPS-NC,Yes,"1,2,3,4,5,6",First_Plate,0,,,,AGGAGA,,,
4128.0,TTTAAGAAGGAGATATTCAT,RBS_1by1_51,1.0759349856971097,0.7858014030045438,0.19071863557085947,0.8296957141269271,0.4822083580741955,0.708165761136034,0.678754142934945,0.3064862283821023,0.2707938030396,BPS-NC,Yes,"1,2,3,4,5,6",First_Plate,0,,,,AGGAGA,,,
4129.0,TTTAAGAAGGAGATATAAAT,RBS_1by1_52,0.6783215593272982,0.5517006840994534,0.7349089712951936,0.9535122711088464,1.0461898159241048,1.3835991420253495,0.8913720739633743,0.30178313446424543,0.258977127012794,BPS-NC,Yes,"1,2,3,4,5,6",First_Plate,0,,,,AGGAGA,,,
4130.0,TTTAAGAAGGAGATATAGAT,RBS_1by1_53,0.5967046510284499,0.6019747724080718,0.1980452165988546,0.9126296632723843,0.475600416975431,0.9142743710906189,0.6165381818956351,0.27273513932985827,0.213547642085878,BPS-NC,Yes,"1,2,3,4,5,6",First_Plate,0,,,,AGGAGA,,,
4131.0,TTTAAGAAGGAGATATATAT,RBS_1by1_54,0.7148640055998764,0.5361679793570491,0.30456365192485174,1.102130540824983,0.38488613228858964,1.1871286371594845,0.7049568245258059,0.36921115503252383,0.232857612773263,BPS-NC,Yes,"1,2,3,4,5,6",First_Plate,0,,,,AGGAGA,,,
4132.0,TTTAAGAAGGAGATATACCT,RBS_1by1_55,0.6690300554429673,0.7389511029370088,0.21898539736865966,0.904378677470263,0.6731945889443546,1.449828860557097,0.775728113786725,0.40104248765311656,0.185522759483273,BPS-NC,Yes,"1,2,3,4,5,6",First_Plate,0,,,,AGGAGA,,,
4133.0,TTTAAGAAGGAGATATACGT,RBS_1by1_56,0.8343789654834376,1.1067679909082215,0.6767032422459428,1.27546050927618,0.5300033061412037,1.326313493186709,0.958271251206949,0.32746257005062507,0.246680977385257,BPS-NC,Yes,"1,2,3,4,5,6",First_Plate,0,,,,AGGAGA,,,
4134.0,TTTAAGAAGGAGATATACTT,RBS_1by1_57,0.9159630147179324,0.9817196658488607,0.7489870156969446,1.0722863831557032,0.48785715742824126,1.0839316444444225,0.881790813548684,0.22852727038940857,0.28642228374205,BPS-NC,Yes,"1,2,3,4,5,6",First_Plate,0,,,,AGGAGA,,,
4135.0,TTTAAGAAGGAGATATACAC,RBS_1by1_58,1.0374712946181137,0.8051577324289693,0.7547298823576702,1.2730656840656043,1.0860654994177568,1.614317467778359,1.095134593444412,0.31767265597269106,0.237978590036939,BPS-NC,Yes,"1,2,3,4,5,6",First_Plate,0,,,,AGGAGA,,,
4136.0,TTTAAGAAGGAGATATACAG,RBS_1by1_59,-0.3510773352991698,-0.8560933626734499,0.8139468630215816,-0.5002564269035368,-0.32669355004882583,-0.3593170599847031,-0.2632484786480173,0.5637297199246905,0.648132664918978,BPS-NC,Yes,"1,2,3,4,5,6",First_Plate,0,,,,AGGAGA,,,
4137.0,TTTAAGAAGGAGATATACAA,RBS_1by1_60,2.224635397550689,1.9242453348094066,0.0927121896641035,2.224941644977204,2.5735260032170686,2.324083702234982,1.8940240454089092,0.9067659313123055,0.221911519160352,BPS-NC,Yes,"1,2,3,4,5,6",First_Plate,0,,,,AGGAGA,,,
3041.0,TTTAAGAGTTGACTATACAT,RBS_RU_0,1.0859522091578375,1.1961517833359205,2.085939819137374,0.9936867411683749,0.995421334785972,1.438359883877613,1.2992519619105154,0.41953268862264925,0.482792124076787,UNI,Yes,"1,2,3,4,5,6",First_Plate,0,,,,GTTGAC,,,
3166.0,TTTAAGATACCTGTATACAT,RBS_RU_1,-1.1784041756575305,-1.4472823294637718,1.272964803459916,-0.6743989806870093,-1.6986910454489943,-0.5575237237127649,-0.7138892419183591,1.0674336316994264,1.05079700351096,UNI,Yes,"1,2,3,4,5,6",First_Plate,0,,,,TACCTG,,,
2086.0,TTTAAGAGAAGCGTATACAT,RBS_RU_2,-1.1701374293906068,-1.9165657110248375,-0.361936647556698,-1.036421142431516,-1.945244224364577,-1.2624734366525743,-1.2821297652368018,0.5936811452119191,0.798014276008675,UNI,Yes,"1,2,3,4,5,6",First_Plate,0,,,,GAAGCG,,,
2873.0,TTTAAGAGTATGCTATACAT,RBS_RU_3,-0.7224130471146633,-1.5273355952037124,-1.940357394022256,-1.4272270427113005,-1.1715453095953405,-1.0128484796969335,-1.300287811390701,0.4267290895997065,0.343767595132776,UNI,Yes,"1,2,3,4,5,6",First_Plate,0,,,,GTATGC,,,
3359.0,TTTAAGATCACTTTATACAT,RBS_RU_4,-2.1907509685795516,-1.6286428610040873,-1.9449647814959041,-1.3152715560177475,-1.0247480649265726,-1.6007001909968355,-1.61751307050345,0.4192739297623098,0.410914404963235,UNI,Yes,"1,2,3,4,5,6",First_Plate,0,,,,TCACTT,,,
2085.0,TTTAAGAGAAGCCTATACAT,RBS_RU_5,-2.165553076542881,-1.0420561951814662,-1.10841082230518,-1.6732559751895513,-1.0190489187914331,-0.7516620866023093,-1.2933311791021367,0.523657275142851,0.547300065293883,UNI,Yes,"1,2,3,4,5,6",First_Plate,0,,,,GAAGCC,,,
800.0,TTTAAGAATAGAATATACAT,RBS_RU_6,-1.8741367073975936,-1.6468321922036129,-1.7341100390132043,-0.9975513037226247,-1.0123003289874148,-1.4627070627583394,-1.4546062723471316,0.3730089437157739,0.333007568571241,UNI,Yes,"1,2,3,4,5,6",First_Plate,0,,,,ATAGAA,,,
3553.0,TTTAAGATCTGACTATACAT,RBS_RU_7,-2.05362589686566,-0.8794382809253374,-1.6448725527728578,-0.9834084959682355,-1.0374056568360717,-1.2076402438605627,-1.301065187871454,0.45639253191159707,0.34563104591221,UNI,Yes,"1,2,3,4,5,6",First_Plate,0,,,,TCTGAC,,,
3116.0,TTTAAGATAAGTATATACAT,RBS_RU_8,-1.1949174954717683,-0.9295285685473955,-1.485002331117947,-1.468233875251413,-1.2975778046421031,-0.7438518704878865,-1.186518657586419,0.29760995686162584,0.244712994713723,UNI,Yes,"1,2,3,4,5,6",First_Plate,0,,,,TAAGTA,,,
2240.0,TTTAAGAGATAAATATACAT,RBS_RU_9,-0.8502636041379666,-1.0379945287597467,-1.568361510747231,-1.5078981890745542,-0.8853190100759283,-1.2132656233541768,-1.1771837443582673,0.3082626898576047,0.296670509304436,UNI,Yes,"1,2,3,4,5,6",First_Plate,0,,,,GATAAA,,,
2768.0,TTTAAGAGGTCAATATACAT,RBS_RU_10,-0.31673328783488547,-0.3306753011070716,-0.3374465344638074,-0.12771838987497394,-0.3980946230538283,-0.26261864734265433,-0.29554779727953684,0.09295715259685632,0.293000528862038,UNI,Yes,"1,2,3,4,5,6",First_Plate,0,,,,GGTCAA,,,
1589.0,TTTAAGACGATCCTATACAT,RBS_RU_11,0.06462353402608027,-0.15506448413552953,0.3329687296655388,-0.3198007440604268,-0.04119491323300438,-0.33851071784530357,-0.0761630992637742,0.25410372176044943,0.435947612631788,UNI,Yes,"1,2,3,4,5,6",First_Plate,0,,,,CGATCC,,,
289.0,TTTAAGAACAGACTATACAT,RBS_RU_12,-0.6126435328962595,-0.9054413273499914,0.4726382977488238,-0.7514643844366719,-0.9021095693147982,-1.0230672985620644,-0.6203479691351602,0.5540253663550652,0.703762091434159,UNI,Yes,"1,2,3,4,5,6",First_Plate,0,,,,ACAGAC,,,
3020.0,TTTAAGAGTTATATATACAT,RBS_RU_13,-0.4340046399363563,-0.8765503645873965,-0.13749218545939618,-0.8884700320624496,-0.9790364295583566,-1.2218047393550315,-0.7562263984931645,0.3962404888259584,0.572262751548613,UNI,Yes,"1,2,3,4,5,6",First_Plate,0,,,,GTTATA,,,
2564.0,TTTAAGAGGAACATATACAT,RBS_RU_14,-0.5676904030362703,-1.0176574280977353,-0.345232572408333,-1.1028935654684076,-1.2980804716161758,-0.9469782239423867,-0.8797554440948848,0.35536505157094295,0.552369609609251,UNI,Yes,"1,2,3,4,5,6",First_Plate,0,,,,GGAACA,,,
1376.0,TTTAAGACCCGAATATACAT,RBS_RU_15,0.599830729320873,0.5258105019805399,-1.8108121131070802,0.5578271177900247,0.2553076081190711,0.6519351849997855,0.12998317151720237,0.9607614585406782,0.313353491846927,UNI,Yes,"1,2,3,4,5,6",First_Plate,0,,,,CCCGAA,,,
237.0,TTTAAGAAATGTCTATACAT,RBS_RU_16,-2.1285175217966876,-0.9277878815235249,0.13985016076598694,-1.0958977789914826,-1.3434162133101728,-1.116592466537992,-1.0787269502323122,0.7323335391378943,0.906210513458974,UNI,Yes,"1,2,3,4,5,6",First_Plate,0,,,,AATGTC,,,
1733.0,TTTAAGACGTACCTATACAT,RBS_RU_17,-0.7545205607390747,-0.9965689829836702,-1.9789474986512996,-0.8315953676963845,-0.8355558447821496,-1.7072121443522426,-1.1840667332008035,0.523617756756184,0.352030793414694,UNI,Yes,"1,2,3,4,5,6",First_Plate,0,,,,CGTACC,,,
366.0,TTTAAGAACCGTGTATACAT,RBS_RU_18,-0.503221414320785,-0.9559821079545678,-0.5853131070159141,-0.9002784298179292,-0.8897197441670777,-0.9527208084037998,-0.797872601946679,0.19995014143714307,0.428812505964055,UNI,Yes,"1,2,3,4,5,6",First_Plate,0,,,,ACCGTG,,,
2577.0,TTTAAGAGGACACTATACAT,RBS_RU_19,-2.369895224746607,-0.7292056063024592,-0.33796273879414424,-1.0042567895524637,-0.8497658948556901,-0.5938250780711694,-0.9808185553870891,0.7174391643298539,0.687291250726489,UNI,Yes,"1,2,3,4,5,6",First_Plate,0,,,,GGACAC,,,
852.0,TTTAAGAATCCCATATACAT,RBS_RU_20,-0.5263779389972101,-0.5982202606562045,-0.37421627318879047,-0.8614161131547872,-0.8657373060693956,-0.6310723953968048,-0.6428400479105321,0.1925150602997078,0.417819464088365,UNI,Yes,"1,2,3,4,5,6",First_Plate,0,,,,ATCCCA,,,
2200.0,TTTAAGAGAGCGATATACAT,RBS_RU_21,-0.7087107085377004,-1.2934363931554582,-0.19317542692153314,-0.7664805504483848,-0.8662624715172733,-0.5459503147363962,-0.7290026442194577,0.3632797917207077,0.51616047060723,UNI,Yes,"1,2,3,4,5,6",First_Plate,0,,,,GAGCGA,,,
825.0,TTTAAGAATATGCTATACAT,RBS_RU_22,1.0123728504629819,0.6300088618907908,-0.04755074178261212,0.6975596750992654,0.5944949206819304,1.0385122521959573,0.6542329697580522,0.393565182441545,0.233656325926584,UNI,Yes,"1,2,3,4,5,6",First_Plate,0,,,,ATATGC,,,
1043.0,TTTAAGACAACATTATACAT,RBS_RU_23,0.4122525134250685,-0.023609413444554184,1.0454937338791062,-0.11623792669243627,0.11941002394043082,-0.22561369806926057,0.20194920550639242,0.46851624248400964,0.54901221391955,UNI,Yes,"1,2,3,4,5,6",First_Plate,0,,,,CAACAT,,,
2500.0,TTTAAGAGCTACATATACAT,RBS_RU_24,0.7624079749348137,0.517612689561465,0.8326397205028813,0.34301141125874113,0.8450284069878262,0.7210466941468546,0.6702911495654303,0.19918561278069308,0.352430113658201,UNI,Yes,"1,2,3,4,5,6",First_Plate,0,,,,GCTACA,,,
2081.0,TTTAAGAGAAGACTATACAT,RBS_RU_25,-0.32987004660994274,-0.37142974815147634,1.0441190934528337,-0.4470812700495333,-0.15377979389162974,-0.24455899631399913,-0.0837667935939579,0.5618178926017883,0.644326846244196,UNI,Yes,"1,2,3,4,5,6",First_Plate,0,,,,GAAGAC,,,
1883.0,TTTAAGACTCCGTTATACAT,RBS_RU_26,0.17040231816608517,-0.22728596997519632,0.2227853630721974,-0.1389978892294643,-0.07738981766090071,-0.2442561750050466,-0.049123695105387555,0.20041009544144214,0.40121051526888,UNI,Yes,"1,2,3,4,5,6",First_Plate,0,,,,CTCCGT,,,
3868.0,TTTAAGATTACTATATACAT,RBS_RU_27,-0.16701274645443928,-0.3793864066764034,0.6328023883479306,-0.48800010248618925,-0.19418378753588036,-0.3208794606799414,-0.15277668591415383,0.40274978407170436,0.544935437198503,UNI,Yes,"1,2,3,4,5,6",First_Plate,0,,,,TTACTA,,,
1569.0,TTTAAGACGAGACTATACAT,RBS_RU_28,-0.26367700150786805,-0.4897035971619972,-0.03676709855750939,-0.6246322532578844,-0.06657990428663701,-0.2867370137614258,-0.2946828114222203,0.23085739675104805,0.392259377029515,UNI,Yes,"1,2,3,4,5,6",First_Plate,0,,,,CGAGAC,,,
1679.0,TTTAAGACGGATTTATACAT,RBS_BA_00,0.8703779948454958,0.850984852949876,0.8574300053738757,0.5761345627244401,0.9558379842448083,0.5137136468611561,0.7707465078332753,0.18004288901033907,0.338657205206697,Bandit-0,Yes,"1,2,3,4,5,6",Second_Plate,0,,,,CGGATT,,,
3944.0,TTTAAGATTCGGATATACAT,RBS_BA_01,0.4781980079293554,0.7170033667751455,0.6969421401303733,0.316909074944278,0.39277791817100327,-0.09379628174649778,0.4180057043672763,0.2978679215346156,0.390283803075528,Bandit-0,Yes,"1,2,3,4,5,6",Second_Plate,0,,,,TTCGGA,,,
1896.0,TTTAAGACTCGGATATACAT,RBS_BA_02,0.6425777488757878,0.4867085759482753,0.5935293761719698,0.2649528382442032,0.16836510919403302,-0.05149606575309858,0.3507729304468618,0.27019152114783773,0.397360284050247,Bandit-0,Yes,"1,2,3,4,5,6",Second_Plate,0,,,,CTCGGA,,,
360.0,TTTAAGAACCGGATATACAT,RBS_BA_03,0.5580718998133642,0.13547918090162736,0.48473999656840633,0.23450391903486134,0.18775391950028153,-0.4037939255608854,0.1994591650429426,0.3404000950718851,0.420318229647254,Bandit-0,Yes,"1,2,3,4,5,6",Second_Plate,0,,,,ACCGGA,,,
2408.0,TTTAAGAGCCGGATATACAT,RBS_BA_04,0.5802485172053301,0.604797009362375,0.4444955655841063,0.33214089682013853,0.04850834995858043,-0.21345340745675087,0.2994561552456299,0.3225625927167347,0.381043598938182,Bandit-0,Yes,"1,2,3,4,5,6",Second_Plate,0,,,,GCCGGA,,,
872.0,TTTAAGAATCGGATATACAT,RBS_BA_05,0.2595189316027475,0.6519007899853516,0.2701283609674922,-0.028104908859502307,0.06403562486371864,-0.30282313272863004,0.15244261097186293,0.3232503198057189,0.364854312853546,Bandit-0,Yes,"1,2,3,4,5,6",Second_Plate,0,,,,ATCGGA,,,
1443.0,TTTAAGACCGGATTATACAT,RBS_BA_06,0.5878271631498505,0.7013468891961389,0.46821631267853875,0.20466212710765677,0.18267263400753822,-0.17468585205085335,0.32833987901481165,0.3211178337201588,0.377868571898442,Bandit-0,Yes,"1,2,3,4,5,6",Second_Plate,0,,,,CCGGAT,,,
3080.0,TTTAAGATAAAGATATACAT,RBS_BA_07,0.1851569748194321,0.005770603027431265,0.09995303154995343,-0.013773338874092959,-0.23544976833561654,-0.39686139567990325,-0.05920064891546598,0.2174414764305896,0.379177440816406,Bandit-0,Yes,"1,2,3,4,5,6",Second_Plate,0,,,,TAAAGA,,,
1584.0,TTTAAGACGATAATATACAT,RBS_BA_08,-0.20164850868838086,0.2890137224441598,-0.09125935676397519,-0.167369478463081,-0.4291580943749312,-0.2783810257122887,-0.14646712359308287,0.2422762146879532,0.333205470068973,Bandit-0,Yes,"1,2,3,4,5,6",Second_Plate,0,,,,CGATAA,,,
273.0,TTTAAGAACACACTATACAT,RBS_BA_09,0.077368212909763,-0.06020758888594932,0.012717512558046118,-0.11739644626742211,-0.3440035294777906,-0.6417550829265719,-0.17887948701498746,0.2689815028424786,0.396790575384761,Bandit-0,Yes,"1,2,3,4,5,6",Second_Plate,0,,,,ACACAC,,,
3276.0,TTTAAGATATATATATACAT,RBS_BA_10,0.42042709455835586,0.347612841370128,0.2158327581299886,0.14629408192301788,-0.12458619670666128,-0.12637432785895872,0.1465343752359784,0.23161935135421421,0.358031160156907,Bandit-0,Yes,"1,2,3,4,5,6",Second_Plate,0,,,,TATATA,,,
1911.0,TTTAAGACTCTCTTATACAT,RBS_BA_11,1.4123974030961506,0.7649980468652161,0.9952819451653745,0.6582009757069026,0.5670707067590227,0.36675569646280454,0.7941174623425785,0.36776263381198215,0.419910588303177,Bandit-0,Yes,"1,2,3,4,5,6",Second_Plate,0,,,,CTCTCT,,,
3003.0,TTTAAGAGTGTGTTATACAT,RBS_BA_12,-0.03438396352514352,0.3506180758853463,0.4710385153412374,-0.06732919001377179,0.44583669576768814,-0.4289513069692299,0.12280480441435444,0.3585552280941396,0.408226809961846,Bandit-0,Yes,"1,2,3,4,5,6",Second_Plate,0,,,,GTGTGT,,,
819.0,TTTAAGAATATATTATACAT,RBS_BA_13,-0.2716841528411089,-0.033284459237734466,-0.09262117828899552,-0.040970128586838184,-0.0219032196892002,-0.4689680307884489,-0.1549051949053877,0.17978565944929836,0.325428496357259,Bandit-0,Yes,"1,2,3,4,5,6",Second_Plate,0,,,,ATATAT,,,
3822.0,TTTAAGATGTGTGTATACAT,RBS_BA_14,-0.18472566579757385,-0.337243690842104,-0.05552076058018726,-0.1857380507996548,-0.13559421252310588,-0.6769354318836106,-0.2626263020710394,0.2228138142753172,0.384871477854457,Bandit-0,Yes,"1,2,3,4,5,6",Second_Plate,0,,,,TGTGTG,,,
3549.0,TTTAAGATCTCTCTATACAT,RBS_BA_15,-0.9097634371522323,-0.369662134064279,-0.2606554394845833,-1.3770255853336135,-0.4602356310477556,-0.6971637349139302,-0.679084326999399,0.41457961745459454,0.483152217294536,Bandit-0,Yes,"1,2,3,4,5,6",Second_Plate,0,,,,TCTCTC,,,
1092.0,TTTAAGACACACATATACAT,RBS_BA_16,-1.628099564103745,-1.5066621431920544,-0.5171253729556132,-0.40981576775776607,-0.5950246394451582,-1.4379904678469386,-1.015786325883546,0.5633908709366502,0.598491878644878,Bandit-0,Yes,"1,2,3,4,5,6",Second_Plate,0,,,,CACACA,,,
1800.0,TTTAAGACTAAGATATACAT,RBS_BA_17,-0.5129032640542321,-1.385600321908696,-1.5153417155919489,-1.5353646155562721,-0.6548807880274289,-1.223164163836159,-1.1378758114957896,0.44564431376684366,0.410948793144911,Bandit-0,Yes,"1,2,3,4,5,6",Second_Plate,0,,,,CTAAGA,,,
776.0,TTTAAGAATAAGATATACAT,RBS_BA_18,-1.1260896881033877,-0.6220882872164275,-0.5515678885778662,-1.6106222137032649,-0.6643679766375263,-0.703605087039761,-0.8797235235463723,0.4114284708995981,0.473890104703503,Bandit-0,Yes,"1,2,3,4,5,6",Second_Plate,0,,,,ATAAGA,,,
3107.0,TTTAAGATAAGATTATACAT,RBS_BA_19,-0.7258311175789245,-1.3964831362780092,-1.4426521795007954,-1.6515196756457466,-0.7426019484386294,-0.7588024494439845,-1.1196484178143484,0.42221365331788163,0.344280595634085,Bandit-0,Yes,"1,2,3,4,5,6",Second_Plate,0,,,,TAAGAT,,,
3848.0,TTTAAGATTAAGATATACAT,RBS_BA_20,-1.3278426773993548,-1.194328069627512,-1.878660687662948,-1.5175388886747312,-0.7864232099568657,-0.8107737236511283,-1.2525945428287566,0.4204124012465166,0.162816431776797,Bandit-0,Yes,"1,2,3,4,5,6",Second_Plate,0,,,,TTAAGA,,,
2776.0,TTTAAGAGGTCGATATACAT,RBS_BA_21,-0.8422978305733367,-0.4765613114736306,-1.5310754332866598,-1.8428820595150444,-0.7596524598676062,-0.9023069356156621,-1.0591293383886569,0.5172393101665478,0.333883958983638,Bandit-0,Yes,"1,2,3,4,5,6",Second_Plate,0,,,,GGTCGA,,,
2760.0,TTTAAGAGGTAGATATACAT,RBS_BA_22,1.0217254100939164,0.6219840406284834,0.8094115077979156,1.1832123473036047,1.0808846240175431,0.6761911562754871,0.8989015143528251,0.22948980954431536,0.305719203421089,Bandit-0,Yes,"1,2,3,4,5,6",Second_Plate,0,,,,GGTAGA,,,
2728.0,TTTAAGAGGGGGATATACAT,RBS_BA_24,0.32388470283338083,0.8897606415281502,1.3351719124773058,1.5597654622975201,2.1121850013974006,1.262721401150022,1.2472481869472967,0.60566495873165,0.320789147147153,Bandit-0,Yes,"1,2,3,4,5,6",Second_Plate,0,,,,GGGGGA,,,
2723.0,TTTAAGAGGGGATTATACAT,RBS_BA_25,0.3403602221809422,1.1000904377743568,1.2733229181419454,1.9769097925811352,2.1466070068695196,1.6039063997733416,1.40686612955354,0.6573235392498571,0.272920471969216,Bandit-0,Yes,"1,2,3,4,5,6",Second_Plate,0,,,,GGGGAT,,,
2701.0,TTTAAGAGGGATCTATACAT,RBS_BA_26,-0.5666806093037349,-0.65526151768995,-0.23319298668326122,-0.43903105267993264,-0.43197409348706556,-0.6280320990621399,-0.4923620598176807,0.15755973533273757,0.393514830326194,Bandit-0,Yes,"1,2,3,4,5,6",Second_Plate,0,,,,GGGATC,,,
2703.0,TTTAAGAGGGATTTATACAT,RBS_BA_27,-0.27615348107632764,-0.6461325063468921,-0.8783128769486566,-0.3350305397927833,-0.3249640504694329,-0.6736188654863362,-0.5223687200200714,0.24477600592399246,0.255641132640267,Bandit-0,Yes,"1,2,3,4,5,6",Second_Plate,0,,,,GGGATT,,,
2702.0,TTTAAGAGGGATGTATACAT,RBS_BA_28,-0.26706089056187615,-0.4513128625452149,-1.1572391514071836,-1.1469588753380633,-0.4316315926428684,-0.6522134210601203,-0.6844027989258877,0.3823524462444726,0.293150238593543,Bandit-0,Yes,"1,2,3,4,5,6",Second_Plate,0,,,,GGGATG,,,
2700.0,TTTAAGAGGGATATATACAT,RBS_BA_29,-0.5856089721610502,-0.35573564930018536,-0.6430480929111997,-0.3215304601618649,-0.3479999567547764,-0.5983155446951187,-0.47537311266403254,0.1480447841222207,0.254270384676061,Bandit-0,Yes,"1,2,3,4,5,6",Second_Plate,0,,,,GGGATA,,,
2615.0,TTTAAGAGGATCTTATACAT,RBS_BA_30,-1.111025717099806,-1.126010293602091,-2.0815486679012274,-1.8866835983830625,-0.8659252614940934,-1.8110522704024412,-1.4803743014804536,0.5050516077244079,0.424409179932182,Bandit-0,Yes,"1,2,3,4,5,6",Second_Plate,0,,,,GGATCT,,,
2623.0,TTTAAGAGGATTTTATACAT,RBS_BA_31,0.296566077332521,0.4850295613990123,0.30389191973279744,0.5353136028802785,0.5243868193021797,0.4471472486736811,0.4320558715534116,0.1067750976159678,0.261407490697113,Bandit-0,Yes,"1,2,3,4,5,6",Second_Plate,0,,,,GGATTT,,,
2610.0,TTTAAGAGGATAGTATACAT,RBS_BA_32,0.3116901598753984,0.21820242606117324,0.02338845619193907,0.35995674423996976,0.17448917642638864,0.1549189582873931,0.20710765351371038,0.11996983585226265,0.270987377958648,Bandit-0,Yes,"1,2,3,4,5,6",Second_Plate,0,,,,GGATAG,,,
2620.0,TTTAAGAGGATTATATACAT,RBS_BA_33,0.61718726198277,0.8367448109898744,0.5291909521028636,0.966017579570987,1.0007019716043994,0.21378162508429802,0.6939373668891987,0.3007017216797807,0.277091561415813,Bandit-0,Yes,"1,2,3,4,5,6",Second_Plate,0,,,,GGATTA,,,
2611.0,TTTAAGAGGATATTATACAT,RBS_BA_34,1.2640513939442533,0.9010554245971896,1.3165143990306587,1.1849409444771297,1.2692919480363487,1.2271871549055544,1.1938402108318558,0.15005710779742473,0.342483425035482,Bandit-0,Yes,"1,2,3,4,5,6",Second_Plate,0,,,,GGATAT,,,
2609.0,TTTAAGAGGATACTATACAT,RBS_BA_35,1.2734783562900873,1.6679813998195747,1.142226645419953,0.9412358263235842,1.0032673074955052,1.1945530653272853,1.2037904334459986,0.2582051643872359,0.312627500018237,Bandit-0,Yes,"1,2,3,4,5,6",Second_Plate,0,,,,GGATAC,,,
2617.0,TTTAAGAGGATGCTATACAT,RBS_BA_36,0.7658945620410677,1.5533478907420903,0.8078807000131971,0.6455679770933955,1.4368969046271753,0.7910937939466574,1.000113638077264,0.3893717399294623,0.26819385441926,Bandit-0,Yes,"1,2,3,4,5,6",Second_Plate,0,,,,GGATGC,,,
2619.0,TTTAAGAGGATGTTATACAT,RBS_BA_37,0.2776869453026901,1.0807151540650628,0.6459282663620638,0.8790147208406306,1.1693159927027568,0.8406530744228606,0.815552358949344,0.32192827454495104,0.242037321906807,Bandit-0,Yes,"1,2,3,4,5,6",Second_Plate,0,,,,GGATGT,,,
2621.0,TTTAAGAGGATTCTATACAT,RBS_BA_38,-0.03504738515158397,-0.01044340411670359,-0.142539411061457,-0.20064085172566454,0.1094549953381292,-0.48743932634363696,-0.12777589717681948,0.2066538325109007,0.322299324451013,Bandit-0,Yes,"1,2,3,4,5,6",Second_Plate,0,,,,GGATTC,,,
2614.0,TTTAAGAGGATCGTATACAT,RBS_BA_39,-1.1857659820434587,-0.611686323941618,-0.45445566018605715,-0.39614337033328095,-0.5047693258234532,-0.852763750515576,-0.667597402140574,0.3005132204810462,0.396905689086371,Bandit-0,Yes,"1,2,3,4,5,6",Second_Plate,0,,,,GGATCG,,,
2622.0,TTTAAGAGGATTGTATACAT,RBS_BA_40,0.4434521316717136,0.4324160352289221,0.04958652624511703,0.5360994296343714,0.391661162435886,0.29588151821455283,0.35818280057176044,0.17009977652874453,0.243627377193459,Bandit-0,Yes,"1,2,3,4,5,6",Second_Plate,0,,,,GGATTG,,,
2613.0,TTTAAGAGGATCCTATACAT,RBS_BA_41,-0.8258693243493067,-0.7732856022637793,-1.0375348697608164,-1.0561355347902923,-0.6509989559336846,-0.7154641372084355,-0.8432147373843858,0.1682579267617745,0.256210755711312,Bandit-0,Yes,"1,2,3,4,5,6",Second_Plate,0,,,,GGATCC,,,
2616.0,TTTAAGAGGATGATATACAT,RBS_BA_42,0.2117804256536761,0.13551171406679222,0.16937962178963176,0.45636409614677403,0.44548532960512105,0.22666276826068352,0.27419732592044643,0.1406415059833131,0.273587767567395,Bandit-0,Yes,"1,2,3,4,5,6",Second_Plate,0,,,,GGATGA,,,
2612.0,TTTAAGAGGATCATATACAT,RBS_BA_43,-1.2925776291949103,-1.0918366199887275,-2.4580282556569517,-0.7367749499812858,-0.7110588412400946,-1.2542838564813152,-1.2574266920905475,0.6387027034882683,0.296771639640184,Bandit-0,Yes,"1,2,3,4,5,6",Second_Plate,0,,,,GGATCA,,,
1368.0,TTTAAGACCCCGATATACAT,RBS_BA_44,-1.2942640080994987,-1.8346992358004668,-1.8252640397992768,-0.9186508807807181,-1.603195463664974,-1.3300809753031744,-1.4676924339080182,0.3553515095019304,0.3057353781476,Bandit-0,Yes,"1,2,3,4,5,6",Second_Plate,0,,,,CCCCGA,,,
4094.0,TTTAAGATTTTTGTATACAT,RBS_BA_45,-1.1892207376708779,-1.3680789390174217,-1.5087801506631882,-1.4630602990130608,-1.0180926121997378,-1.1837295921413837,-1.2884937217842782,0.18935723684866415,0.27281973715592,Bandit-0,Yes,"1,2,3,4,5,6",Second_Plate,0,,,,TTTTTG,,,
4092.0,TTTAAGATTTTTATATACAT,RBS_BA_46,0.2525284847682045,-0.322801373594831,-0.19724904098067703,-0.411328018825347,-0.39835599113532133,-0.545749846334098,-0.27049263101701165,0.2805715935345848,0.400753257076545,Bandit-0,Yes,"1,2,3,4,5,6",Second_Plate,0,,,,TTTTTA,,,
3071.0,TTTAAGAGTTTTTTATACAT,RBS_BA_47,0.7924022693292939,0.2119021756600155,0.4954386678101469,0.3837188468538499,0.3392141656976695,0.2462496165809109,0.41148762365531444,0.21226222123931043,0.365943852786773,Bandit-0,Yes,"1,2,3,4,5,6",Second_Plate,0,,,,GTTTTT,,,
2047.0,TTTAAGACTTTTTTATACAT,RBS_BA_48,-1.4756194833060698,-0.21715542904748986,-0.29782236350598085,-0.4925752696337336,-0.14594376908348447,-0.595080102895788,-0.5373660695787578,0.48964968141027665,0.427400638116397,Bandit-0,Yes,"1,2,3,4,5,6",Second_Plate,0,,,,CTTTTT,,,
1367.0,TTTAAGACCCCCTTATACAT,RBS_BA_49,-1.079829867989478,-1.0976739698643618,-1.0668143097416212,-0.4473166137582792,-2.0054600465479018,-0.6674815381649256,-1.060762724344428,0.5338917250291256,0.410609849741428,Bandit-0,Yes,"1,2,3,4,5,6",Second_Plate,0,,,,CCCCCT,,,
1366.0,TTTAAGACCCCCGTATACAT,RBS_BA_50,0.607027895925053,0.22686406326241582,0.3242185578610989,0.3660258341751954,0.6804562989741,0.2849297530001616,0.4149204005330041,0.18455073040427677,0.305727593959823,Bandit-0,Yes,"1,2,3,4,5,6",Second_Plate,0,,,,CCCCCG,,,
1364.0,TTTAAGACCCCCATATACAT,RBS_BA_51,-1.0515965396611036,-2.3006313388146524,-1.7000513338173733,-0.7678606997905632,-1.9297522972413388,-1.0043223705016533,-1.4590357633044473,0.6063727619625284,0.492824660945897,Bandit-0,Yes,"1,2,3,4,5,6",Second_Plate,0,,,,CCCCCA,,,
4093.0,TTTAAGATTTTTCTATACAT,RBS_BA_52,-1.25189101800479,-1.6925635852162817,-1.9008135845883312,-1.5734148457660364,-2.471917598529927,-1.5103707743432213,-1.7334952344080978,0.42006935018216895,0.511392893284322,Bandit-0,Yes,"1,2,3,4,5,6",Second_Plate,0,,,,TTTTTC,,,
2389.0,TTTAAGAGCCCCCTATACAT,RBS_BA_53,-1.2955989923008073,-1.402247649475319,-1.5457632546440383,-0.8377107378423959,-1.742054465606874,-0.9564516971098389,-1.2966377994965455,0.34581921593797665,0.289763948811751,Bandit-0,Yes,"1,2,3,4,5,6",Second_Plate,0,,,,GCCCCC,,,
1023.0,TTTAAGAATTTTTTATACAT,RBS_BA_54,-1.465457141189574,-1.5582020810903052,-1.0855875278139966,-1.4973809010631869,-0.7378832000730444,-0.8877255697204663,-1.2053727368250955,0.34962720076962545,0.423398582739938,Bandit-0,Yes,"1,2,3,4,5,6",Second_Plate,0,,,,ATTTTT,,,
341.0,TTTAAGAACCCCCTATACAT,RBS_BA_55,-1.3674112172091457,-1.289291915711344,-2.0613852383111277,-2.1567849290525185,-1.9036319798249624,-0.9368548263569935,-1.6192266844110152,0.4905626889627231,0.398504659925794,Bandit-0,Yes,"1,2,3,4,5,6",Second_Plate,0,,,,ACCCCC,,,
3413.0,TTTAAGATCCCCCTATACAT,RBS_BA_56,-1.171400126278459,-1.5017131314284837,-0.9156022638343292,-1.6857200973044222,-0.8788400886842856,-0.9461481606255842,-1.1832373113592607,0.3389847696644022,0.484086052056602,Bandit-0,Yes,"1,2,3,4,5,6",Second_Plate,0,,,,TCCCCC,,,
2608.0,TTTAAGAGGATAATATACAT,RBS_BA_57,0.7634548352048726,0.11002458100206887,0.36955448896190524,0.3679472762507627,0.7294317416307088,-0.09158636708727863,0.3748044259938399,0.33600981952968395,0.358060703700449,Bandit-0,Yes,"1,2,3,4,5,6",Second_Plate,0,,,,GGATAA,,,
1365.0,TTTAAGACCCCCCTATACAT,RBS_BA_58,0.4536024236973238,-0.1449719903548082,0.03082255510246799,-0.30663785155917017,-0.31370027733571393,-0.4757903779795586,-0.12611258640490985,0.3319960480979885,0.425389294430912,Bandit-0,Yes,"1,2,3,4,5,6",Second_Plate,0,,,,CCCCCC,,,
4095.0,TTTAAGATTTTTTTATACAT,RBS_BA_59,0.8672001808194482,0.2863092759350904,0.5304523474956255,0.1548023839969739,0.2344429017920491,0.029812976456705245,0.35050334441598213,0.3026844387277546,0.407073324668481,Bandit-0,Yes,"1,2,3,4,5,6",Second_Plate,0,,,,TTTTTT,,,
2056.0,TTTAAGAGAAAGATATACAT,RBS_RP_30,-0.0015843182626406299,-0.05402772156587771,-0.17364332415940534,-0.4437722034259042,-0.02597764718725392,-0.4264860253168823,-0.18758187331966067,0.20072403447313739,0.338457722292143,PPM,Yes,"1,2,3,4,5,6",Second_Plate,0,,,,GAAAGA,,,
1706.0,TTTAAGACGGGGGTATACAT,RBS_RP_31,0.4158805112830844,0.8626010354601423,0.9427286407178486,1.355781326373735,1.5219806185073055,1.1425267512949737,1.0402498139395149,0.39318997167903214,0.262752975711844,PPM,Yes,"1,2,3,4,5,6",Second_Plate,0,,,,CGGGGG,,,
3626.0,TTTAAGATGAGGGTATACAT,RBS_RP_32,0.6886161871904413,0.25325805073997026,0.47735827931072694,0.6434903440052371,0.8141253280015996,0.747152509508227,0.604000116459367,0.20611779216766626,0.28531132269706,PPM,Yes,"1,2,3,4,5,6",Second_Plate,0,,,,TGAGGG,,,
1448.0,TTTAAGACCGGGATATACAT,RBS_RP_33,-1.1556568070178141,-0.8391431335081487,-0.5091547854046061,-0.5575714986190398,-1.6987281205977245,-1.0607965248112614,-0.9701751449930992,0.44121560459258863,0.536262195708363,PPM,Yes,"1,2,3,4,5,6",Second_Plate,0,,,,CCGGGA,,,
171.0,TTTAAGAAAGGGTTATACAT,RBS_RP_34,0.3349336783138418,0.09764618200832317,-0.24415894416763362,-0.02730666684330564,0.13590579600805858,-0.12202010369727881,0.02916665693700092,0.20509983794941528,0.282678183453062,PPM,Yes,"1,2,3,4,5,6",Second_Plate,0,,,,AAGGGT,,,
1970.0,TTTAAGACTGTAGTATACAT,RBS_RP_35,-1.0943709813986158,-0.6108127913997948,-0.5546809638872108,-0.7206537999717175,-1.5412527540093717,-1.2781810001914768,-0.9666587151430313,0.40009630685563724,0.520314746900095,PPM,Yes,"1,2,3,4,5,6",Second_Plate,0,,,,CTGTAG,,,
1924.0,TTTAAGACTGACATATACAT,RBS_RP_36,-0.8906651859333186,-1.4082718364509061,-1.3752326886528978,-1.2228372966094854,-0.715037710372109,-0.8372609995960492,-1.0748842862691277,0.2977037373571668,0.266118771970748,PPM,Yes,"1,2,3,4,5,6",Second_Plate,0,,,,CTGACA,,,
1774.0,TTTAAGACGTGTGTATACAT,RBS_RP_37,-1.1887658509683654,-0.9780624685067001,-0.7084238168277719,-1.0417942604041337,-0.6563239912523973,-0.8138393644641674,-0.8978682920705893,0.2064271780556817,0.392270531278055,PPM,Yes,"1,2,3,4,5,6",Second_Plate,0,,,,CGTGTG,,,
2218.0,TTTAAGAGAGGGGTATACAT,RBS_RP_38,-1.1776863660276835,-1.306497827814166,-1.0455188308974397,-0.7184707600149306,-0.798889071456297,-0.8504033846073205,-0.982911040136306,0.23148071093768682,0.302202352560654,PPM,Yes,"1,2,3,4,5,6",Second_Plate,0,,,,GAGGGG,,,
1832.0,TTTAAGACTAGGATATACAT,RBS_RP_39,0.1796134624570787,-0.17135861845615316,-0.41961808498090625,-0.28004904518835366,-0.1613133378230961,-0.4682432186251937,-0.22016147376943737,0.2326279581319059,0.31842464880652,PPM,Yes,"1,2,3,4,5,6",Second_Plate,0,,,,CTAGGA,,,
1002.0,TTTAAGAATTGGGTATACAT,RBS_RP_40,0.5147171024239151,-0.18879508035984557,0.009530277159341637,-0.16467207456426455,0.0011302680035545488,-0.5073479150786622,-0.05590623706932685,0.33658138290781886,0.404136345518479,PPM,Yes,"1,2,3,4,5,6",Second_Plate,0,,,,ATTGGG,,,
3192.0,TTTAAGATACTGATATACAT,RBS_RP_41,0.28887188247846973,0.6821742963745718,0.4712188971081883,0.04808165586517439,0.32050860795285535,-0.03829694146013593,0.29542639971985396,0.2659698130735367,0.361504967593602,PPM,Yes,"1,2,3,4,5,6",Second_Plate,0,,,,TACTGA,,,
550.0,TTTAAGAAGAGCGTATACAT,RBS_RP_42,-0.11595209868374125,0.30525997286494455,-0.06819356093588458,-0.2079990816420782,0.02623089192228909,-0.32647468624991327,-0.0645214271207306,0.21764108667555326,0.314467964290475,PPM,Yes,"1,2,3,4,5,6",Second_Plate,0,,,,AGAGCG,,,
683.0,TTTAAGAAGGGGTTATACAT,RBS_RP_43,0.4059692857162111,1.0743927291842392,0.7465400990119448,0.9479165607131235,1.4129886517593997,0.974767317527307,0.9270957739853708,0.3360558082958467,0.240646916891788,PPM,Yes,"1,2,3,4,5,6",Second_Plate,0,,,,AGGGGT,,,
1061.0,TTTAAGACAAGCCTATACAT,RBS_RP_45,-1.307397418674002,-0.6394258683061721,-0.32670314651604954,-0.7135532712173983,-1.6454032661416562,-0.7825918262321659,-0.9025124661812408,0.48304783060538403,0.568747609339584,PPM,Yes,"1,2,3,4,5,6",Second_Plate,0,,,,CAAGCC,,,
1086.0,TTTAAGACAATTGTATACAT,RBS_RP_46,-0.6171018351815534,-1.4697551811693779,-0.39369871102124615,-0.5595727187545775,-0.5809925725170402,-0.8104061069428634,-0.7385878542644431,0.3821919902042382,0.466386051095565,PPM,Yes,"1,2,3,4,5,6",Second_Plate,0,,,,CAATTG,,,
3327.0,TTTAAGATATTTTTATACAT,RBS_RP_47,-0.5116456374716611,-0.2791481792425694,-1.0935061446960346,-0.6732899345713667,-0.49366497004843196,-1.291283334790234,-0.723756366803383,0.38909075322619346,0.300614462841989,PPM,Yes,"1,2,3,4,5,6",Second_Plate,0,,,,TATTTT,,,
3433.0,TTTAAGATCCGGCTATACAT,RBS_RP_48,-0.8854677628884866,-0.7139801826540042,-0.48197518386333715,-0.5907155374794334,-1.587625296722841,-0.698542170266948,-0.8263843556458417,0.3965134074190905,0.466869359760788,PPM,Yes,"1,2,3,4,5,6",Second_Plate,0,,,,TCCGGC,,,
3746.0,TTTAAGATGGGAGTATACAT,RBS_RP_49,1.0921504404037605,1.0062179062613916,0.8961071041521371,1.3190566556904175,1.3496385525244126,1.0611936589874518,1.1207273863365952,0.17869662549390064,0.262171720533707,PPM,Yes,"1,2,3,4,5,6",Second_Plate,0,,,,TGGGAG,,,
46.0,TTTAAGAAAAGTGTATACAT,RBS_RP_50,-0.6176646956755291,-0.5528964472993859,-0.29283894492595414,-0.4712658486105378,-0.39303052011020817,-0.6823923394215563,-0.5016814660071952,0.14496678245773179,0.376671391823058,PPM,Yes,"1,2,3,4,5,6",Second_Plate,0,,,,AAAGTG,,,
1698.0,TTTAAGACGGGAGTATACAT,RBS_RP_51,0.5176154502628731,0.5427209004587368,0.315688376924215,0.48387902194945953,0.5356506426920629,0.22679566147669145,0.4370583422940064,0.13304713827944611,0.28749482172375,PPM,Yes,"1,2,3,4,5,6",Second_Plate,0,,,,CGGGAG,,,
3106.0,TTTAAGATAAGAGTATACAT,RBS_RP_52,-0.04225626319026012,-0.16310221750789858,-0.24790666001235004,-0.5500345236366708,-0.4367317679589999,-0.7621430380326109,-0.3670290783897984,0.2667276497364604,0.393032000691122,PPM,Yes,"1,2,3,4,5,6",Second_Plate,0,,,,TAAGAG,,,
3114.0,TTTAAGATAAGGGTATACAT,RBS_RP_53,0.7310508926454432,0.7206621537992907,0.5757017034295833,0.21832389623356588,0.43421723700263515,0.28528466498542887,0.4942067580159912,0.2178885740596109,0.352507693369396,PPM,Yes,"1,2,3,4,5,6",Second_Plate,0,,,,TAAGGG,,,
3255.0,TTTAAGATAGTCTTATACAT,RBS_RP_54,0.8026303134432742,0.9080055951440107,0.4649601112598809,0.29610582295517435,0.36646232907069753,0.09150793800645957,0.4882786849799163,0.31136089684912466,0.347237171043634,PPM,Yes,"1,2,3,4,5,6",Second_Plate,0,,,,TAGTCT,,,
178.0,TTTAAGAAAGTAGTATACAT,RBS_RP_55,0.4598345477874147,0.4112291277881742,0.4272453300677282,-0.04173579250852515,0.19497622391353878,-0.3539810306801515,0.18292806772802991,0.32477065308244096,0.404711500952084,PPM,Yes,"1,2,3,4,5,6",Second_Plate,0,,,,AAGTAG,,,
1305.0,TTTAAGACCACGCTATACAT,RBS_RP_57,-0.030821297767044824,0.3436042193254102,0.01800787670320609,-0.10101215905588722,0.05939145045961029,-0.18061540900380108,0.01809244677691557,0.18095679175417137,0.310627906816871,PPM,Yes,"1,2,3,4,5,6",Second_Plate,0,,,,CCACGC,,,
2830.0,TTTAAGAGTAATGTATACAT,RBS_RP_58,0.028491555113341806,0.21127679103916328,0.3071576393411906,-0.21152241420222626,0.23010682549902914,-0.21529233418193316,0.05836967710142756,0.22951907255362036,0.378987493642023,PPM,Yes,"1,2,3,4,5,6",Second_Plate,0,,,,GTAATG,,,
1272.0,TTTAAGACATTGATATACAT,RBS_RP_59,0.37412835917952786,0.21135520937498078,0.19235686124475043,-0.1874286817621343,0.2253437107172025,-0.360625078646863,0.07585506335124405,0.2839295750639789,0.376585819303506,PPM,Yes,"1,2,3,4,5,6",Second_Plate,0,,,,CATTGA,,,
3699.0,TTTAAGATGCTATTATACAT,RBS_BA_3385,,,,1.7757985502306861,1.7447083709539792,1.5427095058257825,1.6877388090034826,0.1265573936876917,0.543249958099643,Bandit-1,Yes,"4,5,6,7,8,9",Third_Plate,1,1.8350459578182543,2.0222547354164044,1.3949728726989554,TGCTAT,1.14803745152305,0.751928955265188,2.65189536205342
3706.0,TTTAAGATGCTGGTATACAT,RBS_BA_3387,,,,1.4519160607836725,1.4216182974354905,1.51561585107983,1.4630500697663311,0.04797769940086295,0.528811781884812,Bandit-1,Yes,"4,5,6,7,8,9",Third_Plate,1,1.5039854609577619,1.5238444248528182,1.1611577531947954,TGCTGG,0.993331269208016,0.746657417660159,2.48664610452833
2435.0,TTTAAGAGCGAATTATACAT,RBS_BA_1534,,,,1.3572014506831631,1.4026435456364523,1.4725641981692184,1.4108030648296113,0.058112599253350244,0.514844111606918,Bandit-1,Yes,"4,5,6,7,8,9",Third_Plate,1,1.2701569579453356,1.2663012179653705,0.9632514536425971,GCGAAT,0.942981804940697,0.769577107643652,2.482136020228
2931.0,TTTAAGAGTCTATTATACAT,RBS_BA_1896,,,,1.2296044312788617,1.0839040273028342,1.1604758786983174,1.1579947790933378,0.07288188266731158,0.52130648111955,Bandit-1,Yes,"4,5,6,7,8,9",Third_Plate,1,1.0663161599785946,0.8569098572998466,0.8884279516655004,GTCTAT,1.00067569602295,0.724696180383174,2.4500680567893
1651.0,TTTAAGACGCTATTATACAT,RBS_BA_2393,,,,0.9961759611658769,1.0963277153360025,1.0714881977819137,1.0546639580945978,0.05215251428867558,0.549112501122536,Bandit-1,Yes,"4,5,6,7,8,9",Third_Plate,1,0.8294039132595518,0.6993622180217576,0.6374134893508048,CGCTAT,1.02273446088958,0.697814947700661,2.4183643562909
3697.0,TTTAAGATGCTACTATACAT,RBS_BA_3384,,,,0.9129226910456909,1.000484768081354,1.009904559599803,0.974437339575616,0.05348104436043599,0.50770281619097,Bandit-1,Yes,"4,5,6,7,8,9",Third_Plate,1,0.8037407029178988,0.5309113616283948,0.7030148549321186,TGCTAC,0.992106203385378,0.70358175004296,2.3992697034713
2483.0,TTTAAGAGCGTATTATACAT,RBS_BA_1582,,,,0.8536013336824277,0.9928433766903817,0.9350017015128672,0.9271488039618921,0.06995239549305518,0.497561219659997,Bandit-1,Yes,"4,5,6,7,8,9",Third_Plate,1,0.8373299847149679,0.8672074871663444,0.8132262388581545,GCGTAT,0.949465042764394,0.724264752385804,2.397994547536
2490.0,TTTAAGAGCGTGGTATACAT,RBS_BA_1584,,,,1.0451046581790775,1.0861314128939523,1.0747739985787639,1.0686700232172646,0.021183544014611175,0.47674787217885,Bandit-1,Yes,"4,5,6,7,8,9",Third_Plate,1,0.9771863829645678,0.9318481784879421,0.9819178567994303,GCGTGG,0.866603296446494,0.741152229893558,2.34890775623361
2547.0,TTTAAGAGCTTATTATACAT,RBS_BA_1707,,,,0.7113430450313877,0.7700377907720033,0.966070423556443,0.815817086453278,0.13339159372826642,0.479541391802538,Bandit-1,Yes,"4,5,6,7,8,9",Third_Plate,1,0.692440973866543,0.5645177846722237,0.39855426449738063,GCTTAT,0.939491622297344,0.698290595900061,2.33607281409747
3707.0,TTTAAGATGCTGTTATACAT,RBS_BA_3389,,,,0.7497376277052124,0.7255220401925786,0.7089940593251685,0.7280845757409864,0.02049230422408541,0.48968456334716,Bandit-1,Yes,"4,5,6,7,8,9",Third_Plate,1,0.4790756086722368,0.6164416474289598,0.5416920026128444,TGCTGT,0.990406216882032,0.67232582103987,2.33505785896177
3691.0,TTTAAGATGCGGTTATACAT,RBS_BA_3357,,,,0.6187270912963867,0.6800458282577669,0.7645479647250198,0.6877736280930579,0.07321694441584614,0.513669153727633,Bandit-1,Yes,"4,5,6,7,8,9",Third_Plate,1,0.37249132878153074,0.5019290646923138,0.37942147088992323,TGCGGT,0.905292390741036,0.699656905576232,2.3046062018935
3763.0,TTTAAGATGGTATTATACAT,RBS_BA_3321,,,,0.9635775808533389,1.097296595540136,0.9851393334127805,1.015337836602085,0.07179245028801978,0.486806220412664,Bandit-1,Yes,"4,5,6,7,8,9",Third_Plate,1,0.8643922468434346,1.1083248863383028,0.7082924709100795,TGGTAT,0.976045189890896,0.660337800692257,2.29672079127541
2675.0,TTTAAGAGGCTATTATACAT,RBS_BA_1393,,,,2.3630258414597622,2.0574806614517995,2.060232587796582,2.160246363569381,0.17561756963576677,0.450522914807738,Bandit-1,Yes,"4,5,6,7,8,9",Third_Plate,1,2.2406362420671555,2.7208670625376916,2.4491879592901897,GGCTAT,0.981957531022256,0.653170521520107,2.28829857406247
2938.0,TTTAAGAGTCTGGTATACAT,RBS_BA_1898,,,,0.9640504212842498,0.9323747659059468,1.0202119690779061,0.9722123854227008,0.044483781417681174,0.532814320765389,Bandit-1,Yes,"4,5,6,7,8,9",Third_Plate,1,1.1466136616047897,0.7787165606152087,0.8276723746279262,GTCTGG,0.842622689646306,0.719319620242034,2.28126193013037
3651.0,TTTAAGATGCAATTATACAT,RBS_BA_3337,,,,0.6810197794313432,0.5104089589194631,0.5137057871111598,0.5683781751539887,0.0975644173336954,0.533246896959349,Bandit-1,Yes,"4,5,6,7,8,9",Third_Plate,1,0.5084469817770985,-0.20624985059295134,0.25975127295814077,TGCAAT,0.808371343390833,0.733563473958964,2.27549829130876
2451.0,TTTAAGAGCGCATTATACAT,RBS_BA_1566,,,,-0.39379751391018775,-0.7369301499187781,-0.6621930831900041,-0.5976402490063233,0.18044473606733527,0.192270485156664,Bandit-1,Yes,"4,5,6,7,8,9",Third_Plate,1,-0.2608985877253745,0.1599122544044892,0.37341276173587473,GCGCAT,0.808577573619486,0.73220886216019,2.27299529793987
2438.0,TTTAAGAGCGACGTATACAT,RBS_BA_1540,,,,-0.4301593069277815,-0.6097644688416451,-0.6911356873928247,-0.5770198210540838,0.1335339910255338,0.161969030828549,Bandit-1,Yes,"4,5,6,7,8,9",Third_Plate,1,-0.19810106664082033,-0.3787582763164074,-0.6965669507148167,GCGACG,0.771644941977455,0.744674287379479,2.26099351673641
2554.0,TTTAAGAGCTTGGTATACAT,RBS_BA_1709,,,,-0.733607043664399,-0.37738595860101043,-1.1670828791156986,-0.759358627127036,0.39547776752394104,0.367538643126976,Bandit-1,Yes,"4,5,6,7,8,9",Third_Plate,1,-0.8804162008210572,0.013583978691883523,-1.2064175115560316,GCTTGG,0.840590789024527,0.701300050653059,2.24319089033064
1658.0,TTTAAGACGCTGGTATACAT,RBS_BA_2395,,,,-0.4603716975611246,-0.3280566708014334,-0.47392496889539704,-0.42078444575265167,0.08059003025510005,0.36542500539832,Bandit-1,Yes,"4,5,6,7,8,9",Third_Plate,1,-1.0495370788644027,-0.9304604857535308,-1.0242072381150276,CGCTGG,0.869239961703417,0.680588220157125,2.23041640201767
2515.0,TTTAAGAGCTCATTATACAT,RBS_BA_1691,,,,-1.0037365911215186,-0.4124371472419951,-0.472693627573346,-0.6296224553122866,0.32539015168670515,0.422593877357728,Bandit-1,Yes,"4,5,6,7,8,9",Third_Plate,1,-0.4571113441539149,-0.0701630098631265,-1.482330354279545,GCTCAT,0.807598209887425,0.704029789309401,2.21565778850623
2434.0,TTTAAGAGCGAAGTATACAT,RBS_BA_1532,,,,-0.4771348008949202,-0.6463423824935257,-0.6013956507297781,-0.5749576113727414,0.0876471839901052,0.192129614667266,Bandit-1,Yes,"4,5,6,7,8,9",Third_Plate,1,-0.8556210348474474,-0.5793714130604658,-0.22086495236973916,GCGAAG,0.783336180702479,0.707863947538616,2.19906407577971
2929.0,TTTAAGAGTCTACTATACAT,RBS_BA_1895,,,,-1.3374643005924194,-0.8700093776975706,-0.8469617591238924,-1.0181451458046273,0.27677850375575014,0.292434526815473,Bandit-1,Yes,"4,5,6,7,8,9",Third_Plate,1,-0.05633014125967742,-1.296119191412473,-1.3684690063874236,GTCTAC,0.840592070591551,0.679061577854074,2.1987152262997
2499.0,TTTAAGAGCTAATTATACAT,RBS_BA_1660,,,,-1.4274436339289986,-0.8068789169884825,-0.8150033813249841,-1.016441977414155,0.35596105541708895,0.290399098223547,Bandit-1,Yes,"4,5,6,7,8,9",Third_Plate,1,-1.0692315515051802,-0.8412401599862089,-1.511812354896447,GCTAAT,0.851455055623273,0.667897595070624,2.18725024576452
2355.0,TTTAAGAGCATATTATACAT,RBS_BA_1518,,,,0.6620412044482857,0.3758009152826059,0.5259056134406467,0.5212492443905128,0.14317694337763076,0.415390286797454,Bandit-1,Yes,"4,5,6,7,8,9",Third_Plate,1,0.4053419069368591,0.46121568905328636,0.3568853000399394,GCATAT,0.844330327119884,0.667578471238556,2.17948726959699
2419.0,TTTAAGAGCCTATTATACAT,RBS_BA_1644,,,,1.289661308983266,1.2900743693845813,1.1683107631189555,1.2493488138289344,0.070181314478133,0.5359566731345,Bandit-1,Yes,"4,5,6,7,8,9",Third_Plate,1,1.345363032146058,1.1725746314736911,1.1580403158338586,GCCTAT,0.89930686707481,0.636542777989195,2.1723924230532
1659.0,TTTAAGACGCTGTTATACAT,RBS_BA_2397,,,,-0.6974783173223635,0.3311949468966377,0.561845897364067,0.06518750897944704,0.6704806762273986,0.651142170838506,Bandit-1,Yes,"4,5,6,7,8,9",Third_Plate,1,0.3779429527479605,0.3348529488231434,0.37992248661999806,CGCTGT,0.864770170289499,0.651553650359683,2.16787747100887
3770.0,TTTAAGATGGTGGTATACAT,RBS_BA_3323,,,,0.6918365649183325,0.47778606865619905,0.8859050820473912,0.6851759052073075,0.2041410188171147,0.400884693007909,Bandit-1,Yes,"4,5,6,7,8,9",Third_Plate,1,0.7206001457787885,0.7266896742412313,0.7191500369245996,TGGTGG,0.871722751155788,0.644897324894198,2.16151740094418
2539.0,TTTAAGAGCTGGTTATACAT,RBS_BA_1679,,,,-1.1217904655565096,-0.7421883693032638,-0.8486419758066618,-0.9042069368888117,0.19580611978436796,0.237325929360969,Bandit-1,Yes,"4,5,6,7,8,9",Third_Plate,1,-0.994684297284844,-0.9719170445445874,0.10296432477307259,GCTGGT,0.776204560363088,0.688183700296658,2.1525719609564
115.0,TTTAAGAAACTATTATACAT,RBS_BA_175,,,,-0.39259358265956756,-0.7739363507904,-0.8229256586209279,-0.6631518640236319,0.2355871935853808,0.392079904320058,Bandit-1,Yes,"4,5,6,7,8,9",Third_Plate,1,-1.1900721247255135,-0.9077363007930799,-1.238568652315789,AACTAT,0.778847878412223,0.681494262117641,2.14183640264751
1649.0,TTTAAGACGCTACTATACAT,RBS_BA_2392,,,,-0.7831023500411558,-1.0122997942952852,-1.4628506826869607,-1.086084275674467,0.34582880331601085,0.299729351768991,Bandit-1,Yes,"4,5,6,7,8,9",Third_Plate,1,-1.271994610302727,-1.0009420875558546,-1.2440337931223633,CGCTAC,0.866963038062502,0.635823805108942,2.13861064828039
387.0,TTTAAGAACGAATTATACAT,RBS_BA_557,,,,-0.6719841152883121,-0.8603311776899819,-1.1905788248290914,-0.9076313726024617,0.2625130463805375,0.303573234519144,Bandit-1,Yes,"4,5,6,7,8,9",Third_Plate,1,-1.1296144392035539,-0.7003646007254637,-1.7718186844355677,ACGAAT,0.826173902002916,0.652285885231586,2.13074567246609
2362.0,TTTAAGAGCATGGTATACAT,RBS_BA_1520,,,,-1.387749944291027,-1.2368972051588838,-0.45282223955796147,-1.0258231296692906,0.5019329161125013,0.424162752402195,Bandit-1,Yes,"4,5,6,7,8,9",Third_Plate,1,-1.1351567959600546,-0.8549443434574072,-0.9220480696338952,GCATGG,0.716536690695339,0.702505285285816,2.12154726126697
3955.0,TTTAAGATTCTATTATACAT,RBS_BA_3888,,,,-1.7883303152623122,-1.0767616931359782,-1.5420052518125147,-1.4690324200702685,0.36135336116888966,0.568574027011121,Bandit-1,Yes,"4,5,6,7,8,9",Third_Plate,1,-1.12694398249774,-0.9218280125627464,-0.6017247866932404,TTCTAT,0.874310383802822,0.622919661092807,2.12014970598844
2481.0,TTTAAGAGCGTACTATACAT,RBS_BA_1581,,,,-0.580342523001678,-0.9128600216095913,-1.529695708833244,-1.007632751148171,0.48172011641645246,0.465805510216996,Bandit-1,Yes,"4,5,6,7,8,9",Third_Plate,1,-0.8370606803162897,-1.0009692992949015,-1.7831317462204357,GCGTAC,0.780559295004924,0.669432782031084,2.11942485906709
3708.0,TTTAAGATGCTTATATACAT,RBS_BA_3394,,,,-1.3637670157710564,-1.3600121278401625,-1.34740544299191,-1.3570615288677097,0.008570577091071868,0.350200559554983,Bandit-1,Yes,"4,5,6,7,8,9",Third_Plate,1,-1.4396440907319927,-1.2671875842232512,-1.0006632199200283,TGCTTA,0.781305937587681,0.667292176470486,2.11589029052865
2555.0,TTTAAGAGCTTGTTATACAT,RBS_BA_1711,,,,0.6657129373888626,0.617828326607535,0.4582386905462183,0.580593318180872,0.1086334440452427,0.441095772630064,Bandit-1,Yes,"4,5,6,7,8,9",Third_Plate,1,0.423654131726645,-0.7264021970846222,0.2858693010173779,GCTTGT,0.832763242220175,0.641348988184561,2.1154612185893
2682.0,TTTAAGAGGCTGGTATACAT,RBS_BA_1395,,,,1.821107587817928,1.6443490862375967,1.5951199021826588,1.6868588587460611,0.1188398884370789,0.442390056427682,Bandit-1,Yes,"4,5,6,7,8,9",Third_Plate,1,1.9487000889241703,2.2123192753416525,1.9301994078628928,GGCTGG,0.829653313392471,0.641141920873266,2.111937155139
1643.0,TTTAAGACGCGGTTATACAT,RBS_BA_2365,,,,-0.12366107091351622,0.39904301754723376,-0.14200639843862464,0.044458516065030956,0.30721615237327216,0.513441823433273,Bandit-1,Yes,"4,5,6,7,8,9",Third_Plate,1,0.38357422147267844,0.4033255844222276,0.3638780242121265,CGCGGT,0.780626893498879,0.663718961565051,2.10806481662898
3683.0,TTTAAGATGCGATTATACAT,RBS_BA_3353,,,,-0.2753719185413122,-0.3749903989087952,-0.3220584521359404,-0.3241402565286826,0.049841858310348736,0.385215234439021,Bandit-1,Yes,"4,5,6,7,8,9",Third_Plate,1,0.07509756894589087,0.25237049231067576,-1.3119850762589222,TGCGAT,0.757853755810346,0.672471696643587,2.10279714909752
3715.0,TTTAAGATGGAATTATACAT,RBS_BA_3275,,,,-0.7228712778358352,-1.0945858513158107,-0.7446832579915265,-0.8540467957143908,0.20859822283949425,0.25861914731393,Bandit-1,Yes,"4,5,6,7,8,9",Third_Plate,1,0.07797301248894035,-0.6914263054474338,-1.2135051221606785,TGGAAT,0.872515687361901,0.612628952337013,2.09777359203593
2939.0,TTTAAGAGTCTGTTATACAT,RBS_BA_1900,,,,-1.2453851138631191,-0.5801714171729587,-1.3261422670586147,-1.0505662660315642,0.40937014402932814,0.448288498769773,Bandit-1,Yes,"4,5,6,7,8,9",Third_Plate,1,-1.7431086642828741,-0.21483579298944527,-1.210969438910288,GTCTGT,0.837814459753328,0.626855603370557,2.09152566649444
1907.0,TTTAAGACTCTATTATACAT,RBS_BA_2888,,,,-1.5169203047931779,-1.068694348513877,-0.8553254384090101,-1.1469800305720217,0.3376735521446015,0.378273217700904,Bandit-1,Yes,"4,5,6,7,8,9",Third_Plate,1,-1.3912537444695379,-1.120676893745148,-1.1551606765420135,CTCTAT,0.97276697990741,0.558117833435124,2.08900264677766
3698.0,TTTAAGATGCTAGTATACAT,RBS_BA_3383,,,,-0.7094680862871604,-1.8769108872265283,-1.3307470075102839,-1.3057086603413242,0.584124012935613,0.553263132550015,Bandit-1,Yes,"4,5,6,7,8,9",Third_Plate,1,-1.0666500553357905,-0.831940158017412,-1.1277598253851897,TGCTAG,0.868953023661424,0.60945053658635,2.08785409683412
2883.0,TTTAAGAGTCAATTATACAT,RBS_BA_1848,,,,-0.7136252591600706,-1.3652686494832527,-0.7856627444865211,-0.9548522177099481,0.3572514316628952,0.352242214663214,Bandit-1,Yes,"4,5,6,7,8,9",Third_Plate,1,-1.5011329796519408,-0.9623253466194315,-1.2981256652719937,GTCAAT,0.671383397524575,0.705242829513168,2.08186905655091
1715.0,TTTAAGACGGTATTATACAT,RBS_BA_2329,,,,-1.5752521249339426,-1.1884148486320938,-1.2656327418463857,-1.3430999051374741,0.20472332701828178,0.28989735801678,Bandit-1,Yes,"4,5,6,7,8,9",Third_Plate,1,-1.1551582800327131,-0.8410555954938554,-0.6985101960684144,CGGTAT,0.873205624492731,0.604034521574526,2.08127466764178
2454.0,TTTAAGAGCGCCGTATACAT,RBS_BA_1572,,,,-1.1278183397019454,-1.4804903578557231,-1.001048035192409,-1.2031189109166924,0.24843282232657737,0.21549416509251,Bandit-1,Yes,"4,5,6,7,8,9",Third_Plate,1,-0.9934691482562602,-1.1974216402476645,-1.116931563432234,GCGCCG,0.666677174486913,0.70508384017818,2.07684485484327
3761.0,TTTAAGATGGTACTATACAT,RBS_BA_3320,,,,-0.9127648240078616,-1.2933655937707258,-0.8960827275141962,-1.034071048430928,0.22471052271330194,0.273400780938101,Bandit-1,Yes,"4,5,6,7,8,9",Third_Plate,1,-1.1103953049114252,-1.4883060834531485,-1.0946191800993845,TGGTAC,0.813229494245985,0.628636186878566,2.07050186800312
3702.0,TTTAAGATGCTCGTATACAT,RBS_BA_3391,,,,-0.3638387776541658,0.39001583635883896,0.08351850972566983,0.03656518947678101,0.3791143039756877,0.380104823536353,Bandit-1,Yes,"4,5,6,7,8,9",Third_Plate,1,-0.8874794558705457,0.23133686675799583,0.06158245316428201,TGCTCG,0.75665934427605,0.656013079179635,2.06868550263532
3731.0,TTTAAGATGGCATTATACAT,RBS_BA_3305,,,,1.23936228610383,1.0119265679355256,0.9281491292510552,1.0598126610968035,0.16103793245150475,0.521717611237179,Bandit-1,Yes,"4,5,6,7,8,9",Third_Plate,1,1.1270763032470554,1.1482045005192294,1.1004068536686125,TGGCAT,0.728468392961969,0.667331284464878,2.06313096189172
2514.0,TTTAAGAGCTCAGTATACAT,RBS_BA_1689,,,,0.42792637750274004,0.4484147885961152,0.36819145605503356,0.4148442073846296,0.04168096870573702,0.633253840876689,Bandit-1,Yes,"4,5,6,7,8,9",Third_Plate,1,0.13627820297878973,0.4039519671351374,0.4325785825573707,GCTCAG,0.661728183793704,0.69973525264295,2.0611986890796
2923.0,TTTAAGAGTCGGTTATACAT,RBS_BA_1868,,,,-0.7963749631776177,-1.3414408290428659,-0.5735116284111119,-0.9037758068771985,0.3950696397045304,0.558110018481,Bandit-1,Yes,"4,5,6,7,8,9",Third_Plate,1,-0.14659463546641954,-1.2055954638299757,-0.22609368115672784,GTCGGT,0.782997557753232,0.637879866111674,2.05875728997658
2491.0,TTTAAGAGCGTGTTATACAT,RBS_BA_1586,,,,-0.6113759298614679,-1.4828067649039085,-0.7108719943479117,-0.9350182297044293,0.4770000798575047,0.48012863116803,Bandit-1,Yes,"4,5,6,7,8,9",Third_Plate,1,-1.1799226693880347,-0.8130687672596935,-1.1478046159999438,GCGTGT,0.836578976112271,0.610123530226721,2.05682603656571
3635.0,TTTAAGATGATATTATACAT,RBS_BA_3259,,,,-0.8281963447028883,-0.6103833320024707,-1.2848661214360737,-0.9078152660471442,0.3442181543549826,0.513643392742719,Bandit-1,Yes,"4,5,6,7,8,9",Third_Plate,1,-1.0513569582076037,-1.1320017611555784,-1.140269867764685,TGATAT,0.891250822187609,0.582267423047388,2.05578566828238
2673.0,TTTAAGAGGCTACTATACAT,RBS_BA_1392,,,,0.42784823637540786,0.2812282868460653,0.6143027216329057,0.4411264149514596,0.1669337512214544,0.324374754635731,Bandit-1,Yes,"4,5,6,7,8,9",Third_Plate,1,0.5700250738783866,0.4349260189318833,0.5681378856945153,GGCTAC,0.827018237743629,0.611325831822647,2.04966990138892
2502.0,TTTAAGAGCTACGTATACAT,RBS_BA_1665,,,,-0.7727818918391871,-0.7575335875009777,-0.668575980572652,-0.732963819970939,0.05628030821772707,0.597008240363843,Bandit-1,Yes,"4,5,6,7,8,9",Third_Plate,1,-1.0692374518388243,-0.8232505511929128,-1.0110811270991062,GCTACG,0.776670213630806,0.632843166121,2.04235654587281
2433.0,TTTAAGAGCGAACTATACAT,RBS_BA_1533,,,,-1.0616132104062908,-0.6371541005497975,-0.768529999375154,-0.8224324367770807,0.21730275781370822,0.485885005676308,Bandit-1,Yes,"4,5,6,7,8,9",Third_Plate,1,-1.0217630045681745,-0.341992410219003,-0.7720060354969331,GCGAAC,0.709195202635413,0.66417682511897,2.03754885287335
3705.0,TTTAAGATGCTGCTATACAT,RBS_BA_3388,,,,-0.9895727623105656,-1.001592824130737,-1.1744372934042548,-1.0552009599485193,0.10343644369135925,0.336138878998423,Bandit-1,Yes,"4,5,6,7,8,9",Third_Plate,1,-1.0129605781548852,-0.9737957848695751,-1.3583574045018183,TGCTGC,0.826859911226498,0.603656868712568,2.03417364865163
2467.0,TTTAAGAGCGGATTATACAT,RBS_BA_1550,,,,-0.8368431680484283,-0.39042914079140845,-1.078771843209631,-0.7686813840164892,0.3491968507803556,0.32996704972032,Bandit-1,Yes,"4,5,6,7,8,9",Third_Plate,1,-0.9070709494949066,-1.0127150464217198,-0.1811431364129316,GCGGAT,0.882537129717056,0.574805973091353,2.03214907589976
435.0,TTTAAGAACGTATTATACAT,RBS_BA_604,,,,-0.7171639058195322,-0.9259202493047562,-0.8027446099375889,-0.8152762550206258,0.10494086112042161,0.272121234111475,Bandit-1,Yes,"4,5,6,7,8,9",Third_Plate,1,-0.9694678558529506,-0.607289742101933,-0.9236098158859468,ACGTAT,0.760249029295688,0.635242955228617,2.03073493975292
3682.0,TTTAAGATGCGAGTATACAT,RBS_BA_3351,,,,0.7844123501170509,0.5545043948339032,0.6354685248787971,0.6581284232765837,0.11661698084827941,0.380208395526632,Bandit-1,Yes,"4,5,6,7,8,9",Third_Plate,1,0.7426323303702924,0.5960139240943757,0.4390115636381051,TGCGAG,0.753993612018825,0.637927507426523,2.02984862687187
2545.0,TTTAAGAGCTTACTATACAT,RBS_BA_1706,,,,1.159327526285368,1.201250882384905,1.1311029106284818,1.1638937730995849,0.03529621003537419,0.539941863174556,Bandit-1,Yes,"4,5,6,7,8,9",Third_Plate,1,1.0235321611426382,1.068796372182851,1.031290928517594,GCTTAC,0.778692683420563,0.624543118586716,2.02777892059399
3642.0,TTTAAGATGATGGTATACAT,RBS_BA_3261,,,,-0.38331693389283494,0.5441718680790283,-0.7616853237918951,-0.20027679653523392,0.6718954682859309,0.566686968376245,Bandit-1,Yes,"4,5,6,7,8,9",Third_Plate,1,0.5426373831550458,0.22640559249072134,0.37910373936901004,TGATGG,0.750722864803937,0.635358080977655,2.02143902675925
3650.0,TTTAAGATGCAAGTATACAT,RBS_BA_3335,,,,-0.7172135845823725,-0.0918641718198681,-0.5058944520129687,-0.43832406947173636,0.31810342572531125,0.611206581553682,Bandit-1,Yes,"4,5,6,7,8,9",Third_Plate,1,-0.6680239704673636,-1.0742344746941908,-0.1725397001120336,TGCAAG,0.656070073232364,0.680996785728923,2.01806364469021
2518.0,TTTAAGAGCTCCGTATACAT,RBS_BA_1697,,,,-1.0108115796634103,-1.7318682041011615,-1.1422573909362457,-1.2949790582336058,0.38402290902751524,0.386321585370206,Bandit-1,Yes,"4,5,6,7,8,9",Third_Plate,1,-1.1173542309358788,-1.9594147225290417,-0.5350712485752563,GCTCCG,0.688768726370992,0.664321821389791,2.01741236915057
2492.0,TTTAAGAGCGTTATATACAT,RBS_BA_1591,,,,-0.7401280386597605,-0.6990299204558604,-0.6185758594679761,-0.685911272861199,0.061828854530895226,0.402347851796236,Bandit-1,Yes,"4,5,6,7,8,9",Third_Plate,1,-1.12825628156568,-1.2927850158506677,-0.1382547650015297,GCGTTA,0.698649320999237,0.658400881387556,2.01545108377435
3827.0,TTTAAGATGTTATTATACAT,RBS_BA_3448,,,,-0.7124037340623891,-0.8540566698512998,-0.9056278227767748,-0.8240294088968212,0.10005055929477587,0.441371037548828,Bandit-1,Yes,"4,5,6,7,8,9",Third_Plate,1,-1.0036563474961355,-0.9520870398563976,-1.2080517947246783,TGTTAT,0.695268149210715,0.660050666483462,2.01536948217764
3755.0,TTTAAGATGGGGTTATACAT,RBS_BA_3293,,,,-0.26342156565776087,-0.7420453904282441,0.2793482587539454,-0.2420395657773532,0.5110324246920069,0.326664971339959,Bandit-1,Yes,"4,5,6,7,8,9",Third_Plate,1,-0.010718887671444417,0.3091093877467599,0.26685444079127957,TGGGGT,0.992796520473484,0.510303631020066,2.01340378251362
2683.0,TTTAAGAGGCTGTTATACAT,RBS_BA_1397,,,,0.6116221486877007,0.3593224555567823,0.7131174644396875,0.5613540228947235,0.18217543860429614,0.344715322876312,Bandit-1,Yes,"4,5,6,7,8,9",Third_Plate,1,0.6897046607980024,0.7189982943148746,0.7776503357256971,GGCTGT,0.824663109775629,0.593224662891421,2.01111243555847
2450.0,TTTAAGAGCGCAGTATACAT,RBS_BA_1564,,,,-0.49359658491384784,-0.7183064693839396,-1.2281952988024618,-0.8133661177000832,0.3764121015126813,0.35074451175233,Bandit-1,Yes,"4,5,6,7,8,9",Third_Plate,1,-0.040525256648422686,-0.6721050113061475,-0.4115737527389941,GCGCAG,0.649641732070976,0.680089968196839,2.00982166846465
2307.0,TTTAAGAGCAAATTATACAT,RBS_BA_1470,,,,-1.4991408502343242,-1.3561250418466482,-0.9957953004805538,-1.2836870641871754,0.2593735357930278,0.305469292818679,Bandit-1,Yes,"4,5,6,7,8,9",Third_Plate,1,-1.1380828368055138,-1.010470822990048,-0.19407913531771223,GCAAAT,0.611422727000464,0.697980776574108,2.00738428014868
2426.0,TTTAAGAGCCTGGTATACAT,RBS_BA_1646,,,,0.6076466515343687,0.5711175611683917,0.6271128910408182,0.6019590345811929,0.02842764467617753,0.458553697879809,Bandit-1,Yes,"4,5,6,7,8,9",Third_Plate,1,0.5169327070535965,0.5571005595307286,0.4042923203487377,GCCTGG,0.751185125368623,0.624013421864982,1.99921196909859
3690.0,TTTAAGATGCGGGTATACAT,RBS_BA_3355,,,,1.1191964015002094,1.085277968164093,0.9764068136731111,1.0602937277791378,0.07460144635774879,0.511309128229477,Bandit-1,Yes,"4,5,6,7,8,9",Third_Plate,1,1.0491131391846469,0.9654790461677801,0.9124430016310863,TGCGGG,0.822346289009308,0.584662065709109,1.99167042042753
1603.0,TTTAAGACGCAATTATACAT,RBS_BA_2345,,,,0.46739776792950277,0.5350141414283707,0.44311278331835646,0.48184156422540997,0.04762281327467452,0.588788652833045,Bandit-1,Yes,"4,5,6,7,8,9",Third_Plate,1,0.41591627337025044,0.32999510034187884,0.302436027927379,CGCAAT,0.683762278579672,0.652691762455533,1.98914580349074
3771.0,TTTAAGATGGTGTTATACAT,RBS_BA_3325,,,,-0.6609828300559197,-0.2588050988639466,-0.47361152191487926,-0.4644664836115819,0.20124476554896362,0.422153788187385,Bandit-1,Yes,"4,5,6,7,8,9",Third_Plate,1,0.36939771954666356,0.3038223919395303,0.2238079913151971,TGGTGT,0.847543913628027,0.570105921739198,1.98775575710642
3718.0,TTTAAGATGGACGTATACAT,RBS_BA_3280,,,,-0.5533129568589011,-1.204744739194008,0.2701154508226596,-0.49598074841008316,0.7390997102003317,0.570732804246398,Bandit-1,Yes,"4,5,6,7,8,9",Third_Plate,1,-0.9286209527104543,-1.001912822970577,-0.11496130158049805,TGGACG,0.719103723945118,0.632339464862296,1.98378265366971
2363.0,TTTAAGAGCATGTTATACAT,RBS_BA_1522,,,,-1.2903861630156976,0.22823649039653354,-0.7834012697935308,-0.6151836474708983,0.7731601174459991,0.672233373298425,Bandit-1,Yes,"4,5,6,7,8,9",Third_Plate,1,-0.11456810892288037,-0.8832131950422382,0.04033041001065132,GCATGT,0.729154951091003,0.6243645316239,1.9778840143388
2442.0,TTTAAGAGCGAGGTATACAT,RBS_BA_1536,,,,1.7371472436669442,1.77223542348402,1.804774591019578,1.7713857527235142,0.033821679183467415,0.266575085154781,Bandit-1,Yes,"4,5,6,7,8,9",Third_Plate,1,1.899287311438194,2.6035647938578768,2.493944262753016,GCGAGG,0.769440911952287,0.602045391689033,1.97353169533035
1914.0,TTTAAGACTCTGGTATACAT,RBS_BA_2890,,,,0.2515384909944346,-0.8284371064271826,-0.5585170876383287,-0.37847190102369227,0.5620489522042268,0.50804255078016,Bandit-1,Yes,"4,5,6,7,8,9",Third_Plate,1,-0.5296700579000281,-0.9326957064778424,-0.05854764779978093,CTCTGG,0.815483877724928,0.578407502410714,1.97229888254636
2522.0,TTTAAGAGCTCGGTATACAT,RBS_BA_1693,,,,-0.5468637307109774,-0.6702111979394596,0.04087893929246469,-0.3920653297859908,0.379979215897171,0.379046565683273,Bandit-1,Yes,"4,5,6,7,8,9",Third_Plate,1,-0.8588659447419976,0.008381049974563876,0.00645910217838286,GCTCGG,0.622549474368892,0.672255790464238,1.96706105529737
2667.0,TTTAAGAGGCGGTTATACAT,RBS_BA_1365,,,,0.47977971246383777,0.4370051487117053,-0.5162417428598961,0.13351437277188236,0.5631115992205444,0.459778468062042,Bandit-1,Yes,"4,5,6,7,8,9",Third_Plate,1,0.28698493305421613,0.01887986778032854,-0.02955085850146196,GGCGGT,0.719884661365244,0.621536706087029,1.9629580735393
403.0,TTTAAGAACGCATTATACAT,RBS_BA_588,,,,0.21696113693045624,-0.5134944802705458,-1.0849520795019874,-0.460495140947359,0.652572757059999,0.458029561247576,Bandit-1,Yes,"4,5,6,7,8,9",Third_Plate,1,0.24444581189434078,-0.7304109863037404,-0.13511352126984544,ACGCAT,0.635410080464985,0.660541382878961,1.95649284622291
2163.0,TTTAAGAGACTATTATACAT,RBS_BA_1162,,,,0.5940296640191033,0.4577202740187033,0.5471491296098904,0.5329663558825657,0.0692526227194368,0.430637554878831,Bandit-1,Yes,"4,5,6,7,8,9",Third_Plate,1,0.06766147544984212,0.09558266364567616,0.2746871296766253,GACTAT,0.677579410504718,0.637960086800142,1.953499584105
2353.0,TTTAAGAGCATACTATACAT,RBS_BA_1517,,,,0.788581578765127,0.834060798769384,0.9205892185892643,0.8477438653745919,0.0670591080821741,0.444951295322269,Bandit-1,Yes,"4,5,6,7,8,9",Third_Plate,1,0.9070330788116235,0.4580197971235203,0.6027341029498463,GCATAC,0.72385592487398,0.612820138516415,1.94949620190681
1210.0,TTTAAGACAGTGGTATACAT,RBS_BA_2084,,,,1.3015886255426024,1.1579605886683193,1.0938059884453155,1.1844517342187457,0.10639427458376746,0.513269397718931,Bandit-1,Yes,"4,5,6,7,8,9",Third_Plate,1,1.2907651428861624,0.834834035132015,0.6280872018954409,CAGTGG,0.558830237890739,0.694956635411392,1.94874350871352
2498.0,TTTAAGAGCTAAGTATACAT,RBS_BA_1658,,,,0.9162185883124786,0.9854239412826777,1.028445275394795,0.9766959349966505,0.056620145652097546,0.500480102337371,Bandit-1,Yes,"4,5,6,7,8,9",Third_Plate,1,0.72914221464659,0.505355438332544,0.45011509925778265,GCTAAG,0.677238678512841,0.634139365906549,1.94551741032594
2466.0,TTTAAGAGCGGAGTATACAT,RBS_BA_1548,,,,1.3949139516065696,1.5056622864389153,1.6690291411585472,1.5232017930680106,0.1378967367466439,0.400050122372233,Bandit-1,Yes,"4,5,6,7,8,9",Third_Plate,1,1.4600129772237136,1.4531429023544389,2.0138863622488827,GCGGAG,0.789157952524236,0.57688195673692,1.94292186599808
1905.0,TTTAAGACTCTACTATACAT,RBS_BA_2887,,,,0.766921963658308,0.9192440742979548,0.9399733154056051,0.875379784453956,0.09449735196306004,0.528306037347162,Bandit-1,Yes,"4,5,6,7,8,9",Third_Plate,1,0.6542269501060135,0.5405346747468396,0.4899679093763712,CTCTAC,0.813209439379929,0.564510213607478,1.94222986659488
3772.0,TTTAAGATGGTTATATACAT,RBS_BA_3330,,,,0.8174113896381507,1.0886442601632542,0.9174137462421219,0.9411564653478424,0.13716634079183473,0.493262587527096,Bandit-1,Yes,"4,5,6,7,8,9",Third_Plate,1,0.7973223298785239,0.672966542392774,0.6316776630332699,TGGTTA,0.706032797824877,0.617108982445548,1.94025076271597
648.0,TTTAAGAAGGAGATATACAT,RBS_1by1_0,,,,1.909333124659325,1.7958905605308704,2.205002289410639,1.9700753248669447,0.21121153576756935,0.316337652382375,Consensus,Yes,"4,5,6,7,8,9",Third_Plate,1,1.9921448330365321,2.209998194931501,2.748571861051472,AGGAGA,,,
