,Name,Group,Plate,RBS,RBS6,Rep1,Rep2,Rep3,Rep4,Rep5,Rep6,AVERAGE,STD
0,RBS_1by1_0,reference,First_Plate,TTTAAGAAGGAGATATACAT,AGGAGA,80.9197,52.4024308742318,98.72044,61.6221650361057,54.1514848350971,45.4991952513712,65.55256933280096,18.514647844015187
1,RBS_1by1_1,bps_noncore,First_Plate,CTTAAGAAGGAGATATACAT,AGGAGA,58.33688,40.0729510654815,81.1362,42.0428540275112,45.4320316223905,41.0056593729657,51.337762681391474,14.673421752803268
2,RBS_1by1_2,bps_noncore,First_Plate,GTTAAGAAGGAGATATACAT,AGGAGA,38.7807,28.8315590988607,58.76333,24.4878699636543,24.1336370753119,25.5966386854389,33.432289137210965,12.378064128113689
3,RBS_1by1_3,bps_noncore,First_Plate,ATTAAGAAGGAGATATACAT,AGGAGA,60.72082,43.0933590095392,74.60529,38.6419582348774,38.049576803906,31.6081541715511,47.78652636997895,14.992992221058168
4,RBS_1by1_4,bps_noncore,First_Plate,TCTAAGAAGGAGATATACAT,AGGAGA,58.09954,45.9132136885755,70.53162,44.3529313574395,38.3948652936713,43.6417944191108,50.15566079313285,10.883486900734892
5,RBS_1by1_5,bps_noncore,First_Plate,TGTAAGAAGGAGATATACAT,AGGAGA,30.82338,21.973718715652,47.70339,21.2056788752271,21.1722417929108,21.75047081688,27.43814670011165,9.682068822852273
6,RBS_1by1_6,bps_noncore,First_Plate,TATAAGAAGGAGATATACAT,AGGAGA,51.83695,35.4026438995032,58.74364,29.7386741106696,31.8485059152596,37.0755130186844,40.7743211573528,10.71813073148339
8,RBS_1by1_8,bps_noncore,First_Plate,TTGAAGAAGGAGATATACAT,AGGAGA,57.18822,40.1977444663301,,45.2334113781767,38.6556928299406,44.8624221413001,45.2274981631495,6.5066001861896625
9,RBS_1by1_9,bps_noncore,First_Plate,TTAAAGAAGGAGATATACAT,AGGAGA,36.16774,27.1777393378885,69.79792,24.1350489453035,21.9453529617894,22.7601291979024,33.66398840714731,16.837569405983395
10,RBS_1by1_10,bps_noncore,First_Plate,TTTCAGAAGGAGATATACAT,AGGAGA,56.37248,30.9264531279906,51.61382,38.2239587643922,31.6803875979352,40.4878194937496,41.55081983067794,9.517056242589378
11,RBS_1by1_11,bps_noncore,First_Plate,TTTGAGAAGGAGATATACAT,AGGAGA,63.55034,44.897779461053,69.60175,42.0631485276073,39.3044699873868,38.6422922254702,49.676630033586214,12.244938153050748
12,RBS_1by1_12,bps_noncore,First_Plate,TTTTAGAAGGAGATATACAT,AGGAGA,65.10755,37.8506342548584,76.23269,37.0783703793485,32.3087711139946,38.3561007755377,47.82235275395652,16.588524021033276
13,RBS_1by1_13,bps_noncore,First_Plate,TTTACGAAGGAGATATACAT,AGGAGA,58.0788,37.1865573874997,76.09216,40.6795284764738,33.4215163190645,42.4834420974001,47.99033404673968,14.743560991781717
14,RBS_1by1_14,bps_noncore,First_Plate,TTTAGGAAGGAGATATACAT,AGGAGA,52.61771,36.7191236173622,76.85476,37.7335339514206,29.9416192635553,33.9510655140906,44.63630205773811,16.032102218776547
15,RBS_1by1_15,bps_noncore,First_Plate,TTTATGAAGGAGATATACAT,AGGAGA,36.81501,23.9464553420296,63.98509,24.6952110219412,20.3522098021829,20.5216626027394,31.719273128148853,15.445604701760802
16,RBS_1by1_16,bps_noncore,First_Plate,TTTAACAAGGAGATATACAT,AGGAGA,42.68765,29.7055221739268,51.96619,27.2308032294794,26.9592257055866,30.0287193383011,34.76301840788231,9.348566740143596
17,RBS_1by1_17,bps_noncore,First_Plate,TTTAAAAAGGAGATATACAT,AGGAGA,40.08404,25.1140718006925,42.43266,24.9608360482528,23.3457352398263,28.5527929756831,30.74835601074245,7.621655468197303
18,RBS_1by1_18,bps_noncore,First_Plate,TTTAATAAGGAGATATACAT,AGGAGA,41.37825,28.2187559874023,45.71376,27.33741648627,24.5371220609025,26.7427076892542,32.32133537063817,8.111415913774131
19,RBS_1by1_19,bps_noncore,First_Plate,TTTAAGCAGGAGATATACAT,AGGAGA,33.05537,21.9470245046012,50.39946,22.5475906493885,21.4979096286506,23.8448562839006,28.88203517775682,10.396588674278899
20,RBS_1by1_20,bps_noncore,First_Plate,TTTAAGGAGGAGATATACAT,AGGAGA,41.56641,38.5173091972369,50.84909,31.2219056419998,22.1938033738611,32.8096863262367,36.193034089889075,8.95556641668654
21,RBS_1by1_21,bps_core,First_Plate,TTTAAGTAGGAGATATACAT,AGGAGA,28.70282,23.4342121999834,53.35226,23.3785523433258,17.6536952249303,21.2807354845804,27.967045875469978,11.815408456890992
22,RBS_1by1_22,bps_core,First_Plate,TTTAAGACGGAGATATACAT,CGGAGA,38.14086,30.1165285722543,41.81748,27.8051960760375,25.7690884863071,30.0540322014263,32.28386422267087,5.735336305929894
23,RBS_1by1_23,bps_core,First_Plate,TTTAAGAGGGAGATATACAT,GGGAGA,17.19413,15.7509751581518,50.85724,14.4256547830233,14.8699802070958,14.4387778374203,21.256126330948536,13.272445632716652
24,RBS_1by1_24,bps_core,First_Plate,TTTAAGATGGAGATATACAT,TGGAGA,48.38563,30.4101298803439,33.56477,28.1751557650844,30.7123562009635,25.0427348066963,32.71512944218136,7.4731474948338
25,RBS_1by1_25,bps_core,First_Plate,TTTAAGAACGAGATATACAT,ACGAGA,48.9051,33.031041129424,69.51363,32.5247044155131,29.9620055057425,36.015558378478,41.65867323819293,13.874025615261562
26,RBS_1by1_26,bps_core,First_Plate,TTTAAGAAAGAGATATACAT,AAGAGA,25.20577,17.3197172364118,63.57943,14.5349979149782,14.2301417533457,15.7404426061561,25.10174991848197,17.60011791576707
27,RBS_1by1_27,bps_core,First_Plate,TTTAAGAATGAGATATACAT,ATGAGA,16.40183,14.4751012019608,36.59907,13.5156308111582,12.9018004593177,5.92918564640704,16.637103019807288,9.500572784626028
28,RBS_1by1_28,bps_core,First_Plate,TTTAAGAAGCAGATATACAT,AGCAGA,19.43222,13.7006632906307,32.79718,14.6612621281552,10.4689189958616,7.12115253597891,16.363566158437735,8.262750406973977
29,RBS_1by1_29,bps_core,First_Plate,TTTAAGAAGAAGATATACAT,AGAAGA,4.094299,10.30270525886,27.16343,6.79700512139644,9.22132844323976,6.87788584472345,10.742775611369941,7.603234759749883
30,RBS_1by1_30,bps_core,First_Plate,TTTAAGAAGTAGATATACAT,AGTAGA,13.73595,2.20689740549706,7.1228,10.8485346306729,6.84174087669846,5.11822469312073,7.6456912676648585,3.7469493036397012
31,RBS_1by1_31,bps_core,First_Plate,TTTAAGAAGGCGATATACAT,AGGCGA,3.855629,5.09390281276871,12.21905,10.3236643085159,9.0646765683026,6.94200310515656,7.916487632457295,2.916392128979478
32,RBS_1by1_32,bps_core,First_Plate,TTTAAGAAGGGGATATACAT,AGGGGA,22.46693,19.3448730032053,15.76945,17.4283688520767,13.7978945484861,16.7417265343273,17.59154048968257,2.7478527920927873
33,RBS_1by1_33,bps_core,First_Plate,TTTAAGAAGGTGATATACAT,AGGTGA,22.96256,19.6624677460825,34.85694,16.9946338512889,14.2632033600118,18.8141237786041,21.258988122664547,6.626442147065581
34,RBS_1by1_34,bps_core,First_Plate,TTTAAGAAGGACATATACAT,AGGACA,29.07655,20.1816481158184,35.25331,22.4444116185685,16.879975707983,22.151068189848,24.331160605369647,6.094578230699411
35,RBS_1by1_35,bps_core,First_Plate,TTTAAGAAGGAAATATACAT,AGGAAA,25.28329,19.3941051643901,38.10176,16.6507809513895,16.4937743926626,17.6975272450647,22.27020629225115,7.679444687493158
36,RBS_1by1_36,bps_core,First_Plate,TTTAAGAAGGATATATACAT,AGGATA,46.82615,33.6553489131591,43.13908,30.3848119444955,30.019442833052,25.590002576857,34.93580604459394,7.555789947839594
37,RBS_1by1_37,bps_core,First_Plate,TTTAAGAAGGAGCTATACAT,AGGAGC,31.86407,21.7545669118678,67.08918,21.5449384547329,18.6408195241974,20.1701591146243,30.177289000903738,17.049073421337926
38,RBS_1by1_38,bps_core,First_Plate,TTTAAGAAGGAGGTATACAT,AGGAGG,29.32302,22.6866044356542,46.64531,19.2417869542687,17.9899197700288,19.1012924327375,25.831322265448204,10.045779868301224
39,RBS_1by1_39,bps_noncore,First_Plate,TTTAAGAAGGAGTTATACAT,AGGAGT,28.97258,17.606108127821,45.23184,18.2371906899905,17.4561482792382,18.5542443690221,24.343018577678635,10.176620962828615
40,RBS_1by1_40,bps_noncore,First_Plate,TTTAAGAAGGAGACATACAT,AGGAGA,32.67012,25.0278987665897,40.61389,32.3933418335796,23.708214576376,27.0086431278367,30.23701805073033,5.750823013121333
41,RBS_1by1_41,bps_noncore,First_Plate,TTTAAGAAGGAGAGATACAT,AGGAGA,38.54666,25.355344461352,44.1097,29.0618445564047,23.1482217573819,27.1837651236961,31.234255983139118,7.531264932794893
42,RBS_1by1_42,bps_noncore,First_Plate,TTTAAGAAGGAGAAATACAT,AGGAGA,3.567222,5.61783014631719,43.19371,6.87393928963104,5.87172347072313,6.13811723562609,11.877090357049575,14.04157327895512
43,RBS_1by1_43,bps_noncore,First_Plate,TTTAAGAAGGAGATCTACAT,AGGAGA,4.318653,5.41724489389713,14.29713,5.92967067641696,6.3098615913942,7.55321493492494,7.304295849438872,3.27401915493959
44,RBS_1by1_44,bps_noncore,First_Plate,TTTAAGAAGGAGATGTACAT,AGGAGA,43.97883,37.0122773505695,4.852113,30.5561633077648,27.6029679913516,35.9773811414145,29.996622131850064,12.37457096428092
45,RBS_1by1_45,bps_noncore,First_Plate,TTTAAGAAGGAGATTTACAT,AGGAGA,35.73244,28.3227045592672,54.23715,27.1877446048192,22.0260930658765,25.9867425411163,32.24881246184653,10.648700164600202
46,RBS_1by1_46,bps_noncore,First_Plate,TTTAAGAAGGAGATACACAT,AGGAGA,38.97075,25.9216236114099,47.02431,29.9043709100532,23.0535027186436,27.179305670378,32.00897715174745,8.35601570957562
47,RBS_1by1_47,bps_noncore,First_Plate,TTTAAGAAGGAGATAGACAT,AGGAGA,50.10345,36.3538113675366,47.75856,35.0955900540214,31.4075696138237,32.4996558124051,38.869772807964466,7.326247623872617
48,RBS_1by1_48,bps_noncore,First_Plate,TTTAAGAAGGAGATAAACAT,AGGAGA,71.74603,43.3772972301697,67.81084,49.2026301076817,39.7876195682437,40.0752838826143,51.99995013145156,12.996190043708017
49,RBS_1by1_49,bps_noncore,First_Plate,TTTAAGAAGGAGATATCCAT,AGGAGA,51.00143,30.5935251349106,82.43703,37.1288473580848,31.8451363658838,35.2930782289423,44.71650784797024,18.13763352772642
50,RBS_1by1_50,bps_noncore,First_Plate,TTTAAGAAGGAGATATGCAT,AGGAGA,33.1676,24.2499694582627,67.16934,21.9914684361867,18.8434332091288,21.8639868378099,31.214299656898017,16.686369215765858
51,RBS_1by1_51,bps_noncore,First_Plate,TTTAAGAAGGAGATATTCAT,AGGAGA,47.30523,28.9565465930705,42.53908,29.0709027878072,23.6462021866091,25.327369986695,32.807555259030295,8.884082657024651
52,RBS_1by1_52,bps_noncore,First_Plate,TTTAAGAAGGAGATATAAAT,AGGAGA,39.71959,26.3713973806905,53.89303,30.5185556798774,29.4084406489209,33.0922586040484,35.50054538558953,9.193829251347255
53,RBS_1by1_53,bps_noncore,First_Plate,TTTAAGAAGGAGATATAGAT,AGGAGA,38.25181,26.9175312936838,42.6818,30.0369475238794,23.5818661965067,27.5971112795112,31.511177715596855,6.729137700514773
54,RBS_1by1_54,bps_noncore,First_Plate,TTTAAGAAGGAGATATATAT,AGGAGA,40.38633,26.2036484531875,44.78689,32.2998230955639,22.7058262794547,30.7349893071993,32.8529178559009,7.650052024561197
55,RBS_1by1_55,bps_noncore,First_Plate,TTTAAGAAGGAGATATACCT,AGGAGA,39.55101,28.4305349444004,43.09117,29.940182531718,25.5368184106771,33.9059491349454,33.40927750362348,6.198181354814695
56,RBS_1by1_56,bps_noncore,First_Plate,TTTAAGAAGGAGATATACGT,AGGAGA,42.6091,32.6804880713085,52.6027,34.4390624003664,24.1136702242424,32.3962705532655,36.47354854153047,8.997330602933316
57,RBS_1by1_57,bps_noncore,First_Plate,TTTAAGAAGGAGATATACTT,AGGAGA,44.16422,31.2043199906474,54.20798,31.9382486522844,23.7012563631277,29.5299642157937,35.790998203642204,10.251339442894796
58,RBS_1by1_58,bps_noncore,First_Plate,TTTAAGAAGGAGATATACAC,AGGAGA,46.53873,29.1751522295213,54.33678,34.4090433315586,29.8368526732785,35.9694972349611,38.37767591155325,9.133065202326053
59,RBS_1by1_59,bps_noncore,First_Plate,TTTAAGAAGGAGATATACAG,AGGAGA,23.19226,12.9026795019774,55.67585,15.4151223879278,16.2773003126845,14.83476766639,23.049663311496616,14.9392397075655
60,RBS_1by1_60,bps_noncore,First_Plate,TTTAAGAAGGAGATATACAA,AGGAGA,73.86549,43.1831727770489,40.65514,47.4338738485415,48.0480278241415,45.6122974811656,49.79966698848292,11.051119755093872
61,RBS_RU_0,uni random,First_Plate,TTTAAGAGTTGACTATACAT,GTTGAC,47.50604,33.7559427295161,89.85662,30.9953256548985,28.867128747305,33.7643441146443,44.124233541060654,21.30283243454887
62,RBS_RU_1,uni random,First_Plate,TTTAAGATACCTGTATACAT,TACCTG,12.62052,8.17776243244393,66.76438,13.8595181761621,5.8523965066437,13.0997921917864,20.062394884506023,21.081504427892476
63,RBS_RU_2,uni random,First_Plate,TTTAAGAGAAGCGTATACAT,GAAGCG,12.71591,4.76519265748893,32.50098,10.7791724088733,4.22022080509459,7.40940123746466,12.065146184820248,9.628158897618157
64,RBS_RU_3,uni random,First_Plate,TTTAAGAGTATGCTATACAT,GTATGC,18.18162,7.57529683026882,10.47365,7.6740038206439,9.5769138980661,9.34197829559052,10.470577140761558,3.5994451233318148
65,RBS_RU_4,uni random,First_Plate,TTTAAGATCACTTTATACAT,TCACTT,2.285011,6.82506893465121,10.42136,8.54109488496616,10.6740662785829,4.92623401792636,7.278805852687772,2.990966175800109
66,RBS_RU_5,uni random,First_Plate,TTTAAGAGAAGCCTATACAT,GAAGCC,2.512394,11.3625378363528,20.98796,5.82947247033784,10.717208322091,11.4596544211634,10.478204508324174,5.734722011568475
67,RBS_RU_6,uni random,First_Plate,TTTAAGAATAGAATATACAT,ATAGAA,5.246637,6.69179365789406,12.87788,11.1002631547703,10.7683479088705,5.92103683932217,8.767659760142836,2.9196970587850815
68,RBS_RU_7,uni random,First_Plate,TTTAAGATCTGACTATACAT,TCTGAC,3.539546,12.7065303234743,13.95761,11.2176569289928,10.5783967456933,7.82647117721775,9.97103519589636,3.446299323585115
69,RBS_RU_8,uni random,First_Plate,TTTAAGATAAGTATATACAT,TAAGTA,12.43055,12.2883984596519,15.95393,7.36080243131667,8.65626465696831,11.5245318604395,11.36907956806273,2.7821615082392266
70,RBS_RU_9,uni random,First_Plate,TTTAAGAGATAAATATACAT,GATAAA,16.55925,11.3956353465009,14.90295,7.06007083787328,11.7414573357705,7.78349304537925,11.573809427587321,3.433607937474818
71,RBS_RU_10,uni random,First_Plate,TTTAAGAGGTCAATATACAT,GGTCAA,23.67912,17.5397735730398,32.91674,18.9132505173209,15.6735921434102,15.7040402500657,20.7377527473061,6.076172522370852
72,RBS_RU_11,uni random,First_Plate,TTTAAGACGATCCTATACAT,CGATCC,29.36959,19.1887725677855,45.35789,17.079993115501,18.7647880834035,15.0205255453067,24.13025988533278,10.519529189195449
73,RBS_RU_12,uni random,First_Plate,TTTAAGAACAGACTATACAT,ACAGAC,19.61566,12.4890034130825,48.22596,13.1866797056058,11.6115925804387,9.26114080144404,19.065006083428504,13.417228554478612
74,RBS_RU_13,uni random,First_Plate,TTTAAGAGTTATATATACAT,GTTATA,22.03343,12.7307511266014,36.40934,12.0135743576053,11.0212630611852,7.71833733473445,16.987782646687723,9.72147524010329
75,RBS_RU_14,uni random,First_Plate,TTTAAGAGGAACATATACAT,GGAACA,20.21415,11.5617172966071,32.78428,10.2353025730962,8.65263156463936,9.86665476247707,15.55245603280329,8.590704067304591
76,RBS_RU_15,uni random,First_Plate,TTTAAGACCCGAATATACAT,CCCGAA,38.30749,26.092047759046,11.96909,26.00441221881,21.477357509413,24.7226853781633,24.76218047757205,7.759315718391011
77,RBS_RU_16,uni random,First_Plate,TTTAAGAAATGTCTATACAT,AATGTC,2.849156,12.3028665794186,41.55543,10.2922319927797,8.32621758676847,8.52819424268076,13.97568273360792,12.664910625962559
78,RBS_RU_17,uni random,First_Plate,TTTAAGACGTACCTATACAT,CGTACC,17.7694,11.7345705352473,10.03756,12.4970127608154,12.1284998407834,4.17517682869349,11.3903699942566,4.009760986365076
79,RBS_RU_18,uni random,First_Plate,TTTAAGAACCGTGTATACAT,ACCGTG,21.08405,12.0690740654514,28.82528,11.9138280265471,11.7073849705144,9.82066428120883,15.90338022395362,6.8195683271327505
80,RBS_RU_19,uni random,First_Plate,TTTAAGAGGACACTATACAT,GGACAC,0.708258,13.9831766434003,32.90795,11.0447091184299,12.0176488179126,12.788715375313,13.908409659175966,9.559128270271438
81,RBS_RU_20,uni random,First_Plate,TTTAAGAATCCCATATACAT,ATCCCA,20.77001,15.1244360198307,32.29348,12.2429104507836,11.8933724868456,12.4716476654152,17.465976103812515,7.297624775475145
82,RBS_RU_21,uni random,First_Plate,TTTAAGAGAGCGATATACAT,GAGCGA,18.35853,9.35993411800132,35.41892,13.0566724021413,11.8892917324195,13.1993981205612,16.880457728853887,8.713025005390676
83,RBS_RU_22,uni random,First_Plate,TTTAAGAATATGCTATACAT,ATATGC,46.04245,27.2241961999353,38.03884,27.5615438326459,24.75041120325,29.0066892484621,32.10402174738221,7.501307768960482
84,RBS_RU_23,uni random,First_Plate,TTTAAGACAACATTATACAT,CAACAT,35.04078,20.4572867051876,61.10854,19.0248644853357,20.217338927014,16.0407390014935,28.648258186505135,15.728243651912061
85,RBS_RU_24,uni random,First_Plate,TTTAAGAGCTACATATACAT,GCTACA,41.26278,26.0038628260927,56.10273,23.6864984892036,27.2903666766863,25.4667548294426,33.30216547023753,11.73668596174002
86,RBS_RU_25,uni random,First_Plate,TTTAAGAGAAGACTATACAT,GAAGAC,23.49241,17.1643919376333,61.07534,15.9000428778351,17.7696158758996,15.8680790390697,25.211646621739618,16.244540756408618
87,RBS_RU_26,uni random,First_Plate,TTTAAGACTCCGTTATACAT,CTCCGT,31.04444,18.5043678218635,43.16569,18.8038172311042,18.4427988189577,15.8708341838823,24.305324675967952,9.75155183702251
88,RBS_RU_27,uni random,First_Plate,TTTAAGATTACTATATACAT,TTACTA,25.85005,17.0914214980466,51.64197,15.5264757173783,17.4170290450032,15.178484388044,23.78423844141202,12.960874373504293
89,RBS_RU_28,uni random,First_Plate,TTTAAGACGAGACTATACAT,CGAGAC,24.43934,16.0902706794362,38.23671,14.2990608207652,18.5387590368617,15.4858028658515,21.1816572338191,8.308703670990608
90,RBS_1by1_0,reference,Second_Plate,TTTAAGAAGGAGATATACAT,AGGAGA,80.9197,52.4024308742318,98.72044,61.6221650361057,54.1514848350971,45.4991952513712,65.55256933280096,18.514647844015187
91,RBS_BA_00,bandit,Second_Plate,TTTAAGACGGATTTATACAT,CGGATT,43.2914691132013,29.6957218351174,56.6719745468032,26.2061768286446,28.4482623905934,23.2621687795412,34.59596224898351,11.716171886677174
92,RBS_BA_01,bandit,Second_Plate,TTTAAGATTCGGATATACAT,TTCGGA,36.1721672391748,28.1856200104315,53.0492132432282,23.4109729790385,22.7815101881639,17.2585858043655,30.1430115774004,11.76432919457749
93,RBS_BA_02,bandit,Second_Plate,TTTAAGACTCGGATATACAT,CTCGGA,39.0731690627871,25.6725765944549,50.7915049963312,22.8664248074413,20.6679366849243,17.6555852007256,29.45453289111073,11.704061556179106
94,RBS_BA_03,bandit,Second_Plate,TTTAAGAACCGGATATACAT,ACCGGA,37.567211661428,22.032648252148,48.479264650928,22.5496777236251,20.8474224216453,14.4400166181033,27.652706887979615,11.62293680411002
95,RBS_BA_04,bandit,Second_Plate,TTTAAGAGCCGGATATACAT,GCCGGA,37.9594041443196,26.9483345875681,47.6398830110347,23.571594743846,19.5712612716571,16.1518751561084,28.64039215242232,10.913238100759871
96,RBS_BA_05,bandit,Second_Plate,TTTAAGAATCGGATATACAT,ATCGGA,32.4895378467977,27.4647372668941,44.1001461270767,19.889512352734,19.7120943595311,15.3407742372113,26.499467031707482,9.66844483483885
97,RBS_BA_06,bandit,Second_Plate,TTTAAGACCGGATTATACAT,CCGGAT,38.0939212539413,28.0114924694659,48.133595112397,22.2409448940745,20.8003275979006,16.5078180107508,28.964683223088354,10.94484348499916
98,RBS_BA_07,bandit,Second_Plate,TTTAAGATAAAGATATACAT,TAAAGA,31.2815253129857,20.7448747737654,40.7927366950502,20.0314310018762,17.0593774488521,14.5013371018462,24.068547055729297,9.126250076760698
99,RBS_BA_08,bandit,Second_Plate,TTTAAGACGATAATATACAT,CGATAA,25.3407349707189,23.5958588022674,37.2423280572798,18.5295483094653,15.4131932253265,15.5613051110312,22.61382807934818,7.535051215238169
100,RBS_BA_09,bandit,Second_Plate,TTTAAGAACACACTATACAT,ACACAC,29.5690917076259,20.1011383444583,39.1516563671984,19.0135906839539,16.1302770577823,12.3811046721085,22.724476472187888,9.016858094716879
101,RBS_BA_10,bandit,Second_Plate,TTTAAGATATATATATACAT,TATATA,35.1800362466179,24.2038285467745,43.0293988356099,21.6419152039951,18.025865508528,16.9548948773747,26.505989869816684,9.489970304197701
102,RBS_BA_11,bandit,Second_Plate,TTTAAGACTCTCTTATACAT,CTCTCT,54.3271845688148,28.7224359705378,59.9032911215685,27.1189303409467,24.4788037184405,21.7488586289391,36.049917391541236,15.137742020163005
103,RBS_BA_12,bandit,Second_Plate,TTTAAGAGTGTGTTATACAT,GTGTGT,27.8407812500046,24.2351791564609,48.1925323803716,19.502980880461,23.2929638376599,14.2181358747037,26.213762229943615,10.701160532228226
104,RBS_BA_13,bandit,Second_Plate,TTTAAGAATATATTATACAT,ATATAT,24.3239752159503,20.3629103062242,37.2176523755373,19.7624291901862,18.9372067403552,13.8672731259572,22.411907825701736,7.293473464215595
105,RBS_BA_14,bandit,Second_Plate,TTTAAGATGTGTGTATACAT,TGTGTG,25.5890437532052,17.4790893192209,37.8929437015697,18.3527326210861,17.9290942250482,12.0841608136802,21.554510738968386,8.295716402536522
106,RBS_BA_15,bandit,Second_Plate,TTTAAGATCTCTCTATACAT,TCTCTC,15.8213701932972,17.1806167297597,34.2372101218662,8.06062800054043,15.1540301954776,11.9142748180138,17.06135500982582,8.243231503046593
107,RBS_BA_16,bandit,Second_Plate,TTTAAGACACACATATACAT,CACACA,7.71199366178979,7.73006084032916,29.9253941210988,16.2426861927075,14.0454936242436,6.10185663617084,13.626247512723282,8.155198472769857
108,RBS_BA_17,bandit,Second_Plate,TTTAAGACTAAGATATACAT,CTAAGA,20.9525317432924,8.6478545553018,15.5688497401156,6.85309119131496,13.5611993691375,7.70797384653297,12.215250074282537,5.0198422759896975
109,RBS_BA_18,bandit,Second_Plate,TTTAAGAATAAGATATACAT,ATAAGA,13.2274458305742,14.914491402997,29.3673420388835,6.29124308005476,13.4848841211061,11.8603078790321,14.857619058774612,7.040878651407462
110,RBS_BA_19,bandit,Second_Plate,TTTAAGATAAGATTATACAT,TAAGAT,18.1375819555207,8.56453919578373,16.4964186456031,5.98912837636643,12.8601746947795,11.4004213979966,12.24137737767501,4.21446869496757
111,RBS_BA_20,bandit,Second_Plate,TTTAAGATTAAGATATACAT,TTAAGA,10.9290357186863,10.1388022635022,11.1797560387321,6.98730322247682,12.5138200273625,10.9715890187113,10.453384381578536,1.7019827449999254
112,RBS_BA_21,bandit,Second_Plate,TTTAAGAGGTCGATATACAT,GGTCGA,16.6588551878774,16.2085117033401,15.3703106842965,4.60500862500583,12.7251082253039,10.2260478090571,12.632307039146804,4.217724685327209
113,RBS_BA_22,bandit,Second_Plate,TTTAAGAGGTAGATATACAT,GGTAGA,46.2270248338777,27.1362564576435,55.5725819531791,33.2921373569295,29.7810288985843,24.9827720310212,36.165300255205885,11.056426785506048
115,RBS_BA_24,bandit,Second_Plate,TTTAAGAGGGGGATATACAT,GGGGGA,33.5530728803803,30.1395177186732,68.368574614275,38.0974288042706,41.9067103892888,31.6320594855113,40.61622731539987,13.029244920842025
116,RBS_BA_25,bandit,Second_Plate,TTTAAGAGGGGATTATACAT,GGGGAT,33.8280084725636,32.6008286842599,66.7735430399379,43.8196890949548,42.3487107783954,35.8370606817942,42.53464012531763,11.608574058042457
117,RBS_BA_26,bandit,Second_Plate,TTTAAGAGGGATCTATACAT,GGGATC,20.2276698477915,14.624173517582,34.7157013022442,15.9738651575256,15.3896542491626,12.4974482175872,18.90475204864885,7.439300294782823
118,RBS_BA_27,bandit,Second_Plate,TTTAAGAGGGATTTATACAT,GGGATT,24.2596807029942,14.703895994216,24.3081165236704,16.937361861757,16.2920133749259,12.1120741060064,18.10219042726165,4.627664464094964
119,RBS_BA_28,bandit,Second_Plate,TTTAAGAGGGATGTATACAT,GGGATG,24.3905582754543,16.4364485899713,20.3078988353668,9.87837496588225,15.3925166248267,12.2926324551701,16.44973829111191,4.8222447048407995
120,RBS_BA_29,bandit,Second_Plate,TTTAAGAGGGATATATACAT,GGGATA,19.9747984889786,17.3086253728578,27.9085178300752,17.0637739366988,16.0963937792769,12.7503769864864,18.51708106572895,4.708345325660701
121,RBS_BA_30,bandit,Second_Plate,TTTAAGAGGATCTTATACAT,GGATCT,13.4036570899919,10.6837430730866,8.89858956733271,4.29491593634595,11.8919119535608,3.45675388750533,8.77159525130388,3.722745547302905
122,RBS_BA_31,bandit,Second_Plate,TTTAAGAGGATTTTATACAT,GGATTT,33.0996304146669,25.6546299651711,44.7734363778073,25.7572128605508,24.0585425889761,22.5717123397904,29.319194091160437,7.664256956631866
123,RBS_BA_32,bandit,Second_Plate,TTTAAGAGGATAGTATACAT,GGATAG,33.3502894149183,22.8695898749681,39.3504615720134,23.8660684271953,20.7245652492678,19.6370134963293,26.63299800578204,7.217206296764756
124,RBS_BA_33,bandit,Second_Plate,TTTAAGAGGATTATATACAT,GGATTA,38.617411674998,29.5335086772943,49.4163613616941,30.6665887467823,28.9232183116938,20.2157352286859,32.89547066685807,9.115057330587772
125,RBS_BA_34,bandit,Second_Plate,TTTAAGAGGATATTATACAT,GGATAT,51.1597869573788,30.2693650685914,67.884784136668,33.3134525123866,31.8426254120945,31.2088420607851,40.94647602465073,14.023489352055654
126,RBS_BA_35,bandit,Second_Plate,TTTAAGAGGATACTATACAT,GGATAC,51.3576600900806,39.7250750803069,63.4740212878535,30.3735591807418,28.9504845790049,30.8225540486193,40.783892377767835,12.750166315074372
127,RBS_BA_36,bandit,Second_Plate,TTTAAGAGGATGCTATACAT,GGATGC,41.3274560741699,38.2284603991078,55.5377528491054,26.9775351261989,33.7321493011835,26.2304451877129,37.0056331562464,9.92468339139891
128,RBS_BA_37,bandit,Second_Plate,TTTAAGAGGATGTTATACAT,GGATGT,32.7880371244345,32.3702273047048,51.9281013032231,29.6436302670895,30.7405571104213,26.7766392314504,34.04119872355393,8.239240573546398
129,RBS_BA_38,bandit,Second_Plate,TTTAAGAGGATTCTATACAT,GGATTC,27.8306616475952,20.5859772171644,36.3189909391992,18.2097121266893,20.1261614699574,13.7061730116515,22.79627940204283,7.347225451274955
130,RBS_BA_39,bandit,Second_Plate,TTTAAGAGGATCGTATACAT,GGATCG,12.5357345220273,15.0058781721867,30.9533431320761,16.3689830086593,14.7849995018618,10.6280465185802,16.7128308092319,6.633417628922113
131,RBS_BA_40,bandit,Second_Plate,TTTAAGAGGATTGTATACAT,GGATTG,35.5737759860612,25.094961225374,39.840825770314,25.7658242220584,22.7707941779741,21.0332755702298,28.346576158668583,6.906002001951067
132,RBS_BA_41,bandit,Second_Plate,TTTAAGAGGATCCTATACAT,GGATCC,16.8648942754913,13.6050521858432,21.9901476793493,10.6171845701851,13.5924599682598,11.7611146208515,14.7384755499967,3.776155958697344
133,RBS_BA_42,bandit,Second_Plate,TTTAAGAGGATGATATACAT,GGATGA,31.7114980874526,22.0329749882372,42.1249041868338,24.8983044164498,23.2895618967193,20.3432026758252,27.400074375252984,7.49632517950605
134,RBS_BA_43,bandit,Second_Plate,TTTAAGAGGATCATATACAT,GGATCA,11.3226358021361,10.9588254284464,4.96349772159349,13.3142024887359,13.1110652994561,7.47143010077042,10.190276140189736,3.02418495851035
135,RBS_BA_44,bandit,Second_Plate,TTTAAGACCCCGATATACAT,CCCCGA,11.30373630427,5.340197014859,11.7998231711885,11.7590603130572,6.50292788092946,6.90082759547247,8.934428713296105,2.731570941192361
136,RBS_BA_45,bandit,Second_Plate,TTTAAGATTTTTGTATACAT,TTTTTG,12.4959989809208,8.78233189162012,15.6518817707121,7.40018836239796,10.7244515207434,8.00963814442353,10.51074844513632,2.8675396281140855
137,RBS_BA_46,bandit,Second_Plate,TTTAAGATTTTTATATACAT,TTTTTA,32.375038630985,17.6126129429583,35.3470097258351,16.2287362832042,15.671395483422,13.201125278419,21.73931972413727,8.712103186076378
138,RBS_BA_47,bandit,Second_Plate,TTTAAGAGTTTTTTATACAT,GTTTTT,41.8209833692379,22.8054139098118,48.7038483450392,24.1188104142906,22.2697840064692,20.5375973688385,30.042739568947866,10.99395586613041
139,RBS_BA_48,bandit,Second_Plate,TTTAAGACTTTTTTATACAT,CTTTTT,9.31614495417997,18.5998404357594,33.5949007982524,15.484879540069,17.8382742240842,12.7779971784936,17.935339521806426,7.6655755564543036
140,RBS_BA_49,bandit,Second_Plate,TTTAAGACCCCCTTATACAT,CCCCCT,13.7706451668966,10.911718988827,21.5739578365497,15.8978863506457,3.83174183357278,12.1637720022437,13.024953696455915,5.348174280190818
141,RBS_BA_50,bandit,Second_Plate,TTTAAGACCCCCGTATACAT,CCCCCG,38.4358441690406,22.9579369802218,45.1815565160317,23.9305174776574,25.6099054647453,20.9235165064359,29.50654618568878,9.020965371415043
142,RBS_BA_51,bandit,Second_Plate,TTTAAGACCCCCATATACAT,CCCCCA,14.1052078835217,2.17662085774859,13.2871021662867,13.0447411335072,4.3208021293112,9.40953975475675,9.390668987522023,4.627953259830686
143,RBS_BA_52,bandit,Second_Plate,TTTAAGATTTTTCTATACAT,TTTTTC,11.7809906833772,6.3586127115048,10.9249525698736,6.56805904665864,0.951690505261933,5.57461583918987,7.02648689264434,3.5932954616537574
144,RBS_BA_53,bandit,Second_Plate,TTTAAGAGCCCCCTATACAT,GCCCCC,11.2887804732241,8.52047319432373,15.1856807994125,12.4447912733404,5.56041955731948,9.79081039482349,10.46515928207395,3.032425878517707
145,RBS_BA_54,bandit,Second_Plate,TTTAAGAATTTTTTATACAT,ATTTTT,9.4252011661393,7.34528277545502,21.3087239105551,7.13960066768275,12.897622769928,10.3439888246888,11.410070019074828,4.831007475039735
146,RBS_BA_55,bandit,Second_Plate,TTTAAGAACCCCCTATACAT,ACCCCC,10.4914316626714,9.39223030013991,9.12009661256426,2.43640375858507,4.49098106286994,9.94784613165222,7.646498254747133,3.04716518663119
147,RBS_BA_56,bandit,Second_Plate,TTTAAGATCCCCCTATACAT,TCCCCC,12.7013272388781,7.76719422856364,23.7568579195042,5.73820642837433,11.7916656958004,9.87330641931882,11.938092988406583,5.779064303842341
148,RBS_BA_57,bandit,Second_Plate,TTTAAGAGGATAATATACAT,GGATAA,41.2821934217344,21.7775818178498,46.0994057637741,23.9509365509563,26.1051604667187,17.2792513838729,29.4157549008177,10.532625899666703
149,RBS_BA_58,bandit,Second_Plate,TTTAAGACCCCCCTATACAT,CCCCCC,35.748057484681,19.2851156443872,39.4892799740373,17.203586166923,16.3879401160716,13.8077083486627,23.65361462246047,10.06199443498916
150,RBS_BA_59,bandit,Second_Plate,TTTAAGATTTTTTTATACAT,TTTTTT,43.230990597927,23.5679526326795,49.4431075304558,21.7288399734301,21.2820328909435,18.4272743580634,29.613366330583215,12.054811486816165
151,RBS_RP_30,prob random,Second_Plate,TTTAAGAGAAAGATATACAT,GAAAGA,28.3431513031242,20.1611140537659,35.7647449211604,15.9303746611377,18.9007452496797,14.2398343570955,22.223327424327234,7.521656781790295
152,RBS_RP_31,prob random,Second_Plate,TTTAAGACGGGGGTATACAT,CGGGGG,35.1025495372976,29.8283502480783,58.6581166311324,35.4534979483274,34.7118704026209,30.2114155794198,37.327633391146065,9.807946749804412
153,RBS_RP_32,prob random,Second_Plate,TTTAAGATGAGGGTATACAT,TGAGGG,39.906818657272,23.2279913968411,48.3246633229584,26.9543122701168,26.9712658110474,25.7502440727694,31.85588258850085,9.088843997007418
154,RBS_RP_33,prob random,Second_Plate,TTTAAGACCGGGATATACAT,CCGGGA,12.8834680714639,13.0456101825117,30.0552307140729,14.8976775228623,5.85214596229158,8.96396860704925,14.28301684337527,7.659441973767959
155,RBS_RP_34,prob random,Second_Plate,TTTAAGAAAGGGTTATACAT,AAGGGT,33.7373303531452,21.6539613447664,34.524237804421,19.8974072284439,20.3687580918471,16.9953812399239,24.529512677091247,6.933958084549016
156,RBS_RP_35,prob random,Second_Plate,TTTAAGACTGTAGTATACAT,CTGTAG,13.5992345586099,15.0135603156001,29.3171417082653,13.4545473276771,6.93049593587882,7.29068699944834,14.267611140913262,7.423648479653253
157,RBS_RP_36,prob random,Second_Plate,TTTAAGACTGACATATACAT,CTGACA,16.057044062449,8.47447039504124,17.3721078055603,9.27043110596517,13.0793445985806,10.7545790456681,12.501329502210735,3.32683845513
158,RBS_RP_37,prob random,Second_Plate,TTTAAGACGTGTGTATACAT,CGTGTG,12.5012290267071,11.8867956803773,26.8864558318648,10.7349653145068,13.5495823652299,10.9464190374499,14.4175745426893,5.655589625601687
159,RBS_RP_38,prob random,Second_Plate,TTTAAGAGAGGGGTATACAT,GAGGGG,12.6287951521309,9.25830737412669,21.8763547726465,13.4735837519832,12.4157563905103,10.6472888007777,13.383347707029216,4.044479162201465
160,RBS_RP_39,prob random,Second_Plate,TTTAAGACTAGGATATACAT,CTAGGA,31.1923488547453,19.0335929953297,31.5318535257649,17.4541468624236,17.7036928365458,13.8736056593013,21.798206789018433,6.94108634140511
161,RBS_RP_40,prob random,Second_Plate,TTTAAGAATTGGGTATACAT,ATTGGG,36.8066094317311,18.8680315452085,39.0923804584606,18.5555633043351,19.1437993901208,13.5331387766319,24.333253817748,9.833952272478266
162,RBS_RP_41,prob random,Second_Plate,TTTAAGATACTGATATACAT,TACTGA,32.9724665380595,27.798918791793,48.1963007999639,20.6482158346003,22.0921588413162,17.7800855502291,28.248024392660337,10.211801142651959
163,RBS_RP_42,prob random,Second_Plate,TTTAAGAAGAGCGTATACAT,AGAGCG,26.6088145321251,23.7637805160805,37.6615644155652,18.1392389531941,19.3698431010833,15.1283020739168,23.445257265327502,7.372782324494016
164,RBS_RP_43,prob random,Second_Plate,TTTAAGAAGGGGTTATACAT,AGGGGT,34.9339328201663,32.2951506241487,54.153157767716,30.4524248313294,33.4593572146489,28.279497006719,35.59558671078805,8.565968196905436
165,RBS_RP_45,prob random,Second_Plate,TTTAAGACAAGCCTATACAT,CAAGCC,11.1568150331213,14.7625467126233,33.0999405198864,13.5164926843735,6.21411647978478,11.2036270818873,14.992256418612763,8.526809996692043
166,RBS_RP_46,prob random,Second_Plate,TTTAAGACAATTGTATACAT,CAATTG,19.5566621008123,8.00776931530421,31.9655863492431,14.8797076980373,14.1597317187858,10.974608217191,16.590677566562285,7.737660595268765
167,RBS_RP_47,prob random,Second_Plate,TTTAAGATATTTTTATACAT,TATTTT,20.969597726127,18.0182909329602,21.197224098081,13.8692700260781,14.8767585556466,7.19192009930584,16.02051023969979,4.815997080161934
168,RBS_RP_48,prob random,Second_Plate,TTTAAGATCCGGCTATACAT,TCCGGC,16.1213717000777,14.1144726639944,30.4999440543901,14.6009046229262,6.60998558766251,11.9027207234912,15.641566558757019,7.302568164942647
169,RBS_RP_49,prob random,Second_Plate,TTTAAGATGGGAGTATACAT,TGGGAG,47.6305396235295,31.490936844283,57.5672490517333,34.9878323047246,32.741801452917,29.2674636273474,38.9476371507558,10.21096904253615
170,RBS_RP_50,prob random,Second_Plate,TTTAAGAAAAGTGTATACAT,AAAGTG,19.5492181970274,15.5255679161712,33.6806730357529,15.678914388487,15.7161722499069,12.0382701341108,18.698135986909367,7.043052906685973
171,RBS_RP_51,prob random,Second_Plate,TTTAAGACGGGAGTATACAT,CGGGAG,36.8572055719797,26.2743616967429,45.0100313422842,25.1962450387173,24.1691530326312,20.3445192901674,29.641919328753783,8.521898312969853
172,RBS_RP_52,prob random,Second_Plate,TTTAAGATAAGAGTATACAT,TAAGAG,27.7208058703003,19.1121678458699,34.4589250081287,14.9654140697121,15.3499100264417,11.3727357266263,20.4966597578465,8.055843192111606
173,RBS_RP_53,prob random,Second_Plate,TTTAAGATAAGGGTATACAT,TAAGGG,40.6835823319174,28.226382079064,50.4082207089654,22.3820767229033,23.1805700003422,20.9270700429737,30.967983647694336,10.916452483949886
174,RBS_RP_54,prob random,Second_Plate,TTTAAGATAGTCTTATACAT,TAGTCT,42.0122699933686,30.3493954887432,48.0656466861603,23.1923178269384,22.5295274363494,19.0204271136769,30.861597424206135,10.716293783468844
175,RBS_RP_55,prob random,Second_Plate,TTTAAGAAAGTAGTATACAT,AAGTAG,35.8552785224691,24.8710632018982,47.2826997559053,19.7548753086169,20.9144299178805,14.8823408310399,27.260114589634984,11.032481891696962
176,RBS_RP_57,prob random,Second_Plate,TTTAAGACCACGCTATACAT,CCACGC,27.8951530444221,24.1620366661614,39.2501515595216,19.173250809875,19.6699330440733,16.4532142440605,24.433956561352314,7.589868781907219
177,RBS_RP_58,prob random,Second_Plate,TTTAAGAGTAATGTATACAT,GTAATG,28.8073633950658,22.7990475034425,44.8388644861888,18.1055277675811,21.2415264785386,16.1350530250358,25.3212304426421,9.596429661389015
178,RBS_RP_59,prob random,Second_Plate,TTTAAGACATTGATATACAT,CATTGA,34.3949939181084,22.799845762143,42.5709692933133,18.3364883124431,21.1970647249735,14.8231130794318,25.687079181735516,9.673389759167904
179,RBS_BA_3385,bandit2,Third_Plate,TTTAAGATGCTATTATACAT,TGCTAT,19.20331081932234,24.45362671126741,24.91767159912287,,,,22.85820304323754,2.591333284985799
180,RBS_BA_3387,bandit2,Third_Plate,TTTAAGATGCTGGTATACAT,TGCTGG,17.61023800865986,24.14740489760085,20.68597604794695,,,,20.814539651402555,2.670335083039409
181,RBS_BA_1534,bandit2,Third_Plate,TTTAAGAGCGAATTATACAT,GCGAAT,19.1398619685645,23.0174355893349,21.09489923538584,,,,21.084065597761747,1.5830313372138802
182,RBS_BA_1896,bandit2,Third_Plate,TTTAAGAGTCTATTATACAT,GTCTAT,17.75236657101177,18.51594933657196,18.02042927931398,,,,18.096248395632568,0.3163079341028678
183,RBS_BA_2393,bandit2,Third_Plate,TTTAAGACGCTATTATACAT,CGCTAT,17.372920501433,16.25635176418861,14.49642264234447,,,,16.04189830265536,1.1840756447423224
184,RBS_BA_3384,bandit2,Third_Plate,TTTAAGATGCTACTATACAT,TGCTAC,16.17888348298991,18.33953587014591,17.01918068629045,,,,17.17920001314209,0.8893103407529783
185,RBS_BA_1582,bandit2,Third_Plate,TTTAAGAGCGTATTATACAT,GCGTAT,17.71881140290003,17.67482819286364,16.5337919764578,,,,17.309143857407157,0.5485505355996875
186,RBS_BA_1584,bandit2,Third_Plate,TTTAAGAGCGTGGTATACAT,GCGTGG,19.65298929243904,20.13079756464824,18.91831184684485,,,,19.567366234644044,0.4986841919751912
187,RBS_BA_1707,bandit2,Third_Plate,TTTAAGAGCTTATTATACAT,GCTTAT,17.12063180536463,16.69121295528307,16.93002979940604,,,,16.91395818668458,0.17567746915478172
188,RBS_BA_3389,bandit2,Third_Plate,TTTAAGATGCTGTTATACAT,TGCTGT,16.19152959007284,16.02076296050723,14.78407163922008,,,,15.665454729933385,0.6271190343625898
189,RBS_BA_3357,bandit2,Third_Plate,TTTAAGATGCGGTTATACAT,TGCGGT,16.96970707077569,15.01080166188494,11.41671348360558,,,,14.465740738755406,2.2995293724630104
190,RBS_BA_3321,bandit2,Third_Plate,TTTAAGATGGTATTATACAT,TGGTAT,19.34772239407548,18.57116460571221,18.2900162352562,,,,18.736301078347964,0.4473165326305991
191,RBS_BA_1393,bandit2,Third_Plate,TTTAAGAGGCTATTATACAT,GGCTAT,34.03969451356674,34.92038410940959,39.07085148710031,,,,36.01031003669221,2.193792609205354
192,RBS_BA_1898,bandit2,Third_Plate,TTTAAGAGTCTGGTATACAT,GTCTGG,15.22514888443044,18.42129817654267,14.15623435680526,,,,15.934227139259457,1.8119577488105278
193,RBS_BA_3337,bandit2,Third_Plate,TTTAAGATGCAATTATACAT,TGCAAT,8.954677924341565,15.09112251057871,14.61086019424492,,,,12.885553543055066,2.7864553732259636
194,RBS_BA_1566,bandit2,Third_Plate,TTTAAGAGCGCATTATACAT,GCGCAT,12.04222552272264,14.57827132562549,12.9029987343951,,,,13.174498527581077,1.0529850210648175
195,RBS_BA_1540,bandit2,Third_Plate,TTTAAGAGCGACGTATACAT,GCGACG,14.8982025842705,15.53046337302092,12.21705428191122,,,,14.215240079734215,1.4363143314780542
196,RBS_BA_1709,bandit2,Third_Plate,TTTAAGAGCTTGGTATACAT,GCTTGG,9.811113922756698,10.29701106292569,9.754763531186484,,,,9.954296172289624,0.243425503806671
197,RBS_BA_2395,bandit2,Third_Plate,TTTAAGACGCTGGTATACAT,CGCTGG,9.564086252499154,10.7921879787532,9.766201677802973,,,,10.040825303018442,0.5376628833212044
198,RBS_BA_1691,bandit2,Third_Plate,TTTAAGAGCTCATTATACAT,GCTCAT,7.938165186850632,8.446303647555707,9.47317562094028,,,,8.619214818448874,0.6384815126301655
199,RBS_BA_1532,bandit2,Third_Plate,TTTAAGAGCGAAGTATACAT,GCGAAG,12.80966436996504,11.65310564429783,13.84549376661712,,,,12.76942126029333,0.8954909456563338
200,RBS_BA_1895,bandit2,Third_Plate,TTTAAGAGTCTACTATACAT,GTCTAC,14.44686016263555,9.554687191463168,6.987001020939094,,,,10.329516125012605,3.094365256471522
201,RBS_BA_1660,bandit2,Third_Plate,TTTAAGAGCTAATTATACAT,GCTAAT,14.44908288400034,9.273507754628804,9.609337760617878,,,,11.110642799749007,2.364611609452002
202,RBS_BA_1518,bandit2,Third_Plate,TTTAAGAGCATATTATACAT,GCATAT,19.52255304421369,15.91659144304214,15.11493223516835,,,,16.85135890747473,1.9169633901048808
203,RBS_BA_1644,bandit2,Third_Plate,TTTAAGAGCCTATTATACAT,GCCTAT,14.94263338641263,19.47314031234657,21.4025715783552,,,,18.606115092371464,2.7075819359697126
204,RBS_BA_2397,bandit2,Third_Plate,TTTAAGACGCTGTTATACAT,CGCTGT,6.569633786629351,12.68408732550512,9.560693241043,,,,9.60480478439249,2.496410074615161
205,RBS_BA_3323,bandit2,Third_Plate,TTTAAGATGGTGGTATACAT,TGGTGG,17.43743857354266,19.1883242770866,20.85987752821186,,,,19.161880126280373,1.397329970442009
206,RBS_BA_1679,bandit2,Third_Plate,TTTAAGAGCTGGTTATACAT,GCTGGT,13.07325648200801,9.147057910047442,8.519515198348104,,,,10.246609863467851,2.0150931811920643
207,RBS_BA_175,bandit2,Third_Plate,TTTAAGAAACTATTATACAT,AACTAT,8.37036052775578,9.317316279792156,6.930705550874269,,,,8.206127452807403,0.981226127531842
208,RBS_BA_2392,bandit2,Third_Plate,TTTAAGACGCTACTATACAT,CGCTAC,11.70761630893251,8.0191434188849,7.539940975334996,,,,9.088900234384136,1.8620175714888043
209,RBS_BA_557,bandit2,Third_Plate,TTTAAGAACGAATTATACAT,ACGAAT,8.628558075908195,7.647417561603464,8.886419645439826,,,,8.387465094317163,0.5337764265227235
210,RBS_BA_1520,bandit2,Third_Plate,TTTAAGAGCATGGTATACAT,GCATGG,10.96572630896745,6.931300332535775,10.31836649787781,,,,9.405131046460346,1.7691141817532898
211,RBS_BA_3888,bandit2,Third_Plate,TTTAAGATTCTATTATACAT,TTCTAT,10.37895798517688,9.309490650797773,1.624557266201778,,,,7.104335300725476,3.8993089623301485
212,RBS_BA_1581,bandit2,Third_Plate,TTTAAGAGCGTACTATACAT,GCGTAC,12.31632351975867,5.800280400379456,6.022887324658636,,,,8.04649708159892,3.020590650815415
213,RBS_BA_3394,bandit2,Third_Plate,TTTAAGATGCTTATATACAT,TGCTTA,12.0160308474839,5.280537113329202,3.869380022271366,,,,7.055315994361489,3.5547489338819855
214,RBS_BA_1711,bandit2,Third_Plate,TTTAAGAGCTTGTTATACAT,GCTTGT,19.4231503304322,16.03916016767158,14.41712717870609,,,,16.626479225603287,2.0854695243936323
215,RBS_BA_1395,bandit2,Third_Plate,TTTAAGAGGCTGGTATACAT,GGCTGG,26.39514764972269,26.0843625985774,36.52791638674616,,,,29.669142211682082,4.851545061482901
216,RBS_BA_2365,bandit2,Third_Plate,TTTAAGACGCGGTTATACAT,CGCGGT,9.391091284059923,14.67413039091663,9.7509341179622,,,,11.272051930979586,2.4101141192833446
217,RBS_BA_3353,bandit2,Third_Plate,TTTAAGATGCGATTATACAT,TGCGAT,9.481396806051062,10.61968030298668,10.27674552528826,,,,10.125940878108667,0.47678007582617193
218,RBS_BA_3275,bandit2,Third_Plate,TTTAAGATGGAATTATACAT,TGGAAT,7.074900757346847,10.34063893592457,11.64141163292177,,,,9.685650442064395,1.9209394992213158
219,RBS_BA_1900,bandit2,Third_Plate,TTTAAGAGTCTGTTATACAT,GTCTGT,7.772259255171747,5.728905720980978,8.61386704773541,,,,7.371677341296045,1.2113628321056213
220,RBS_BA_2888,bandit2,Third_Plate,TTTAAGACTCTATTATACAT,CTCTAT,4.745516746900742,7.813030749547734,8.624986708638678,,,,7.061178068362385,1.6706353355656676
221,RBS_BA_3383,bandit2,Third_Plate,TTTAAGATGCTAGTATACAT,TGCTAG,9.252310501261185,10.3452794145442,5.071198841482038,,,,8.222929585762474,2.2728396738709393
222,RBS_BA_1848,bandit2,Third_Plate,TTTAAGAGTCAATTATACAT,GTCAAT,9.811961392354439,10.27544101250262,5.756221338926991,,,,8.614541247928017,2.029975018929528
223,RBS_BA_2329,bandit2,Third_Plate,TTTAAGACGGTATTATACAT,CGGTAT,9.735512045443555,4.93853350663673,6.283109808197813,,,,6.985718453426032,2.0203951687240798
224,RBS_BA_1572,bandit2,Third_Plate,TTTAAGAGCGCCGTATACAT,GCGCCG,10.55978243592697,8.293081317236947,8.790648402771163,,,,9.21450405197836,0.9727019752186178
225,RBS_BA_3320,bandit2,Third_Plate,TTTAAGATGGTACTATACAT,TGGTAC,11.20106202864129,5.638972880292181,9.279885414654617,,,,8.706640107862697,2.3066088470400223
226,RBS_BA_3391,bandit2,Third_Plate,TTTAAGATGCTCGTATACAT,TGCTCG,19.1059619983076,14.1834538561415,14.98896201889455,,,,16.09279262444788,2.155860710828377
227,RBS_BA_3305,bandit2,Third_Plate,TTTAAGATGGCATTATACAT,TGGCAT,14.48922318350355,17.75622469321434,20.55051629481474,,,,17.59865472384421,2.4770196832406617
228,RBS_BA_1689,bandit2,Third_Plate,TTTAAGAGCTCAGTATACAT,GCTCAG,7.063126889466823,11.55676308873391,7.413390872296205,,,,8.677760283498978,2.0407782957864917
229,RBS_BA_1868,bandit2,Third_Plate,TTTAAGAGTCGGTTATACAT,GTCGGT,5.483260627279948,1.976737914860593,11.71985673719599,,,,6.393285093112176,4.029325790819642
230,RBS_BA_1586,bandit2,Third_Plate,TTTAAGAGCGTGTTATACAT,GCGTGT,9.160965900511489,6.924951722586202,5.586869522717135,,,,7.224262381938274,1.4743883212012654
231,RBS_BA_3259,bandit2,Third_Plate,TTTAAGATGATATTATACAT,TGATAT,8.146574943674505,8.100313644244357,2.387663312249825,,,,6.2115173000562285,2.70393904233601
232,RBS_BA_1392,bandit2,Third_Plate,TTTAAGAGGCTACTATACAT,GGCTAC,20.23617447392796,20.15876485798406,18.77200850954361,,,,19.722315947151877,0.6727115437492941
233,RBS_BA_1665,bandit2,Third_Plate,TTTAAGAGCTACGTATACAT,GCTACG,5.515810712791237,1.730046450159663,5.434505147556774,,,,4.226787436835891,1.7657744881772166
234,RBS_BA_1533,bandit2,Third_Plate,TTTAAGAGCGAACTATACAT,GCGAAC,9.533015543799689,6.665875235978612,2.67215395869489,,,,6.2903482461577305,2.8134937725841422
235,RBS_BA_3388,bandit2,Third_Plate,TTTAAGATGCTGCTATACAT,TGCTGC,9.946761066046635,5.398750066016772,4.456198180267021,,,,6.6005697707768105,2.3971994984060423
236,RBS_BA_1550,bandit2,Third_Plate,TTTAAGAGCGGATTATACAT,GCGGAT,10.82101596924148,9.803529808847374,10.72242496806337,,,,10.448990248717408,0.45818077288063097
237,RBS_BA_604,bandit2,Third_Plate,TTTAAGAACGTATTATACAT,ACGTAT,11.53574755987903,10.57359027540835,5.960881931604447,,,,9.356739922297276,2.4331495747596033
238,RBS_BA_3351,bandit2,Third_Plate,TTTAAGATGCGAGTATACAT,TGCGAG,22.93319234173145,18.05351590474823,18.55487354351094,,,,19.847193929996873,2.1917085448583724
239,RBS_BA_1706,bandit2,Third_Plate,TTTAAGAGCTTACTATACAT,GCTTAC,14.67796118648291,16.92466308194673,20.99532455804096,,,,17.532649608823533,2.6146390069151795
240,RBS_BA_3261,bandit2,Third_Plate,TTTAAGATGATGGTATACAT,TGATGG,9.729118168360156,12.71480554512842,14.94824035563398,,,,12.464054689707519,2.1380623774879575
241,RBS_BA_3335,bandit2,Third_Plate,TTTAAGATGCAAGTATACAT,TGCAAG,2.577360826054544,9.646719401160329,7.28449144794939,,,,6.502857225054754,2.9384998110890415
242,RBS_BA_1697,bandit2,Third_Plate,TTTAAGAGCTCCGTATACAT,GCTCCG,5.823243749576337,7.676145075070893,11.23137367245737,,,,8.243587499034867,2.244023246177256
243,RBS_BA_1591,bandit2,Third_Plate,TTTAAGAGCGTTATATACAT,GCGTTA,7.019903533884436,6.128280702610426,8.645300489253362,,,,7.2644949085827415,1.0420223468558976
244,RBS_BA_3448,bandit2,Third_Plate,TTTAAGATGTTATTATACAT,TGTTAT,4.015647607802852,6.097355631804472,7.717957237380146,,,,5.943653492329157,1.5153640726625501
245,RBS_BA_3293,bandit2,Third_Plate,TTTAAGATGGGGTTATACAT,TGGGGT,16.29638946650496,14.85781537939023,16.89430543741963,,,,16.01617009443827,0.8546793205541019
246,RBS_BA_1397,bandit2,Third_Plate,TTTAAGAGGCTGTTATACAT,GGCTGT,22.92947050701051,18.48183835435029,19.60643843819561,,,,20.339249099852136,1.8882296012795252
247,RBS_BA_1564,bandit2,Third_Plate,TTTAAGAGCGCAGTATACAT,GCGCAG,9.86289180885646,7.489289012989842,11.04033805727681,,,,9.464172959707705,1.4768705357912988
248,RBS_BA_1470,bandit2,Third_Plate,TTTAAGAGCAAATTATACAT,GCAAAT,15.0872842904682,10.79601157539546,10.55222611232047,,,,12.145173992728042,2.0827654038246344
250,RBS_BA_1646,bandit2,Third_Plate,TTTAAGAGCCTGGTATACAT,GCCTGG,20.67271268732548,15.75122416165894,11.74775288281356,,,,16.057229910599325,3.6500188599354537
251,RBS_BA_3355,bandit2,Third_Plate,TTTAAGATGCGGGTATACAT,TGCGGG,15.32296593744756,16.9059846830459,21.86379199803824,,,,18.030914206177233,2.7862401443205287
252,RBS_BA_2345,bandit2,Third_Plate,TTTAAGACGCAATTATACAT,CGCAAT,6.971144666211884,14.34015398398418,10.27968594173989,,,,10.530328197311986,3.0136014707281595
253,RBS_BA_3325,bandit2,Third_Plate,TTTAAGATGGTGTTATACAT,TGGTGT,8.464515737800557,8.662567254396661,9.9144267602328,,,,9.01383658414334,0.6419258003633226
254,RBS_BA_3280,bandit2,Third_Plate,TTTAAGATGGACGTATACAT,TGGACG,9.926844513854677,10.66213938672844,9.804543044428236,,,,10.131175648337118,0.37875346508499236
255,RBS_BA_1522,bandit2,Third_Plate,TTTAAGAGCATGTTATACAT,GCATGT,8.85448449183924,10.46776640079002,8.383741077946047,,,,9.235330656858437,0.8924024643702354
256,RBS_BA_1536,bandit2,Third_Plate,TTTAAGAGCGAGGTATACAT,GCGAGG,47.79599815420535,44.54252790760579,44.35260893874723,,,,45.56371166685279,1.580368000371158
257,RBS_BA_2890,bandit2,Third_Plate,TTTAAGACTCTGGTATACAT,CTCTGG,8.576285500529554,10.2709075756897,12.43700979586553,,,,10.42806762402826,1.5800469363797847
258,RBS_BA_1693,bandit2,Third_Plate,TTTAAGAGCTCGGTATACAT,GCTCGG,10.49113867195864,12.05083057290954,11.90546091481188,,,,11.48247671989335,0.7034896011248088
259,RBS_BA_1365,bandit2,Third_Plate,TTTAAGAGGCGGTTATACAT,GGCGGT,15.37921241343753,15.06758979438206,15.40931855582064,,,,15.285373587880079,0.15448609535076402
260,RBS_BA_588,bandit2,Third_Plate,TTTAAGAACGCATTATACAT,ACGCAT,14.41135335435682,10.93833821790083,12.3358385574775,,,,12.561843376578382,1.426830325863537
261,RBS_BA_1162,bandit2,Third_Plate,TTTAAGAGACTATTATACAT,GACTAT,18.61506826006526,13.92936307059295,16.23263002197492,,,,16.25902045087771,1.9130221503710039
262,RBS_BA_1517,bandit2,Third_Plate,TTTAAGAGCATACTATACAT,GCATAC,21.37029019216477,17.78874989846452,17.31819636005196,,,,18.825745483560414,1.8094909023798111
263,RBS_BA_2084,bandit2,Third_Plate,TTTAAGACAGTGGTATACAT,CAGTGG,16.35426477827223,17.68473771648719,23.31041320952508,,,,19.116471901428167,3.0148960547755483
265,RBS_BA_1658,bandit2,Third_Plate,TTTAAGAGCTAAGTATACAT,GCTAAG,18.03269867570953,15.5105973010117,19.02574236775057,,,,17.523012781490596,1.4796161648952446
266,RBS_BA_1548,bandit2,Third_Plate,TTTAAGAGCGGAGTATACAT,GCGGAG,30.78389067236995,29.83204088356871,29.05944476112332,,,,29.891792105687326,0.7052687816770311
267,RBS_BA_2887,bandit2,Third_Plate,TTTAAGACTCTACTATACAT,CTCTAC,16.42891918646636,16.14105166813409,13.84618393861496,,,,15.47205159773847,1.155653108496235
268,RBS_BA_3330,bandit2,Third_Plate,TTTAAGATGGTTATATACAT,TGGTTA,17.77748314510609,17.79904379897677,18.38306304790688,,,,17.986529997329914,0.280529333699395
269,RBS_1by1_0,reference,Third_Plate,TTTAAGAAGGAGATATACAT,AGGAGA,,36.62344430049529,47.95014897112089,,,,42.28679663580809,5.663352335312804
