,RBS,Name,Rep1,Rep2,Rep3,Rep4,Rep5,Rep6,AVERAGE,STD,PERC,Group,Usable,Replicates,Plate,Round,Unnamed: 16,Rep7,Rep8,Rep9,RBS6,index,Pred Mean,Pred Std,Pred UCB
0,TTTAAGAAGGAGATATACAT,RBS_1by1_0,80.9197,52.4024308742318,98.72044,61.6221650361057,54.1514848350971,45.4991952513712,65.552569332801,18.5146478440152,0.282439697367451,Consensus,Yes,"1,2,3,4,5,6",First_Plate,0,,,,,AGGAGA,,,,
1,CTTAAGAAGGAGATATACAT,RBS_1by1_1,58.33688,40.0729510654815,81.1362,42.0428540275112,45.4320316223905,41.0056593729657,51.3377626813915,14.6734217528033,0.2858212159316,BPS-NC,Yes,"1,2,3,4,5,6",First_Plate,0,,,,,AGGAGA,,,,
2,GTTAAGAAGGAGATATACAT,RBS_1by1_2,38.7807,28.8315590988607,58.76333,24.4878699636543,24.1336370753119,25.5966386854389,33.432289137211,12.3780641281137,0.370242793645159,BPS-NC,Yes,"1,2,3,4,5,6",First_Plate,0,,,,,AGGAGA,,,,
3,ATTAAGAAGGAGATATACAT,RBS_1by1_3,60.72082,43.0933590095392,74.60529,38.6419582348774,38.049576803906,31.6081541715511,47.786526369979,14.9929922210582,0.313749363261467,BPS-NC,Yes,"1,2,3,4,5,6",First_Plate,0,,,,,AGGAGA,,,,
4,TCTAAGAAGGAGATATACAT,RBS_1by1_4,58.09954,45.9132136885755,70.53162,44.3529313574395,38.3948652936713,43.6417944191108,50.1556607931329,10.8834869007349,0.216994188265685,BPS-NC,Yes,"1,2,3,4,5,6",First_Plate,0,,,,,AGGAGA,,,,
5,TGTAAGAAGGAGATATACAT,RBS_1by1_5,30.82338,21.973718715652,47.70339,21.2056788752271,21.1722417929108,21.75047081688,27.4381467001117,9.68206882285227,0.352868906514479,BPS-NC,Yes,"1,2,3,4,5,6",First_Plate,0,,,,,AGGAGA,,,,
6,TATAAGAAGGAGATATACAT,RBS_1by1_6,51.83695,35.4026438995032,58.74364,29.7386741106696,31.8485059152596,37.0755130186844,40.7743211573528,10.7181307314834,0.262864725328496,BPS-NC,Yes,"1,2,3,4,5,6",First_Plate,0,,,,,AGGAGA,,,,
7,TTGAAGAAGGAGATATACAT,RBS_1by1_8,57.18822,40.1977444663301,,45.2334113781767,38.6556928299406,44.8624221413001,45.2274981631495,6.50660018618964,0.143863809638957,BPS-NC,Yes,"1,2,3,4,5,6",First_Plate,0,,,,,AGGAGA,,,,
8,TTAAAGAAGGAGATATACAT,RBS_1by1_9,36.16774,27.1777393378885,69.79792,24.1350489453035,21.9453529617894,22.7601291979024,33.6639884071473,16.8375694059834,0.500165613246485,BPS-NC,Yes,"1,2,3,4,5,6",First_Plate,0,,,,,AGGAGA,,,,
9,TTTCAGAAGGAGATATACAT,RBS_1by1_10,56.37248,30.9264531279906,51.61382,38.2239587643922,31.6803875979352,40.4878194937496,41.5508198306779,9.51705624258941,0.229046172406994,BPS-NC,Yes,"1,2,3,4,5,6",First_Plate,0,,,,,AGGAGA,,,,
10,TTTGAGAAGGAGATATACAT,RBS_1by1_11,63.55034,44.897779461053,69.60175,42.0631485276073,39.3044699873868,38.6422922254702,49.6766300335862,12.2449381530508,0.246492931279195,BPS-NC,Yes,"1,2,3,4,5,6",First_Plate,0,,,,,AGGAGA,,,,
11,TTTTAGAAGGAGATATACAT,RBS_1by1_12,65.10755,37.8506342548584,76.23269,37.0783703793485,32.3087711139946,38.3561007755377,47.8223527539566,16.5885240210332,0.346878040617958,BPS-NC,Yes,"1,2,3,4,5,6",First_Plate,0,,,,,AGGAGA,,,,
12,TTTACGAAGGAGATATACAT,RBS_1by1_13,58.0788,37.1865573874997,76.09216,40.6795284764738,33.4215163190645,42.4834420974001,47.9903340467397,14.7435609917817,0.307219386666956,BPS-NC,Yes,"1,2,3,4,5,6",First_Plate,0,,,,,AGGAGA,,,,
13,TTTAGGAAGGAGATATACAT,RBS_1by1_14,52.61771,36.7191236173622,76.85476,37.7335339514206,29.9416192635553,33.9510655140906,44.6363020577381,16.0321022187765,0.359171828303309,BPS-NC,Yes,"1,2,3,4,5,6",First_Plate,0,,,,,AGGAGA,,,,
14,TTTATGAAGGAGATATACAT,RBS_1by1_15,36.81501,23.9464553420296,63.98509,24.6952110219412,20.3522098021829,20.5216626027394,31.7192731281489,15.4456047017608,0.486946994004532,BPS-NC,Yes,"1,2,3,4,5,6",First_Plate,0,,,,,AGGAGA,,,,
15,TTTAACAAGGAGATATACAT,RBS_1by1_16,42.68765,29.7055221739268,51.96619,27.2308032294794,26.9592257055866,30.0287193383011,34.7630184078823,9.34856674014359,0.268922756662116,BPS-NC,Yes,"1,2,3,4,5,6",First_Plate,0,,,,,AGGAGA,,,,
16,TTTAAAAAGGAGATATACAT,RBS_1by1_17,40.08404,25.1140718006925,42.43266,24.9608360482528,23.3457352398263,28.5527929756831,30.7483560107425,7.62165546819732,0.247871966408043,BPS-NC,Yes,"1,2,3,4,5,6",First_Plate,0,,,,,AGGAGA,,,,
17,TTTAATAAGGAGATATACAT,RBS_1by1_18,41.37825,28.2187559874023,45.71376,27.33741648627,24.5371220609025,26.7427076892542,32.3213353706382,8.11141591377413,0.250961658011903,BPS-NC,Yes,"1,2,3,4,5,6",First_Plate,0,,,,,AGGAGA,,,,
18,TTTAAGCAGGAGATATACAT,RBS_1by1_19,33.05537,21.9470245046012,50.39946,22.5475906493885,21.4979096286506,23.8448562839006,28.8820351777568,10.3965886742789,0.359967315678838,BPS-NC,Yes,"1,2,3,4,5,6",First_Plate,0,,,,,AGGAGA,,,,
19,TTTAAGGAGGAGATATACAT,RBS_1by1_20,41.56641,38.5173091972369,50.84909,31.2219056419998,22.1938033738611,32.8096863262367,36.1930340898891,8.95556641668652,0.247438951772998,BPS-NC,Yes,"1,2,3,4,5,6",First_Plate,0,,,,,AGGAGA,,,,
20,TTTAAGTAGGAGATATACAT,RBS_1by1_21,28.70282,23.4342121999834,53.35226,23.3785523433258,17.6536952249303,21.2807354845804,27.96704587547,11.815408456891,0.42247609953164,BPS-C,Yes,"1,2,3,4,5,6",First_Plate,0,,,,,AGGAGA,,,,
21,TTTAAGACGGAGATATACAT,RBS_1by1_22,38.14086,30.1165285722543,41.81748,27.8051960760375,25.7690884863071,30.0540322014263,32.2838642226709,5.73533630592992,0.177653339958677,BPS-C,Yes,"1,2,3,4,5,6",First_Plate,0,,,,,CGGAGA,,,,
22,TTTAAGAGGGAGATATACAT,RBS_1by1_23,17.19413,15.7509751581518,50.85724,14.4256547830233,14.8699802070958,14.4387778374203,21.2561263309485,13.2724456327167,0.624405661975777,BPS-C,Yes,"1,2,3,4,5,6",First_Plate,0,,,,,GGGAGA,,,,
23,TTTAAGATGGAGATATACAT,RBS_1by1_24,48.38563,30.4101298803439,33.56477,28.1751557650844,30.7123562009635,25.0427348066963,32.7151294421813,7.47314749483383,0.228430931567653,BPS-C,Yes,"1,2,3,4,5,6",First_Plate,0,,,,,TGGAGA,,,,
24,TTTAAGAACGAGATATACAT,RBS_1by1_25,48.9051,33.031041129424,69.51363,32.5247044155131,29.9620055057425,36.015558378478,41.6586732381929,13.8740256152616,0.333040506017407,BPS-C,Yes,"1,2,3,4,5,6",First_Plate,0,,,,,ACGAGA,,,,
25,TTTAAGAAAGAGATATACAT,RBS_1by1_26,25.20577,17.3197172364118,63.57943,14.5349979149782,14.2301417533457,15.7404426061561,25.101749918482,17.6001179157671,0.701151034207716,BPS-C,Yes,"1,2,3,4,5,6",First_Plate,0,,,,,AAGAGA,,,,
26,TTTAAGAATGAGATATACAT,RBS_1by1_27,16.40183,14.4751012019608,36.59907,13.5156308111582,12.9018004593177,5.92918564640704,16.6371030198073,9.50057278462603,0.571047301523296,BPS-C,Yes,"1,2,3,4,5,6",First_Plate,0,,,,,ATGAGA,,,,
27,TTTAAGAAGCAGATATACAT,RBS_1by1_28,19.43222,13.7006632906307,32.79718,14.6612621281552,10.4689189958616,7.12115253597891,16.3635661584377,8.26275040697398,0.50494802459141,BPS-C,Yes,"1,2,3,4,5,6",First_Plate,0,,,,,AGCAGA,,,,
28,TTTAAGAAGAAGATATACAT,RBS_1by1_29,4.094299,10.30270525886,27.16343,6.79700512139644,9.22132844323976,6.87788584472345,10.7427756113699,7.60323475974988,0.707753287865639,BPS-C,Yes,"1,2,3,4,5,6",First_Plate,0,,,,,AGAAGA,,,,
29,TTTAAGAAGTAGATATACAT,RBS_1by1_30,13.73595,2.20689740549706,7.1228,10.8485346306729,6.84174087669846,5.11822469312073,7.64569126766486,3.7469493036397,0.49007332005234,BPS-C,Yes,"1,2,3,4,5,6",First_Plate,0,,,,,AGTAGA,,,,
30,TTTAAGAAGGCGATATACAT,RBS_1by1_31,3.855629,5.09390281276871,12.21905,10.3236643085159,9.0646765683026,6.94200310515656,7.91648763245729,2.91639212897948,0.368394705376963,BPS-C,Yes,"1,2,3,4,5,6",First_Plate,0,,,,,AGGCGA,,,,
31,TTTAAGAAGGGGATATACAT,RBS_1by1_32,22.46693,19.3448730032053,15.76945,17.4283688520767,13.7978945484861,16.7417265343273,17.5915404896826,2.74785279209279,0.156203079184816,BPS-C,Yes,"1,2,3,4,5,6",First_Plate,0,,,,,AGGGGA,,,,
32,TTTAAGAAGGTGATATACAT,RBS_1by1_33,22.96256,19.6624677460825,34.85694,16.9946338512889,14.2632033600118,18.8141237786041,21.2589881226646,6.62644214706559,0.311700731419151,BPS-C,Yes,"1,2,3,4,5,6",First_Plate,0,,,,,AGGTGA,,,,
33,TTTAAGAAGGACATATACAT,RBS_1by1_34,29.07655,20.1816481158184,35.25331,22.4444116185685,16.879975707983,22.151068189848,24.3311606053696,6.09457823069939,0.250484484877157,BPS-C,Yes,"1,2,3,4,5,6",First_Plate,0,,,,,AGGACA,,,,
34,TTTAAGAAGGAAATATACAT,RBS_1by1_35,25.28329,19.3941051643901,38.10176,16.6507809513895,16.4937743926626,17.6975272450647,22.2702062922511,7.67944468749316,0.344830424411704,BPS-C,Yes,"1,2,3,4,5,6",First_Plate,0,,,,,AGGAAA,,,,
35,TTTAAGAAGGATATATACAT,RBS_1by1_36,46.82615,33.6553489131591,43.13908,30.3848119444955,30.019442833052,25.590002576857,34.9358060445939,7.55578994783961,0.216276388132994,BPS-C,Yes,"1,2,3,4,5,6",First_Plate,0,,,,,AGGATA,,,,
36,TTTAAGAAGGAGCTATACAT,RBS_1by1_37,31.86407,21.7545669118678,67.08918,21.5449384547329,18.6408195241974,20.1701591146243,30.1772890009037,17.0490734213379,0.564963718935367,BPS-C,Yes,"1,2,3,4,5,6",First_Plate,0,,,,,AGGAGC,,,,
37,TTTAAGAAGGAGGTATACAT,RBS_1by1_38,29.32302,22.6866044356542,46.64531,19.2417869542687,17.9899197700288,19.1012924327375,25.8313222654482,10.0457798683012,0.388899173068597,BPS-C,Yes,"1,2,3,4,5,6",First_Plate,0,,,,,AGGAGG,,,,
38,TTTAAGAAGGAGTTATACAT,RBS_1by1_39,28.97258,17.606108127821,45.23184,18.2371906899905,17.4561482792382,18.5542443690221,24.3430185776786,10.1766209628286,0.418050905657201,BPS-NC,Yes,"1,2,3,4,5,6",First_Plate,0,,,,,AGGAGT,,,,
39,TTTAAGAAGGAGACATACAT,RBS_1by1_40,32.67012,25.0278987665897,40.61389,32.3933418335796,23.708214576376,27.0086431278367,30.2370180507303,5.75082301312134,0.190191473361324,BPS-NC,Yes,"1,2,3,4,5,6",First_Plate,0,,,,,AGGAGA,,,,
40,TTTAAGAAGGAGAGATACAT,RBS_1by1_41,38.54666,25.355344461352,44.1097,29.0618445564047,23.1482217573819,27.1837651236961,31.2342559831391,7.53126493279491,0.241121957150522,BPS-NC,Yes,"1,2,3,4,5,6",First_Plate,0,,,,,AGGAGA,,,,
41,TTTAAGAAGGAGAAATACAT,RBS_1by1_42,3.567222,5.61783014631719,43.19371,6.87393928963104,5.87172347072313,6.13811723562609,11.8770903570496,14.0415732789551,1.18224016630646,BPS-NC,Yes,"1,2,3,4,5,6",First_Plate,0,,,,,AGGAGA,,,,
42,TTTAAGAAGGAGATCTACAT,RBS_1by1_43,4.318653,5.41724489389713,14.29713,5.92967067641696,6.3098615913942,7.55321493492494,7.30429584943887,3.27401915493959,0.448232002430611,BPS-NC,Yes,"1,2,3,4,5,6",First_Plate,0,,,,,AGGAGA,,,,
43,TTTAAGAAGGAGATGTACAT,RBS_1by1_44,43.97883,37.0122773505695,4.852113,30.5561633077648,27.6029679913516,35.9773811414145,29.9966221318501,12.3745709642809,0.412532148116162,BPS-NC,Yes,"1,2,3,4,5,6",First_Plate,0,,,,,AGGAGA,,,,
44,TTTAAGAAGGAGATTTACAT,RBS_1by1_45,35.73244,28.3227045592672,54.23715,27.1877446048192,22.0260930658765,25.9867425411163,32.2488124618465,10.6487001646002,0.330204412246145,BPS-NC,Yes,"1,2,3,4,5,6",First_Plate,0,,,,,AGGAGA,,,,
45,TTTAAGAAGGAGATACACAT,RBS_1by1_46,38.97075,25.9216236114099,47.02431,29.9043709100532,23.0535027186436,27.179305670378,32.0089771517474,8.35601570957562,0.261052256370505,BPS-NC,Yes,"1,2,3,4,5,6",First_Plate,0,,,,,AGGAGA,,,,
46,TTTAAGAAGGAGATAGACAT,RBS_1by1_47,50.10345,36.3538113675366,47.75856,35.0955900540214,31.4075696138237,32.4996558124051,38.8697728079645,7.32624762387261,0.188481874079065,BPS-NC,Yes,"1,2,3,4,5,6",First_Plate,0,,,,,AGGAGA,,,,
47,TTTAAGAAGGAGATAAACAT,RBS_1by1_48,71.74603,43.3772972301697,67.81084,49.2026301076817,39.7876195682437,40.0752838826143,51.9999501314516,12.996190043708,0.249926971292371,BPS-NC,Yes,"1,2,3,4,5,6",First_Plate,0,,,,,AGGAGA,,,,
48,TTTAAGAAGGAGATATCCAT,RBS_1by1_49,51.00143,30.5935251349106,82.43703,37.1288473580848,31.8451363658838,35.2930782289423,44.7165078479703,18.1376335277264,0.405613819160293,BPS-NC,Yes,"1,2,3,4,5,6",First_Plate,0,,,,,AGGAGA,,,,
49,TTTAAGAAGGAGATATGCAT,RBS_1by1_50,33.1676,24.2499694582627,67.16934,21.9914684361867,18.8434332091288,21.8639868378099,31.214299656898,16.6863692157659,0.534574518703909,BPS-NC,Yes,"1,2,3,4,5,6",First_Plate,0,,,,,AGGAGA,,,,
50,TTTAAGAAGGAGATATTCAT,RBS_1by1_51,47.30523,28.9565465930705,42.53908,29.0709027878072,23.6462021866091,25.327369986695,32.8075552590303,8.88408265702463,0.2707938030396,BPS-NC,Yes,"1,2,3,4,5,6",First_Plate,0,,,,,AGGAGA,,,,
51,TTTAAGAAGGAGATATAAAT,RBS_1by1_52,39.71959,26.3713973806905,53.89303,30.5185556798774,29.4084406489209,33.0922586040484,35.5005453855895,9.19382925134726,0.258977127012794,BPS-NC,Yes,"1,2,3,4,5,6",First_Plate,0,,,,,AGGAGA,,,,
52,TTTAAGAAGGAGATATAGAT,RBS_1by1_53,38.25181,26.9175312936838,42.6818,30.0369475238794,23.5818661965067,27.5971112795112,31.5111777155969,6.72913770051478,0.213547642085878,BPS-NC,Yes,"1,2,3,4,5,6",First_Plate,0,,,,,AGGAGA,,,,
53,TTTAAGAAGGAGATATATAT,RBS_1by1_54,40.38633,26.2036484531875,44.78689,32.2998230955639,22.7058262794547,30.7349893071993,32.8529178559009,7.65005202456119,0.232857612773263,BPS-NC,Yes,"1,2,3,4,5,6",First_Plate,0,,,,,AGGAGA,,,,
54,TTTAAGAAGGAGATATACCT,RBS_1by1_55,39.55101,28.4305349444004,43.09117,29.940182531718,25.5368184106771,33.9059491349454,33.4092775036235,6.19818135481466,0.185522759483273,BPS-NC,Yes,"1,2,3,4,5,6",First_Plate,0,,,,,AGGAGA,,,,
55,TTTAAGAAGGAGATATACGT,RBS_1by1_56,42.6091,32.6804880713085,52.6027,34.4390624003664,24.1136702242424,32.3962705532655,36.4735485415305,8.99733060293333,0.246680977385257,BPS-NC,Yes,"1,2,3,4,5,6",First_Plate,0,,,,,AGGAGA,,,,
56,TTTAAGAAGGAGATATACTT,RBS_1by1_57,44.16422,31.2043199906474,54.20798,31.9382486522844,23.7012563631277,29.5299642157937,35.7909982036422,10.2513394428948,0.28642228374205,BPS-NC,Yes,"1,2,3,4,5,6",First_Plate,0,,,,,AGGAGA,,,,
57,TTTAAGAAGGAGATATACAC,RBS_1by1_58,46.53873,29.1751522295213,54.33678,34.4090433315586,29.8368526732785,35.9694972349611,38.3776759115532,9.13306520232604,0.237978590036939,BPS-NC,Yes,"1,2,3,4,5,6",First_Plate,0,,,,,AGGAGA,,,,
58,TTTAAGAAGGAGATATACAG,RBS_1by1_59,23.19226,12.9026795019774,55.67585,15.4151223879278,16.2773003126845,14.83476766639,23.0496633114966,14.9392397075655,0.648132664918978,BPS-NC,Yes,"1,2,3,4,5,6",First_Plate,0,,,,,AGGAGA,,,,
59,TTTAAGAAGGAGATATACAA,RBS_1by1_60,73.86549,43.1831727770489,40.65514,47.4338738485415,48.0480278241415,45.6122974811656,49.7996669884829,11.0511197550939,0.221911519160352,BPS-NC,Yes,"1,2,3,4,5,6",First_Plate,0,,,,,AGGAGA,,,,
60,TTTAAGAGTTGACTATACAT,RBS_RU_0,47.50604,33.7559427295161,89.85662,30.9953256548985,28.867128747305,33.7643441146443,44.1242335410607,21.3028324345489,0.482792124076787,UNI,Yes,"1,2,3,4,5,6",First_Plate,0,,,,,GTTGAC,,,,
61,TTTAAGATACCTGTATACAT,RBS_RU_1,12.62052,8.17776243244393,66.76438,13.8595181761621,5.8523965066437,13.0997921917864,20.062394884506,21.0815044278925,1.05079700351096,UNI,Yes,"1,2,3,4,5,6",First_Plate,0,,,,,TACCTG,,,,
62,TTTAAGAGAAGCGTATACAT,RBS_RU_2,12.71591,4.76519265748893,32.50098,10.7791724088733,4.22022080509459,7.40940123746466,12.0651461848202,9.62815889761816,0.798014276008675,UNI,Yes,"1,2,3,4,5,6",First_Plate,0,,,,,GAAGCG,,,,
63,TTTAAGAGTATGCTATACAT,RBS_RU_3,18.18162,7.57529683026882,10.47365,7.6740038206439,9.5769138980661,9.34197829559052,10.4705771407616,3.59944512333182,0.343767595132776,UNI,Yes,"1,2,3,4,5,6",First_Plate,0,,,,,GTATGC,,,,
64,TTTAAGATCACTTTATACAT,RBS_RU_4,2.285011,6.82506893465121,10.42136,8.54109488496616,10.6740662785829,4.92623401792636,7.27880585268777,2.99096617580011,0.410914404963235,UNI,Yes,"1,2,3,4,5,6",First_Plate,0,,,,,TCACTT,,,,
65,TTTAAGAGAAGCCTATACAT,RBS_RU_5,2.512394,11.3625378363528,20.98796,5.82947247033784,10.717208322091,11.4596544211634,10.4782045083242,5.73472201156848,0.547300065293883,UNI,Yes,"1,2,3,4,5,6",First_Plate,0,,,,,GAAGCC,,,,
66,TTTAAGAATAGAATATACAT,RBS_RU_6,5.246637,6.69179365789406,12.87788,11.1002631547703,10.7683479088705,5.92103683932217,8.76765976014284,2.91969705878508,0.333007568571241,UNI,Yes,"1,2,3,4,5,6",First_Plate,0,,,,,ATAGAA,,,,
67,TTTAAGATCTGACTATACAT,RBS_RU_7,3.539546,12.7065303234743,13.95761,11.2176569289928,10.5783967456933,7.82647117721775,9.97103519589636,3.44629932358511,0.34563104591221,UNI,Yes,"1,2,3,4,5,6",First_Plate,0,,,,,TCTGAC,,,,
68,TTTAAGATAAGTATATACAT,RBS_RU_8,12.43055,12.2883984596519,15.95393,7.36080243131667,8.65626465696831,11.5245318604395,11.3690795680627,2.78216150823923,0.244712994713723,UNI,Yes,"1,2,3,4,5,6",First_Plate,0,,,,,TAAGTA,,,,
69,TTTAAGAGATAAATATACAT,RBS_RU_9,16.55925,11.3956353465009,14.90295,7.06007083787328,11.7414573357705,7.78349304537925,11.5738094275873,3.43360793747482,0.296670509304436,UNI,Yes,"1,2,3,4,5,6",First_Plate,0,,,,,GATAAA,,,,
70,TTTAAGAGGTCAATATACAT,RBS_RU_10,23.67912,17.5397735730398,32.91674,18.9132505173209,15.6735921434102,15.7040402500657,20.7377527473061,6.07617252237086,0.293000528862038,UNI,Yes,"1,2,3,4,5,6",First_Plate,0,,,,,GGTCAA,,,,
71,TTTAAGACGATCCTATACAT,RBS_RU_11,29.36959,19.1887725677855,45.35789,17.079993115501,18.7647880834035,15.0205255453067,24.1302598853328,10.5195291891954,0.435947612631788,UNI,Yes,"1,2,3,4,5,6",First_Plate,0,,,,,CGATCC,,,,
72,TTTAAGAACAGACTATACAT,RBS_RU_12,19.61566,12.4890034130825,48.22596,13.1866797056058,11.6115925804387,9.26114080144404,19.0650060834285,13.4172285544786,0.703762091434159,UNI,Yes,"1,2,3,4,5,6",First_Plate,0,,,,,ACAGAC,,,,
73,TTTAAGAGTTATATATACAT,RBS_RU_13,22.03343,12.7307511266014,36.40934,12.0135743576053,11.0212630611852,7.71833733473445,16.9877826466877,9.72147524010329,0.572262751548613,UNI,Yes,"1,2,3,4,5,6",First_Plate,0,,,,,GTTATA,,,,
74,TTTAAGAGGAACATATACAT,RBS_RU_14,20.21415,11.5617172966071,32.78428,10.2353025730962,8.65263156463936,9.86665476247707,15.5524560328033,8.59070406730459,0.552369609609251,UNI,Yes,"1,2,3,4,5,6",First_Plate,0,,,,,GGAACA,,,,
75,TTTAAGACCCGAATATACAT,RBS_RU_15,38.30749,26.092047759046,11.96909,26.00441221881,21.477357509413,24.7226853781633,24.762180477572,7.75931571839101,0.313353491846927,UNI,Yes,"1,2,3,4,5,6",First_Plate,0,,,,,CCCGAA,,,,
76,TTTAAGAAATGTCTATACAT,RBS_RU_16,2.849156,12.3028665794186,41.55543,10.2922319927797,8.32621758676847,8.52819424268076,13.9756827336079,12.6649106259626,0.906210513458974,UNI,Yes,"1,2,3,4,5,6",First_Plate,0,,,,,AATGTC,,,,
77,TTTAAGACGTACCTATACAT,RBS_RU_17,17.7694,11.7345705352473,10.03756,12.4970127608154,12.1284998407834,4.17517682869349,11.3903699942566,4.00976098636508,0.352030793414694,UNI,Yes,"1,2,3,4,5,6",First_Plate,0,,,,,CGTACC,,,,
78,TTTAAGAACCGTGTATACAT,RBS_RU_18,21.08405,12.0690740654514,28.82528,11.9138280265471,11.7073849705144,9.82066428120883,15.9033802239536,6.81956832713275,0.428812505964055,UNI,Yes,"1,2,3,4,5,6",First_Plate,0,,,,,ACCGTG,,,,
79,TTTAAGAGGACACTATACAT,RBS_RU_19,0.708258,13.9831766434003,32.90795,11.0447091184299,12.0176488179126,12.788715375313,13.908409659176,9.55912827027144,0.687291250726489,UNI,Yes,"1,2,3,4,5,6",First_Plate,0,,,,,GGACAC,,,,
80,TTTAAGAATCCCATATACAT,RBS_RU_20,20.77001,15.1244360198307,32.29348,12.2429104507836,11.8933724868456,12.4716476654152,17.4659761038125,7.29762477547514,0.417819464088365,UNI,Yes,"1,2,3,4,5,6",First_Plate,0,,,,,ATCCCA,,,,
81,TTTAAGAGAGCGATATACAT,RBS_RU_21,18.35853,9.35993411800132,35.41892,13.0566724021413,11.8892917324195,13.1993981205612,16.8804577288539,8.71302500539067,0.51616047060723,UNI,Yes,"1,2,3,4,5,6",First_Plate,0,,,,,GAGCGA,,,,
82,TTTAAGAATATGCTATACAT,RBS_RU_22,46.04245,27.2241961999353,38.03884,27.5615438326459,24.75041120325,29.0066892484621,32.1040217473822,7.50130776896048,0.233656325926584,UNI,Yes,"1,2,3,4,5,6",First_Plate,0,,,,,ATATGC,,,,
83,TTTAAGACAACATTATACAT,RBS_RU_23,35.04078,20.4572867051876,61.10854,19.0248644853357,20.217338927014,16.0407390014935,28.6482581865051,15.7282436519121,0.54901221391955,UNI,Yes,"1,2,3,4,5,6",First_Plate,0,,,,,CAACAT,,,,
84,TTTAAGAGCTACATATACAT,RBS_RU_24,41.26278,26.0038628260927,56.10273,23.6864984892036,27.2903666766863,25.4667548294426,33.3021654702375,11.73668596174,0.352430113658201,UNI,Yes,"1,2,3,4,5,6",First_Plate,0,,,,,GCTACA,,,,
85,TTTAAGAGAAGACTATACAT,RBS_RU_25,23.49241,17.1643919376333,61.07534,15.9000428778351,17.7696158758996,15.8680790390697,25.2116466217396,16.2445407564086,0.644326846244196,UNI,Yes,"1,2,3,4,5,6",First_Plate,0,,,,,GAAGAC,,,,
86,TTTAAGACTCCGTTATACAT,RBS_RU_26,31.04444,18.5043678218635,43.16569,18.8038172311042,18.4427988189577,15.8708341838823,24.3053246759679,9.75155183702252,0.40121051526888,UNI,Yes,"1,2,3,4,5,6",First_Plate,0,,,,,CTCCGT,,,,
87,TTTAAGATTACTATATACAT,RBS_RU_27,25.85005,17.0914214980466,51.64197,15.5264757173783,17.4170290450032,15.178484388044,23.784238441412,12.9608743735043,0.544935437198503,UNI,Yes,"1,2,3,4,5,6",First_Plate,0,,,,,TTACTA,,,,
88,TTTAAGACGAGACTATACAT,RBS_RU_28,24.43934,16.0902706794362,38.23671,14.2990608207652,18.5387590368617,15.4858028658515,21.1816572338191,8.30870367099061,0.392259377029515,UNI,Yes,"1,2,3,4,5,6",First_Plate,0,,,,,CGAGAC,,,,
89,TTTAAGACGGATTTATACAT,RBS_BA_00,43.2914691132013,29.6957218351174,56.6719745468032,26.2061768286446,28.4482623905934,23.2621687795412,34.5959622489835,11.7161718866772,0.338657205206697,Bandit-0,Yes,"1,2,3,4,5,6",Second_Plate,0,,,,,CGGATT,,,,
90,TTTAAGATTCGGATATACAT,RBS_BA_01,36.1721672391748,28.1856200104315,53.0492132432282,23.4109729790385,22.7815101881639,17.2585858043655,30.1430115774004,11.7643291945775,0.390283803075528,Bandit-0,Yes,"1,2,3,4,5,6",Second_Plate,0,,,,,TTCGGA,,,,
91,TTTAAGACTCGGATATACAT,RBS_BA_02,39.0731690627871,25.6725765944549,50.7915049963312,22.8664248074413,20.6679366849243,17.6555852007256,29.4545328911107,11.7040615561791,0.397360284050247,Bandit-0,Yes,"1,2,3,4,5,6",Second_Plate,0,,,,,CTCGGA,,,,
92,TTTAAGAACCGGATATACAT,RBS_BA_03,37.567211661428,22.032648252148,48.479264650928,22.5496777236251,20.8474224216453,14.4400166181033,27.6527068879796,11.62293680411,0.420318229647254,Bandit-0,Yes,"1,2,3,4,5,6",Second_Plate,0,,,,,ACCGGA,,,,
93,TTTAAGAGCCGGATATACAT,RBS_BA_04,37.9594041443196,26.9483345875681,47.6398830110347,23.571594743846,19.5712612716571,16.1518751561084,28.6403921524223,10.9132381007599,0.381043598938182,Bandit-0,Yes,"1,2,3,4,5,6",Second_Plate,0,,,,,GCCGGA,,,,
94,TTTAAGAATCGGATATACAT,RBS_BA_05,32.4895378467977,27.4647372668941,44.1001461270767,19.889512352734,19.7120943595311,15.3407742372113,26.4994670317075,9.66844483483884,0.364854312853546,Bandit-0,Yes,"1,2,3,4,5,6",Second_Plate,0,,,,,ATCGGA,,,,
95,TTTAAGACCGGATTATACAT,RBS_BA_06,38.0939212539413,28.0114924694659,48.133595112397,22.2409448940745,20.8003275979006,16.5078180107508,28.9646832230884,10.9448434849992,0.377868571898442,Bandit-0,Yes,"1,2,3,4,5,6",Second_Plate,0,,,,,CCGGAT,,,,
96,TTTAAGATAAAGATATACAT,RBS_BA_07,31.2815253129857,20.7448747737654,40.7927366950502,20.0314310018762,17.0593774488521,14.5013371018462,24.0685470557293,9.12625007676069,0.379177440816406,Bandit-0,Yes,"1,2,3,4,5,6",Second_Plate,0,,,,,TAAAGA,,,,
97,TTTAAGACGATAATATACAT,RBS_BA_08,25.3407349707189,23.5958588022674,37.2423280572798,18.5295483094653,15.4131932253265,15.5613051110312,22.6138280793482,7.53505121523816,0.333205470068973,Bandit-0,Yes,"1,2,3,4,5,6",Second_Plate,0,,,,,CGATAA,,,,
98,TTTAAGAACACACTATACAT,RBS_BA_09,29.5690917076259,20.1011383444583,39.1516563671984,19.0135906839539,16.1302770577823,12.3811046721085,22.7244764721879,9.01685809471689,0.396790575384761,Bandit-0,Yes,"1,2,3,4,5,6",Second_Plate,0,,,,,ACACAC,,,,
99,TTTAAGATATATATATACAT,RBS_BA_10,35.1800362466179,24.2038285467745,43.0293988356099,21.6419152039951,18.025865508528,16.9548948773747,26.5059898698167,9.4899703041977,0.358031160156907,Bandit-0,Yes,"1,2,3,4,5,6",Second_Plate,0,,,,,TATATA,,,,
100,TTTAAGACTCTCTTATACAT,RBS_BA_11,54.3271845688148,28.7224359705378,59.9032911215685,27.1189303409467,24.4788037184405,21.7488586289391,36.0499173915412,15.137742020163,0.419910588303177,Bandit-0,Yes,"1,2,3,4,5,6",Second_Plate,0,,,,,CTCTCT,,,,
101,TTTAAGAGTGTGTTATACAT,RBS_BA_12,27.8407812500046,24.2351791564609,48.1925323803716,19.502980880461,23.2929638376599,14.2181358747037,26.2137622299436,10.7011605322282,0.408226809961846,Bandit-0,Yes,"1,2,3,4,5,6",Second_Plate,0,,,,,GTGTGT,,,,
102,TTTAAGAATATATTATACAT,RBS_BA_13,24.3239752159503,20.3629103062242,37.2176523755373,19.7624291901862,18.9372067403552,13.8672731259572,22.4119078257017,7.2934734642156,0.325428496357259,Bandit-0,Yes,"1,2,3,4,5,6",Second_Plate,0,,,,,ATATAT,,,,
103,TTTAAGATGTGTGTATACAT,RBS_BA_14,25.5890437532052,17.4790893192209,37.8929437015697,18.3527326210861,17.9290942250482,12.0841608136802,21.5545107389684,8.29571640253653,0.384871477854457,Bandit-0,Yes,"1,2,3,4,5,6",Second_Plate,0,,,,,TGTGTG,,,,
104,TTTAAGATCTCTCTATACAT,RBS_BA_15,15.8213701932972,17.1806167297597,34.2372101218662,8.06062800054043,15.1540301954776,11.9142748180138,17.0613550098258,8.24323150304659,0.483152217294536,Bandit-0,Yes,"1,2,3,4,5,6",Second_Plate,0,,,,,TCTCTC,,,,
105,TTTAAGACACACATATACAT,RBS_BA_16,7.71199366178979,7.73006084032916,29.9253941210988,16.2426861927075,14.0454936242436,6.10185663617084,13.6262475127233,8.15519847276986,0.598491878644878,Bandit-0,Yes,"1,2,3,4,5,6",Second_Plate,0,,,,,CACACA,,,,
106,TTTAAGACTAAGATATACAT,RBS_BA_17,20.9525317432924,8.6478545553018,15.5688497401156,6.85309119131496,13.5611993691375,7.70797384653297,12.2152500742825,5.01984227598969,0.410948793144911,Bandit-0,Yes,"1,2,3,4,5,6",Second_Plate,0,,,,,CTAAGA,,,,
107,TTTAAGAATAAGATATACAT,RBS_BA_18,13.2274458305742,14.914491402997,29.3673420388835,6.29124308005476,13.4848841211061,11.8603078790321,14.8576190587746,7.04087865140746,0.473890104703503,Bandit-0,Yes,"1,2,3,4,5,6",Second_Plate,0,,,,,ATAAGA,,,,
108,TTTAAGATAAGATTATACAT,RBS_BA_19,18.1375819555207,8.56453919578373,16.4964186456031,5.98912837636643,12.8601746947795,11.4004213979966,12.241377377675,4.21446869496757,0.344280595634085,Bandit-0,Yes,"1,2,3,4,5,6",Second_Plate,0,,,,,TAAGAT,,,,
109,TTTAAGATTAAGATATACAT,RBS_BA_20,10.9290357186863,10.1388022635022,11.1797560387321,6.98730322247682,12.5138200273625,10.9715890187113,10.4533843815785,1.70198274499992,0.162816431776797,Bandit-0,Yes,"1,2,3,4,5,6",Second_Plate,0,,,,,TTAAGA,,,,
110,TTTAAGAGGTCGATATACAT,RBS_BA_21,16.6588551878774,16.2085117033401,15.3703106842965,4.60500862500583,12.7251082253039,10.2260478090571,12.6323070391468,4.21772468532721,0.333883958983638,Bandit-0,Yes,"1,2,3,4,5,6",Second_Plate,0,,,,,GGTCGA,,,,
111,TTTAAGAGGTAGATATACAT,RBS_BA_22,46.2270248338777,27.1362564576435,55.5725819531791,33.2921373569295,29.7810288985843,24.9827720310212,36.1653002552059,11.056426785506,0.305719203421089,Bandit-0,Yes,"1,2,3,4,5,6",Second_Plate,0,,,,,GGTAGA,,,,
112,TTTAAGAGGGGGATATACAT,RBS_BA_24,33.5530728803803,30.1395177186732,68.368574614275,38.0974288042706,41.9067103892888,31.6320594855113,40.6162273153999,13.029244920842,0.320789147147153,Bandit-0,Yes,"1,2,3,4,5,6",Second_Plate,0,,,,,GGGGGA,,,,
113,TTTAAGAGGGGATTATACAT,RBS_BA_25,33.8280084725636,32.6008286842599,66.7735430399379,43.8196890949548,42.3487107783954,35.8370606817942,42.5346401253176,11.6085740580424,0.272920471969216,Bandit-0,Yes,"1,2,3,4,5,6",Second_Plate,0,,,,,GGGGAT,,,,
114,TTTAAGAGGGATCTATACAT,RBS_BA_26,20.2276698477915,14.624173517582,34.7157013022442,15.9738651575256,15.3896542491626,12.4974482175872,18.9047520486489,7.43930029478282,0.393514830326194,Bandit-0,Yes,"1,2,3,4,5,6",Second_Plate,0,,,,,GGGATC,,,,
115,TTTAAGAGGGATTTATACAT,RBS_BA_27,24.2596807029942,14.703895994216,24.3081165236704,16.937361861757,16.2920133749259,12.1120741060064,18.1021904272617,4.62766446409497,0.255641132640267,Bandit-0,Yes,"1,2,3,4,5,6",Second_Plate,0,,,,,GGGATT,,,,
116,TTTAAGAGGGATGTATACAT,RBS_BA_28,24.3905582754543,16.4364485899713,20.3078988353668,9.87837496588225,15.3925166248267,12.2926324551701,16.4497382911119,4.8222447048408,0.293150238593543,Bandit-0,Yes,"1,2,3,4,5,6",Second_Plate,0,,,,,GGGATG,,,,
117,TTTAAGAGGGATATATACAT,RBS_BA_29,19.9747984889786,17.3086253728578,27.9085178300752,17.0637739366988,16.0963937792769,12.7503769864864,18.517081065729,4.7083453256607,0.254270384676061,Bandit-0,Yes,"1,2,3,4,5,6",Second_Plate,0,,,,,GGGATA,,,,
118,TTTAAGAGGATCTTATACAT,RBS_BA_30,13.4036570899919,10.6837430730866,8.89858956733271,4.29491593634595,11.8919119535608,3.45675388750533,8.77159525130388,3.7227455473029,0.424409179932182,Bandit-0,Yes,"1,2,3,4,5,6",Second_Plate,0,,,,,GGATCT,,,,
119,TTTAAGAGGATTTTATACAT,RBS_BA_31,33.0996304146669,25.6546299651711,44.7734363778073,25.7572128605508,24.0585425889761,22.5717123397904,29.3191940911604,7.66425695663188,0.261407490697113,Bandit-0,Yes,"1,2,3,4,5,6",Second_Plate,0,,,,,GGATTT,,,,
120,TTTAAGAGGATAGTATACAT,RBS_BA_32,33.3502894149183,22.8695898749681,39.3504615720134,23.8660684271953,20.7245652492678,19.6370134963293,26.632998005782,7.21720629676476,0.270987377958648,Bandit-0,Yes,"1,2,3,4,5,6",Second_Plate,0,,,,,GGATAG,,,,
121,TTTAAGAGGATTATATACAT,RBS_BA_33,38.617411674998,29.5335086772943,49.4163613616941,30.6665887467823,28.9232183116938,20.2157352286859,32.8954706668581,9.11505733058779,0.277091561415813,Bandit-0,Yes,"1,2,3,4,5,6",Second_Plate,0,,,,,GGATTA,,,,
122,TTTAAGAGGATATTATACAT,RBS_BA_34,51.1597869573788,30.2693650685914,67.884784136668,33.3134525123866,31.8426254120945,31.2088420607851,40.9464760246507,14.0234893520556,0.342483425035482,Bandit-0,Yes,"1,2,3,4,5,6",Second_Plate,0,,,,,GGATAT,,,,
123,TTTAAGAGGATACTATACAT,RBS_BA_35,51.3576600900806,39.7250750803069,63.4740212878535,30.3735591807418,28.9504845790049,30.8225540486193,40.7838923777678,12.7501663150744,0.312627500018237,Bandit-0,Yes,"1,2,3,4,5,6",Second_Plate,0,,,,,GGATAC,,,,
124,TTTAAGAGGATGCTATACAT,RBS_BA_36,41.3274560741699,38.2284603991078,55.5377528491054,26.9775351261989,33.7321493011835,26.2304451877129,37.0056331562464,9.92468339139889,0.26819385441926,Bandit-0,Yes,"1,2,3,4,5,6",Second_Plate,0,,,,,GGATGC,,,,
125,TTTAAGAGGATGTTATACAT,RBS_BA_37,32.7880371244345,32.3702273047048,51.9281013032231,29.6436302670895,30.7405571104213,26.7766392314504,34.0411987235539,8.2392405735464,0.242037321906807,Bandit-0,Yes,"1,2,3,4,5,6",Second_Plate,0,,,,,GGATGT,,,,
126,TTTAAGAGGATTCTATACAT,RBS_BA_38,27.8306616475952,20.5859772171644,36.3189909391992,18.2097121266893,20.1261614699574,13.7061730116515,22.7962794020428,7.34722545127495,0.322299324451013,Bandit-0,Yes,"1,2,3,4,5,6",Second_Plate,0,,,,,GGATTC,,,,
127,TTTAAGAGGATCGTATACAT,RBS_BA_39,12.5357345220273,15.0058781721867,30.9533431320761,16.3689830086593,14.7849995018618,10.6280465185802,16.7128308092319,6.63341762892212,0.396905689086371,Bandit-0,Yes,"1,2,3,4,5,6",Second_Plate,0,,,,,GGATCG,,,,
128,TTTAAGAGGATTGTATACAT,RBS_BA_40,35.5737759860612,25.094961225374,39.840825770314,25.7658242220584,22.7707941779741,21.0332755702298,28.3465761586686,6.90600200195106,0.243627377193459,Bandit-0,Yes,"1,2,3,4,5,6",Second_Plate,0,,,,,GGATTG,,,,
129,TTTAAGAGGATCCTATACAT,RBS_BA_41,16.8648942754913,13.6050521858432,21.9901476793493,10.6171845701851,13.5924599682598,11.7611146208515,14.7384755499967,3.77615595869735,0.256210755711312,Bandit-0,Yes,"1,2,3,4,5,6",Second_Plate,0,,,,,GGATCC,,,,
130,TTTAAGAGGATGATATACAT,RBS_BA_42,31.7114980874526,22.0329749882372,42.1249041868338,24.8983044164498,23.2895618967193,20.3432026758252,27.400074375253,7.49632517950604,0.273587767567395,Bandit-0,Yes,"1,2,3,4,5,6",Second_Plate,0,,,,,GGATGA,,,,
131,TTTAAGAGGATCATATACAT,RBS_BA_43,11.3226358021361,10.9588254284464,4.96349772159349,13.3142024887359,13.1110652994561,7.47143010077042,10.1902761401897,3.02418495851035,0.296771639640184,Bandit-0,Yes,"1,2,3,4,5,6",Second_Plate,0,,,,,GGATCA,,,,
132,TTTAAGACCCCGATATACAT,RBS_BA_44,11.30373630427,5.340197014859,11.7998231711885,11.7590603130572,6.50292788092946,6.90082759547247,8.93442871329611,2.73157094119236,0.3057353781476,Bandit-0,Yes,"1,2,3,4,5,6",Second_Plate,0,,,,,CCCCGA,,,,
133,TTTAAGATTTTTGTATACAT,RBS_BA_45,12.4959989809208,8.78233189162012,15.6518817707121,7.40018836239796,10.7244515207434,8.00963814442353,10.5107484451363,2.86753962811409,0.27281973715592,Bandit-0,Yes,"1,2,3,4,5,6",Second_Plate,0,,,,,TTTTTG,,,,
134,TTTAAGATTTTTATATACAT,RBS_BA_46,32.375038630985,17.6126129429583,35.3470097258351,16.2287362832042,15.671395483422,13.201125278419,21.7393197241373,8.71210318607639,0.400753257076545,Bandit-0,Yes,"1,2,3,4,5,6",Second_Plate,0,,,,,TTTTTA,,,,
135,TTTAAGAGTTTTTTATACAT,RBS_BA_47,41.8209833692379,22.8054139098118,48.7038483450392,24.1188104142906,22.2697840064692,20.5375973688385,30.0427395689479,10.9939558661304,0.365943852786773,Bandit-0,Yes,"1,2,3,4,5,6",Second_Plate,0,,,,,GTTTTT,,,,
136,TTTAAGACTTTTTTATACAT,RBS_BA_48,9.31614495417997,18.5998404357594,33.5949007982524,15.484879540069,17.8382742240842,12.7779971784936,17.9353395218064,7.6655755564543,0.427400638116397,Bandit-0,Yes,"1,2,3,4,5,6",Second_Plate,0,,,,,CTTTTT,,,,
137,TTTAAGACCCCCTTATACAT,RBS_BA_49,13.7706451668966,10.911718988827,21.5739578365497,15.8978863506457,3.83174183357278,12.1637720022437,13.0249536964559,5.34817428019082,0.410609849741428,Bandit-0,Yes,"1,2,3,4,5,6",Second_Plate,0,,,,,CCCCCT,,,,
138,TTTAAGACCCCCGTATACAT,RBS_BA_50,38.4358441690406,22.9579369802218,45.1815565160317,23.9305174776574,25.6099054647453,20.9235165064359,29.5065461856888,9.02096537141504,0.305727593959823,Bandit-0,Yes,"1,2,3,4,5,6",Second_Plate,0,,,,,CCCCCG,,,,
139,TTTAAGACCCCCATATACAT,RBS_BA_51,14.1052078835217,2.17662085774859,13.2871021662867,13.0447411335072,4.3208021293112,9.40953975475675,9.39066898752202,4.62795325983069,0.492824660945897,Bandit-0,Yes,"1,2,3,4,5,6",Second_Plate,0,,,,,CCCCCA,,,,
140,TTTAAGATTTTTCTATACAT,RBS_BA_52,11.7809906833772,6.3586127115048,10.9249525698736,6.56805904665864,0.951690505261933,5.57461583918987,7.02648689264434,3.59329546165376,0.511392893284322,Bandit-0,Yes,"1,2,3,4,5,6",Second_Plate,0,,,,,TTTTTC,,,,
141,TTTAAGAGCCCCCTATACAT,RBS_BA_53,11.2887804732241,8.52047319432373,15.1856807994125,12.4447912733404,5.56041955731948,9.79081039482349,10.465159282074,3.0324258785177,0.289763948811751,Bandit-0,Yes,"1,2,3,4,5,6",Second_Plate,0,,,,,GCCCCC,,,,
142,TTTAAGAATTTTTTATACAT,RBS_BA_54,9.4252011661393,7.34528277545502,21.3087239105551,7.13960066768275,12.897622769928,10.3439888246888,11.4100700190748,4.83100747503974,0.423398582739938,Bandit-0,Yes,"1,2,3,4,5,6",Second_Plate,0,,,,,ATTTTT,,,,
143,TTTAAGAACCCCCTATACAT,RBS_BA_55,10.4914316626714,9.39223030013991,9.12009661256426,2.43640375858507,4.49098106286994,9.94784613165222,7.64649825474713,3.04716518663119,0.398504659925794,Bandit-0,Yes,"1,2,3,4,5,6",Second_Plate,0,,,,,ACCCCC,,,,
144,TTTAAGATCCCCCTATACAT,RBS_BA_56,12.7013272388781,7.76719422856364,23.7568579195042,5.73820642837433,11.7916656958004,9.87330641931882,11.9380929884066,5.77906430384235,0.484086052056602,Bandit-0,Yes,"1,2,3,4,5,6",Second_Plate,0,,,,,TCCCCC,,,,
145,TTTAAGAGGATAATATACAT,RBS_BA_57,41.2821934217344,21.7775818178498,46.0994057637741,23.9509365509563,26.1051604667187,17.2792513838729,29.4157549008177,10.5326258996667,0.358060703700449,Bandit-0,Yes,"1,2,3,4,5,6",Second_Plate,0,,,,,GGATAA,,,,
146,TTTAAGACCCCCCTATACAT,RBS_BA_58,35.748057484681,19.2851156443872,39.4892799740373,17.203586166923,16.3879401160716,13.8077083486627,23.6536146224605,10.0619944349892,0.425389294430912,Bandit-0,Yes,"1,2,3,4,5,6",Second_Plate,0,,,,,CCCCCC,,,,
147,TTTAAGATTTTTTTATACAT,RBS_BA_59,43.230990597927,23.5679526326795,49.4431075304558,21.7288399734301,21.2820328909435,18.4272743580634,29.6133663305832,12.0548114868162,0.407073324668481,Bandit-0,Yes,"1,2,3,4,5,6",Second_Plate,0,,,,,TTTTTT,,,,
148,TTTAAGAGAAAGATATACAT,RBS_RP_30,28.3431513031242,20.1611140537659,35.7647449211604,15.9303746611377,18.9007452496797,14.2398343570955,22.2233274243272,7.5216567817903,0.338457722292143,PPM,Yes,"1,2,3,4,5,6",Second_Plate,0,,,,,GAAAGA,,,,
149,TTTAAGACGGGGGTATACAT,RBS_RP_31,35.1025495372976,29.8283502480783,58.6581166311324,35.4534979483274,34.7118704026209,30.2114155794198,37.3276333911461,9.80794674980441,0.262752975711844,PPM,Yes,"1,2,3,4,5,6",Second_Plate,0,,,,,CGGGGG,,,,
150,TTTAAGATGAGGGTATACAT,RBS_RP_32,39.906818657272,23.2279913968411,48.3246633229584,26.9543122701168,26.9712658110474,25.7502440727694,31.8558825885008,9.08884399700742,0.28531132269706,PPM,Yes,"1,2,3,4,5,6",Second_Plate,0,,,,,TGAGGG,,,,
151,TTTAAGACCGGGATATACAT,RBS_RP_33,12.8834680714639,13.0456101825117,30.0552307140729,14.8976775228623,5.85214596229158,8.96396860704925,14.2830168433753,7.65944197376796,0.536262195708363,PPM,Yes,"1,2,3,4,5,6",Second_Plate,0,,,,,CCGGGA,,,,
152,TTTAAGAAAGGGTTATACAT,RBS_RP_34,33.7373303531452,21.6539613447664,34.524237804421,19.8974072284439,20.3687580918471,16.9953812399239,24.5295126770912,6.93395808454901,0.282678183453062,PPM,Yes,"1,2,3,4,5,6",Second_Plate,0,,,,,AAGGGT,,,,
153,TTTAAGACTGTAGTATACAT,RBS_RP_35,13.5992345586099,15.0135603156001,29.3171417082653,13.4545473276771,6.93049593587882,7.29068699944834,14.2676111409133,7.42364847965326,0.520314746900095,PPM,Yes,"1,2,3,4,5,6",Second_Plate,0,,,,,CTGTAG,,,,
154,TTTAAGACTGACATATACAT,RBS_RP_36,16.057044062449,8.47447039504124,17.3721078055603,9.27043110596517,13.0793445985806,10.7545790456681,12.5013295022107,3.32683845513,0.266118771970748,PPM,Yes,"1,2,3,4,5,6",Second_Plate,0,,,,,CTGACA,,,,
155,TTTAAGACGTGTGTATACAT,RBS_RP_37,12.5012290267071,11.8867956803773,26.8864558318648,10.7349653145068,13.5495823652299,10.9464190374499,14.4175745426893,5.65558962560169,0.392270531278055,PPM,Yes,"1,2,3,4,5,6",Second_Plate,0,,,,,CGTGTG,,,,
156,TTTAAGAGAGGGGTATACAT,RBS_RP_38,12.6287951521309,9.25830737412669,21.8763547726465,13.4735837519832,12.4157563905103,10.6472888007777,13.3833477070292,4.04447916220147,0.302202352560654,PPM,Yes,"1,2,3,4,5,6",Second_Plate,0,,,,,GAGGGG,,,,
157,TTTAAGACTAGGATATACAT,RBS_RP_39,31.1923488547453,19.0335929953297,31.5318535257649,17.4541468624236,17.7036928365458,13.8736056593013,21.7982067890184,6.9410863414051,0.31842464880652,PPM,Yes,"1,2,3,4,5,6",Second_Plate,0,,,,,CTAGGA,,,,
158,TTTAAGAATTGGGTATACAT,RBS_RP_40,36.8066094317311,18.8680315452085,39.0923804584606,18.5555633043351,19.1437993901208,13.5331387766319,24.333253817748,9.83395227247825,0.404136345518479,PPM,Yes,"1,2,3,4,5,6",Second_Plate,0,,,,,ATTGGG,,,,
159,TTTAAGATACTGATATACAT,RBS_RP_41,32.9724665380595,27.798918791793,48.1963007999639,20.6482158346003,22.0921588413162,17.7800855502291,28.2480243926603,10.211801142652,0.361504967593602,PPM,Yes,"1,2,3,4,5,6",Second_Plate,0,,,,,TACTGA,,,,
160,TTTAAGAAGAGCGTATACAT,RBS_RP_42,26.6088145321251,23.7637805160805,37.6615644155652,18.1392389531941,19.3698431010833,15.1283020739168,23.4452572653275,7.37278232449402,0.314467964290475,PPM,Yes,"1,2,3,4,5,6",Second_Plate,0,,,,,AGAGCG,,,,
161,TTTAAGAAGGGGTTATACAT,RBS_RP_43,34.9339328201663,32.2951506241487,54.153157767716,30.4524248313294,33.4593572146489,28.279497006719,35.595586710788,8.56596819690544,0.240646916891788,PPM,Yes,"1,2,3,4,5,6",Second_Plate,0,,,,,AGGGGT,,,,
162,TTTAAGACAAGCCTATACAT,RBS_RP_45,11.1568150331213,14.7625467126233,33.0999405198864,13.5164926843735,6.21411647978478,11.2036270818873,14.9922564186128,8.52680999669204,0.568747609339584,PPM,Yes,"1,2,3,4,5,6",Second_Plate,0,,,,,CAAGCC,,,,
163,TTTAAGACAATTGTATACAT,RBS_RP_46,19.5566621008123,8.00776931530421,31.9655863492431,14.8797076980373,14.1597317187858,10.974608217191,16.5906775665623,7.73766059526876,0.466386051095565,PPM,Yes,"1,2,3,4,5,6",Second_Plate,0,,,,,CAATTG,,,,
164,TTTAAGATATTTTTATACAT,RBS_RP_47,20.969597726127,18.0182909329602,21.197224098081,13.8692700260781,14.8767585556466,7.19192009930584,16.0205102396998,4.81599708016193,0.300614462841989,PPM,Yes,"1,2,3,4,5,6",Second_Plate,0,,,,,TATTTT,,,,
165,TTTAAGATCCGGCTATACAT,RBS_RP_48,16.1213717000777,14.1144726639944,30.4999440543901,14.6009046229262,6.60998558766251,11.9027207234912,15.641566558757,7.30256816494264,0.466869359760788,PPM,Yes,"1,2,3,4,5,6",Second_Plate,0,,,,,TCCGGC,,,,
166,TTTAAGATGGGAGTATACAT,RBS_RP_49,47.6305396235295,31.490936844283,57.5672490517333,34.9878323047246,32.741801452917,29.2674636273474,38.9476371507558,10.2109690425362,0.262171720533707,PPM,Yes,"1,2,3,4,5,6",Second_Plate,0,,,,,TGGGAG,,,,
167,TTTAAGAAAAGTGTATACAT,RBS_RP_50,19.5492181970274,15.5255679161712,33.6806730357529,15.678914388487,15.7161722499069,12.0382701341108,18.6981359869094,7.04305290668597,0.376671391823058,PPM,Yes,"1,2,3,4,5,6",Second_Plate,0,,,,,AAAGTG,,,,
168,TTTAAGACGGGAGTATACAT,RBS_RP_51,36.8572055719797,26.2743616967429,45.0100313422842,25.1962450387173,24.1691530326312,20.3445192901674,29.6419193287538,8.52189831296985,0.28749482172375,PPM,Yes,"1,2,3,4,5,6",Second_Plate,0,,,,,CGGGAG,,,,
169,TTTAAGATAAGAGTATACAT,RBS_RP_52,27.7208058703003,19.1121678458699,34.4589250081287,14.9654140697121,15.3499100264417,11.3727357266263,20.4966597578465,8.05584319211161,0.393032000691122,PPM,Yes,"1,2,3,4,5,6",Second_Plate,0,,,,,TAAGAG,,,,
170,TTTAAGATAAGGGTATACAT,RBS_RP_53,40.6835823319174,28.226382079064,50.4082207089654,22.3820767229033,23.1805700003422,20.9270700429737,30.9679836476943,10.9164524839499,0.352507693369396,PPM,Yes,"1,2,3,4,5,6",Second_Plate,0,,,,,TAAGGG,,,,
171,TTTAAGATAGTCTTATACAT,RBS_RP_54,42.0122699933686,30.3493954887432,48.0656466861603,23.1923178269384,22.5295274363494,19.0204271136769,30.8615974242061,10.7162937834689,0.347237171043634,PPM,Yes,"1,2,3,4,5,6",Second_Plate,0,,,,,TAGTCT,,,,
172,TTTAAGAAAGTAGTATACAT,RBS_RP_55,35.8552785224691,24.8710632018982,47.2826997559053,19.7548753086169,20.9144299178805,14.8823408310399,27.260114589635,11.032481891697,0.404711500952084,PPM,Yes,"1,2,3,4,5,6",Second_Plate,0,,,,,AAGTAG,,,,
173,TTTAAGACCACGCTATACAT,RBS_RP_57,27.8951530444221,24.1620366661614,39.2501515595216,19.173250809875,19.6699330440733,16.4532142440605,24.4339565613523,7.58986878190721,0.310627906816871,PPM,Yes,"1,2,3,4,5,6",Second_Plate,0,,,,,CCACGC,,,,
174,TTTAAGAGTAATGTATACAT,RBS_RP_58,28.8073633950658,22.7990475034425,44.8388644861888,18.1055277675811,21.2415264785386,16.1350530250358,25.3212304426421,9.59642966138901,0.378987493642023,PPM,Yes,"1,2,3,4,5,6",Second_Plate,0,,,,,GTAATG,,,,
175,TTTAAGACATTGATATACAT,RBS_RP_59,34.3949939181084,22.799845762143,42.5709692933133,18.3364883124431,21.1970647249735,14.8231130794318,25.6870791817355,9.6733897591679,0.376585819303506,PPM,Yes,"1,2,3,4,5,6",Second_Plate,0,,,,,CATTGA,,,,
176,TTTAAGATGCTATTATACAT,RBS_BA_3385,,,,76.5806911709344,82.4357207021441,66.3172941949422,48.9847191996222,26.6109466527176,0.543249958099643,Bandit-1,Yes,"4,5,6,7,8,9",Third_Plate,1,,60.6161241371978,49.23186745,35.5486141317798,TGCTAT,3385.0,1.14803745152305,0.751928955265188,2.65189536205342
177,TTTAAGATGCTGGTATACAT,RBS_BA_3387,,,,65.4392432504632,70.0699828111956,65.4621176031461,43.9024937698354,23.2161559596136,0.528811781884812,Bandit-1,Yes,"4,5,6,7,8,9",Third_Plate,1,,52.3543787033437,40.46500431,32.24477258677,TGCTGG,3387.0,0.993331269208016,0.746657417660159,2.48664610452833
178,TTTAAGAGCGAATTATACAT,RBS_BA_1534,,,,62.4113581658032,69.3884120123984,64.1191719930298,43.1951898274194,22.2387891323899,0.514844111606918,Bandit-1,Yes,"4,5,6,7,8,9",Third_Plate,1,,46.9877254079432,36.3324502,29.5829600829604,GCGAAT,1534.0,0.942981804940697,0.769577107643652,2.482136020228
179,TTTAAGAGTCTATTATACAT,RBS_BA_1896,,,,58.4868515148963,58.6223100693844,54.944093685319,37.7236667427496,19.6655919645894,0.52130648111955,Bandit-1,Yes,"4,5,6,7,8,9",Third_Plate,1,,42.602683618807,30.27077484,28.6075296477647,GTCTAT,1896.0,1.00067569602295,0.724696180383174,2.4500680567893
180,TTTAAGACGCTATTATACAT,RBS_BA_2393,,,,51.7429779767977,59.0187448440239,52.4995765050186,35.2311657056344,19.3458735180834,0.549112501122536,Bandit-1,Yes,"4,5,6,7,8,9",Third_Plate,1,,37.8274734339723,28.09334527,25.4543473109356,CGCTAT,2393.0,1.02273446088958,0.697814947700661,2.4183643562909
181,TTTAAGATGCTACTATACAT,RBS_BA_3384,,,,49.4671996612559,56.0068204676047,50.8501779718316,34.6436330233531,17.5886700490428,0.50770281619097,Bandit-1,Yes,"4,5,6,7,8,9",Third_Plate,1,,37.3300018693612,25.85518803,26.2610453090013,TGCTAC,3384.0,0.992106203385378,0.70358175004296,2.3992697034713
182,TTTAAGAGCGTATTATACAT,RBS_BA_1582,,,,47.885362121162,55.7712217989686,48.8895449003637,34.0789267321193,16.956352349537,0.497561219659997,Bandit-1,Yes,"4,5,6,7,8,9",Third_Plate,1,,37.9818818909033,30.4160051,27.6438236907039,GCGTAT,1582.0,0.949465042764394,0.724264752385804,2.397994547536
183,TTTAAGAGCGTGGTATACAT,RBS_BA_1584,,,,53.1115500330134,58.6932518804935,52.5885438084329,37.1825740709787,17.7267130704716,0.47674787217885,Bandit-1,Yes,"4,5,6,7,8,9",Third_Plate,1,,40.7668189483827,31.33595727,29.8289125704513,GCGTGG,1584.0,0.866603296446494,0.741152229893558,2.34890775623361
184,TTTAAGAGCTTATTATACAT,RBS_BA_1707,,,,44.2223593636399,49.1847770372987,49.6968005892518,32.307635258374,15.4928483776494,0.479541391802538,Bandit-1,Yes,"4,5,6,7,8,9",Third_Plate,1,,35.2156582615597,26.29445644,22.6171591219413,GCTTAT,1707.0,0.939491622297344,0.698290595900061,2.33607281409747
185,TTTAAGATGCTGTTATACAT,RBS_BA_3389,,,,45.1931877063234,47.9322654237809,43.2642921770246,30.5643515828215,14.966891158823,0.48968456334716,Bandit-1,Yes,"4,5,6,7,8,9",Third_Plate,1,,31.35188973641,26.98020932,24.2987401455009,TGCTGT,3389.0,0.990406216882032,0.67232582103987,2.33505785896177
186,TTTAAGATGCGGTTATACAT,RBS_BA_3357,,,,41.9331946253703,46.6737212534898,44.6076417087329,29.4352966339765,15.1200039116966,0.513669153727633,Bandit-1,Yes,"4,5,6,7,8,9",Third_Plate,1,,29.5111925619595,25.47921771,22.3965242616174,TGCGGT,3357.0,0.905292390741036,0.699656905576232,2.3046062018935
187,TTTAAGATGGTATTATACAT,RBS_BA_3321,,,,50.8440220508105,59.0497375892949,50.196459154747,36.0498536716494,17.5492930123252,0.486806220412664,Bandit-1,Yes,"4,5,6,7,8,9",Third_Plate,1,,38.5118196348621,33.92200522,26.3264708872846,TGGTAT,3321.0,0.976045189890896,0.660337800692257,2.29672079127541
188,TTTAAGAGGCTATTATACAT,RBS_BA_1393,,,,100.278748173098,95.8902893769345,84.241149825493,64.7401862476004,29.1669374134647,0.450522914807738,Bandit-1,Yes,"4,5,6,7,8,9",Third_Plate,1,,71.9046987791005,63.44219796,52.8452491707661,GGCTAT,1393.0,0.981957531022256,0.653170521520107,2.28829857406247
189,TTTAAGAGTCTGGTATACAT,RBS_BA_1898,,,,50.8569887019116,53.9300177079015,51.1238674694802,33.9522592161786,18.0902499327186,0.532814320765389,Bandit-1,Yes,"4,5,6,7,8,9",Third_Plate,1,,44.298568690004,29.17971406,27.8276678248991,GTCTGG,1898.0,0.842622689646306,0.719319620242034,2.28126193013037
190,TTTAAGATGCAATTATACAT,RBS_BA_3337,,,,43.4647311106142,42.1603901963519,38.7362946719452,27.1696794346794,14.4881472499231,0.533246896959349,Bandit-1,Yes,"4,5,6,7,8,9",Third_Plate,1,,31.8694090108296,17.06557346,21.0381793542325,TGCAAT,3337.0,0.808371343390833,0.733563473958964,2.27549829130876
191,TTTAAGAGCGCATTATACAT,RBS_BA_1566,,,,21.1775460477141,16.3632317084845,16.9478905660246,15.6686939841611,3.01262739410596,0.192270485156664,Bandit-1,Yes,"4,5,6,7,8,9",Third_Plate,1,,19.6922827135316,21.23586186,22.3274319768746,GCGCAT,1566.0,0.808577573619486,0.73220886216019,2.27299529793987
192,TTTAAGAGCGACGTATACAT,RBS_BA_1540,,,,20.559670541539,18.485373772205,16.5127862290127,16.3672584636599,2.65098899067935,0.161969030828549,Bandit-1,Yes,"4,5,6,7,8,9",Third_Plate,1,,20.5857293413406,15.22519842,11.4197268380385,GCGACG,1540.0,0.771644941977455,0.744674287379479,2.26099351673641
193,TTTAAGAGCTTGGTATACAT,RBS_BA_1709,,,,15.6970719965119,22.629142911714,9.93302798578121,13.020355235146,4.78548369615678,0.367538643126976,Bandit-1,Yes,"4,5,6,7,8,9",Third_Plate,1,,11.7129009980025,19.52487963,7.08857525281327,GCTTGG,1709.0,0.840590789024527,0.701300050653059,2.24319089033064
194,TTTAAGACGCTGGTATACAT,RBS_BA_2395,,,,20.0522001227203,23.555262702662,19.8839429554456,15.6023136149805,5.70147553698055,0.36542500539832,Bandit-1,Yes,"4,5,6,7,8,9",Third_Plate,1,,9.77686879886553,9.829321275,8.57885481213048,CGCTGG,2395.0,0.869239961703417,0.680588220157125,2.23041640201767
195,TTTAAGAGCTCATTATACAT,RBS_BA_1691,,,,11.7797836463172,21.9812160302155,19.9037641552687,13.2537347145247,5.6009471424817,0.422593877357728,Bandit-1,Yes,"4,5,6,7,8,9",Third_Plate,1,,17.0052249439998,18.57254483,4.94675204600107,GCTCAT,1691.0,0.807598209887425,0.704029789309401,2.21565778850623
196,TTTAAGAGCGAAGTATACAT,RBS_BA_1532,,,,19.7729264138677,17.8647636693512,17.8757871646093,15.636956838118,3.00432249187628,0.192129614667266,Bandit-1,Yes,"4,5,6,7,8,9",Third_Plate,1,,12.0049726578052,13.17935031,15.9419170332045,GCGAAG,1532.0,0.783336180702479,0.707863947538616,2.19906407577971
197,TTTAAGAGTCTACTATACAT,RBS_BA_1895,,,,7.42192462294918,14.2461231882249,14.2416020438511,11.1496997050105,3.26055715736937,0.292434526815473,Bandit-1,Yes,"4,5,6,7,8,9",Third_Plate,1,,22.6648235425391,6.62983049,5.81429372868757,GTCTAC,1895.0,0.840592070591551,0.679061577854074,2.1987152262997
198,TTTAAGAGCTAATTATACAT,RBS_BA_1660,,,,6.33101236786821,15.2375352654819,14.6977489427389,11.599704162556,3.36854362846619,0.290399098223547,Bandit-1,Yes,"4,5,6,7,8,9",Third_Plate,1,,9.55764320570427,10.65388075,4.72577382187856,GCTAAT,1660.0,0.851455055623273,0.667897595070624,2.18725024576452
199,TTTAAGAGCATATTATACAT,RBS_BA_1518,,,,42.9946008525906,38.7740241094448,39.0105386395986,28.5555400540097,11.8616939726913,0.415390286797454,Bandit-1,Yes,"4,5,6,7,8,9",Third_Plate,1,,30.0723458444628,24.95549799,22.13787624525,GCATAT,1518.0,0.844330327119884,0.667578471238556,2.17948726959699
200,TTTAAGAGCCTATTATACAT,RBS_BA_1644,,,,60.3123329118496,65.4412653000174,55.1628444430564,39.455797988673,21.1465982258761,0.5359566731345,Bandit-1,Yes,"4,5,6,7,8,9",Third_Plate,1,,48.6734876510278,34.89124864,32.2019038707017,GCCTAT,1644.0,0.89930686707481,0.636542777989195,2.1723924230532
201,TTTAAGACGCTGTTATACAT,RBS_BA_2397,,,,16.2494604013128,37.688324459887,39.8250223420429,20.42953692607,13.3025330232667,0.651142170838506,Bandit-1,Yes,"4,5,6,7,8,9",Third_Plate,1,,29.6039403237798,23.36247293,22.4022895706658,CGCTGT,2397.0,0.864770170289499,0.651553650359683,2.16787747100887
202,TTTAAGATGGTGGTATACAT,RBS_BA_3323,,,,43.7340724971511,41.3242383917656,47.6309420411711,31.6958155514882,12.7063672869936,0.400884693007909,Bandit-1,Yes,"4,5,6,7,8,9",Third_Plate,1,,35.7440360437068,28.46510977,26.4613183195051,TGGTGG,3323.0,0.871722751155788,0.644897324894198,2.16151740094418
203,TTTAAGAGCTGGTTATACAT,RBS_BA_1679,,,,10.1800773921651,16.2776004545547,14.2177554163936,11.9025438089195,2.82478227121147,0.237325929360969,Bandit-1,Yes,"4,5,6,7,8,9",Third_Plate,1,,10.394225791105,9.452198455,19.3138076602464,GCTGGT,1679.0,0.776204560363088,0.688183700296658,2.1525719609564
204,TTTAAGAAACTATTATACAT,RBS_BA_175,,,,21.1981377512485,15.764079820639,14.5842156693226,12.6941359332721,4.97711560214312,0.392079904320058,Bandit-1,Yes,"4,5,6,7,8,9",Third_Plate,1,,8.24011954150277,10.03764888,6.83199206396172,AACTAT,175.0,0.778847878412223,0.681494262117641,2.14183640264751
205,TTTAAGACGCTACTATACAT,RBS_BA_2392,,,,14.9514989343088,12.0941748517353,6.34407204971351,10.109407756485,3.03008623361966,0.299729351768991,Bandit-1,Yes,"4,5,6,7,8,9",Third_Plate,1,,7.37332356185308,9.19040401,6.78856440826978,CGCTAC,2392.0,0.866963038062502,0.635823805108942,2.13861064828039
206,TTTAAGAACGAATTATACAT,RBS_BA_557,,,,16.6434520479444,14.3966220472377,9.63468680037635,10.972859363085,3.33106640877539,0.303573234519144,Bandit-1,Yes,"4,5,6,7,8,9",Third_Plate,1,,8.89340450938425,11.99259858,2.84004027467551,ACGAAT,557.0,0.826173902002916,0.652285885231586,2.13074567246609
207,TTTAAGAGCATGGTATACAT,RBS_BA_1520,,,,6.80805320351645,8.91842716140435,20.224776242252,10.6944416244256,4.53618379482098,0.424162752402195,Bandit-1,Yes,"4,5,6,7,8,9",Third_Plate,1,,8.83302827843422,10.52606965,9.44194457252988,GCATGG,1520.0,0.716536690695339,0.702505285285816,2.12154726126697
208,TTTAAGATTCTATTATACAT,RBS_BA_3888,,,,2.28314751445165,11.1557169039102,5.44260310183897,6.69907890372955,3.80892226955875,0.568574027011121,Bandit-1,Yes,"4,5,6,7,8,9",Third_Plate,1,,8.92253074569564,9.908326043,12.2825441262501,TTCTAT,3888.0,0.874310383802822,0.622919661092807,2.12014970598844
209,TTTAAGAGCGTACTATACAT,RBS_BA_1581,,,,18.0889046883429,13.5861795732811,5.58122226551784,10.2326329619898,4.7664168177229,0.465805510216996,Bandit-1,Yes,"4,5,6,7,8,9",Third_Plate,1,,12.2250078223111,9.190159432,2.76050588725659,GCGTAC,1581.0,0.780559295004924,0.669432782031084,2.11942485906709
210,TTTAAGATGCTTATATACAT,RBS_BA_3394,,,,7.09948999266084,7.28572246037662,7.70261902262451,7.20896324312441,2.52458296155347,0.350200559554983,Bandit-1,Yes,"4,5,6,7,8,9",Third_Plate,1,,5.6636041563943,6.872801765,8.77598376710639,TGCTTA,3394.0,0.781305937587681,0.667292176470486,2.11589029052865
211,TTTAAGAGCTTGTTATACAT,RBS_BA_1711,,,,43.0853136624313,44.985598869119,37.5035193899356,29.242311599716,12.8986600285658,0.441095772630064,Bandit-1,Yes,"4,5,6,7,8,9",Third_Plate,1,,30.3875294232381,11.74171959,21.3314787743771,GCTTGT,1711.0,0.832763242220175,0.641348988184561,2.1154612185893
212,TTTAAGAGGCTGGTATACAT,RBS_BA_1395,,,,78.2418198934187,78.4362361369257,67.993838543194,52.2798868680974,23.1281021016105,0.442390056427682,Bandit-1,Yes,"4,5,6,7,8,9",Third_Plate,1,,63.6440956844109,52.86337045,43.8099237505282,GGCTGG,1395.0,0.829653313392471,0.641141920873266,2.111937155139
213,TTTAAGACGCGGTTATACAT,RBS_BA_2365,,,,26.0209342887839,39.3468266359461,25.5353258881001,20.7865404342948,10.6726792234538,0.513441823433273,Bandit-1,Yes,"4,5,6,7,8,9",Third_Plate,1,,29.6999014713403,24.21964655,22.2179894320702,CGCGGT,2365.0,0.780626893498879,0.663718961565051,2.10806481662898
214,TTTAAGATGCGATTATACAT,RBS_BA_3353,,,,23.2449342992803,22.6737307731233,22.391552229288,16.4480066560029,6.33602274004676,0.385215234439021,Bandit-1,Yes,"4,5,6,7,8,9",Third_Plate,1,,24.6716578603644,22.34858786,6.2531063729238,TGCGAT,3353.0,0.757853755810346,0.672471696643587,2.10279714909752
215,TTTAAGATGGAATTATACAT,RBS_BA_3275,,,,15.8604915761786,10.9001277396549,15.7188668220389,11.9227395773443,3.08344874313883,0.25861914731393,Bandit-1,Yes,"4,5,6,7,8,9",Third_Plate,1,,24.7164421507481,12.07908623,7.03185032821589,TGGAAT,3275.0,0.872515687361901,0.612628952337013,2.09777359203593
216,TTTAAGAGTCTGTTATACAT,RBS_BA_1900,,,,8.57421633934595,18.9936162804274,7.95864419588152,9.60691813992383,4.30667091075056,0.448288498769773,Bandit-1,Yes,"4,5,6,7,8,9",Third_Plate,1,,2.77637221680792,16.97214905,7.05213384496152,GTCTGT,1900.0,0.837814459753328,0.626855603370557,2.09152566649444
217,TTTAAGACTCTATTATACAT,RBS_BA_2888,,,,5.27953436884025,11.2719501402726,14.123033041405,8.64300862593417,3.26941868354879,0.378273217700904,Bandit-1,Yes,"4,5,6,7,8,9",Third_Plate,1,,6.14842689215604,8.129659785,7.50154884759647,CTCTAT,2888.0,0.97276697990741,0.558117833435124,2.08900264677766
218,TTTAAGATGCTAGTATACAT,RBS_BA_3383,,,,16.0653731640442,1.18296529968454,7.90304414547162,8.30336189441463,4.59394401240027,0.553263132550015,Bandit-1,Yes,"4,5,6,7,8,9",Third_Plate,1,,9.5863060283881,10.74085813,7.72430737546623,TGCTAG,3383.0,0.868953023661424,0.60945053658635,2.08785409683412
219,TTTAAGAGTCAATTATACAT,RBS_BA_1848,,,,16.0017242644574,7.21764388461908,15.1208705204536,10.697310402219,3.76804430701746,0.352242214663214,Bandit-1,Yes,"4,5,6,7,8,9",Third_Plate,1,,5.0574712852082,9.539116524,6.36164524937945,GTCAAT,1848.0,0.671383397524575,0.705242829513168,2.08186905655091
220,TTTAAGACGGTATTATACAT,RBS_BA_2329,,,,4.61146730782074,9.58193799991168,8.69732322983166,7.30798064964036,2.11856428276849,0.28989735801678,Bandit-1,Yes,"4,5,6,7,8,9",Third_Plate,1,,8.61596110127876,10.65560497,11.402243038994,CGGTAT,2329.0,0.873205624492731,0.604034521574526,2.08127466764178
221,TTTAAGAGCGCCGTATACAT,RBS_BA_1572,,,,10.1001454546816,5.75795300755546,12.1098055840871,9.26856936704321,1.99732261735299,0.21549416509251,Bandit-1,Yes,"4,5,6,7,8,9",Third_Plate,1,,10.4080157387551,7.465744633,7.81272211501606,GCGCCG,1572.0,0.666677174486913,0.70508384017818,2.07684485484327
222,TTTAAGATGGTACTATACAT,RBS_BA_3320,,,,13.0581180067428,8.16038477848858,13.5499789749534,10.1480670139621,2.77448944662943,0.273400780938101,Bandit-1,Yes,"4,5,6,7,8,9",Third_Plate,1,,9.10353825927636,5.058262717,7.99559784577307,TGGTAC,3320.0,0.813229494245985,0.628636186878566,2.07050186800312
223,TTTAAGATGCTCGTATACAT,RBS_BA_3391,,,,21.6925235291712,39.1237699028576,29.7513208533147,23.1409986931145,8.79600522470128,0.380104823536353,Bandit-1,Yes,"4,5,6,7,8,9",Third_Plate,1,,11.6300913825367,22.09325966,18.8688896429513,TGCTCG,3391.0,0.75665934427605,0.656013079179635,2.06868550263532
224,TTTAAGATGGCATTATACAT,RBS_BA_3305,,,,58.7808611960897,56.3608327494671,48.7126275154047,36.108380938749,18.8383782490062,0.521717611237179,Bandit-1,Yes,"4,5,6,7,8,9",Third_Plate,1,,43.8822249574251,34.52183774,31.4148449860838,TGGCAT,3305.0,0.728468392961969,0.667331284464878,2.06313096189172
225,TTTAAGAGCTCAGTATACAT,RBS_BA_1689,,,,37.4434432241673,40.579958887271,35.5505118796355,23.2678658069285,14.7344653912408,0.633253840876689,Bandit-1,Yes,"4,5,6,7,8,9",Third_Plate,1,,25.6327931091154,24.22755361,23.0119095488644,GCTCAG,1689.0,0.661728183793704,0.69973525264295,2.0611986890796
226,TTTAAGAGTCGGTTATACAT,RBS_BA_1868,,,,14.7537400380829,7.52730038267644,18.3077428405938,9.96143975678161,5.55957932675476,0.558110018481,Bandit-1,Yes,"4,5,6,7,8,9",Third_Plate,1,,21.3310187943193,7.395756592,15.8894927323071,GTCGGT,1868.0,0.782997557753232,0.637879866111674,2.05875728997658
227,TTTAAGAGCGTGTTATACAT,RBS_BA_1586,,,,17.594249144365,5.72923687864075,16.2185024550443,10.2024626039775,4.89849440459072,0.48012863116803,Bandit-1,Yes,"4,5,6,7,8,9",Third_Plate,1,,8.3489769468045,10.91795333,7.56121398785453,GCGTGT,1586.0,0.836578976112271,0.610123530226721,2.05682603656571
228,TTTAAGATGATATTATACAT,RBS_BA_3259,,,,14.2833111728453,18.4748040908433,8.46089745552021,9.97559410322958,5.12389799980711,0.513643392742719,Bandit-1,Yes,"4,5,6,7,8,9",Third_Plate,1,,9.75655755079552,8.030912256,7.62243249420142,TGATAT,3259.0,0.891250822187609,0.582267423047388,2.05578566828238
229,TTTAAGAGGCTACTATACAT,RBS_BA_1392,,,,37.4416648511359,36.4931026268495,41.0316145226276,29.0222216403448,9.41407602357063,0.324374754635731,Bandit-1,Yes,"4,5,6,7,8,9",Third_Plate,1,,32.9691059039153,24.62004821,24.6154887293708,GGCTAC,1392.0,0.827018237743629,0.611325831822647,2.04966990138892
230,TTTAAGAGCTACGTATACAT,RBS_BA_1665,,,,15.1059036961256,16.0286445688813,16.8515699357638,10.1110800852131,6.03639812985095,0.597008240363843,Bandit-1,Yes,"4,5,6,7,8,9",Third_Plate,1,,9.55757771828209,10.82230381,8.68862611043004,GCTACG,1665.0,0.776670213630806,0.632843166121,2.04235654587281
231,TTTAAGAGCGAACTATACAT,RBS_BA_1533,,,,10.9873080770487,18.0198753965043,15.3698794089126,10.5413512701565,5.12188452173593,0.485885005676308,Bandit-1,Yes,"4,5,6,7,8,9",Third_Plate,1,,10.0882088896719,15.61101665,10.7466503400708,GCGAAC,1533.0,0.709195202635413,0.66417682511897,2.03754885287335
232,TTTAAGATGCTGCTATACAT,RBS_BA_3388,,,,11.9761642474446,12.2522156415797,9.83939131067006,8.97824675200413,3.0179377985899,0.336138878998423,Bandit-1,Yes,"4,5,6,7,8,9",Third_Plate,1,,10.1874165787218,9.435197281,5.89243331786278,TGCTGC,3388.0,0.826859911226498,0.603656868712568,2.03417364865163
233,TTTAAGAGCGGATTATACAT,RBS_BA_1550,,,,14.1563787961941,22.3870616759118,11.0756802173961,13.1610152392757,4.34270136982798,0.32996704972032,Bandit-1,Yes,"4,5,6,7,8,9",Third_Plate,1,,11.4013037963669,9.084739272,16.342227288979,GCGGAT,1550.0,0.882537129717056,0.574805973091353,2.03214907589976
234,TTTAAGAACGTATTATACAT,RBS_BA_604,,,,15.947617863567,13.3870972188265,14.8740252062531,12.0464933425897,3.27810663510118,0.272121234111475,Bandit-1,Yes,"4,5,6,7,8,9",Third_Plate,1,,10.6814089684516,12.90242593,9.42859802171824,ACGTAT,604.0,0.760249029295688,0.635242955228617,2.03073493975292
235,TTTAAGATGCGAGTATACAT,RBS_BA_3351,,,,46.0811708055648,43.3066496791894,41.5245208243907,31.7423205165226,12.0686967538791,0.380208395526632,Bandit-1,Yes,"4,5,6,7,8,9",Third_Plate,1,,36.1605259925991,26.7093947,23.0868905357192,TGCGAG,3351.0,0.753993612018825,0.637927507426523,2.02984862687187
236,TTTAAGAGCTTACTATACAT,RBS_BA_1706,,,,56.3985917488317,62.4400119850404,54.1291087499106,37.5942768850422,20.2987239060098,0.539941863174556,Bandit-1,Yes,"4,5,6,7,8,9",Third_Plate,1,,41.7153939956447,33.33313486,30.4845406948653,GCTTAC,1706.0,0.778692683420563,0.624543118586716,2.02777892059399
237,TTTAAGATGATGGTATACAT,RBS_BA_3261,,,,21.3570925387996,43.0363866431883,15.4697622889786,19.5425675900148,11.0745183818734,0.566686968376245,Bandit-1,Yes,"4,5,6,7,8,9",Third_Plate,1,,32.4775275698569,22.03358638,22.3928683901255,TGATGG,3261.0,0.750722864803937,0.635358080977655,2.02143902675925
238,TTTAAGATGCAAGTATACAT,RBS_BA_3335,,,,15.9468587423649,28.2299461664121,19.3721846351319,13.8429268698455,8.4608880108159,0.611206581553682,Bandit-1,Yes,"4,5,6,7,8,9",Third_Plate,1,,14.2855291155558,8.537456315,16.4294109630155,TGCAAG,3335.0,0.656070073232364,0.680996785728923,2.01806364469021
239,TTTAAGAGCTCCGTATACAT,RBS_BA_1697,,,,11.6820511700322,2.78005464480874,10.2508226280551,8.24061515666678,3.18352751174926,0.386321585370206,Bandit-1,Yes,"4,5,6,7,8,9",Third_Plate,1,,9.02731440099712,1.501166144,12.900200266617,GCTCCG,1697.0,0.688768726370992,0.664321821389791,2.01741236915057
240,TTTAAGAGCGTTATATACAT,RBS_BA_1591,,,,15.5981071044722,16.9853661455699,17.6116553667306,11.9981022237535,4.82741065535886,0.402347851796236,Bandit-1,Yes,"4,5,6,7,8,9",Third_Plate,1,,8.90821483942568,6.65774473,16.778547202216,GCGTTA,1591.0,0.698649320999237,0.658400881387556,2.01545108377435
241,TTTAAGATGTTATTATACAT,RBS_BA_3448,,,,16.0204170235925,14.4944789933925,13.4169046242687,10.2937935197069,4.54338232610642,0.441371037548828,Bandit-1,Yes,"4,5,6,7,8,9",Third_Plate,1,,10.2925609526478,9.632116755,7.07548729653097,TGTTAT,3448.0,0.695268149210715,0.660050666483462,2.01536948217764
242,TTTAAGATGGGGTTATACAT,RBS_BA_3293,,,,23.4583250867414,16.2799267081548,33.6807127568605,20.2445791391786,6.61319486428931,0.326664971339959,Bandit-1,Yes,"4,5,6,7,8,9",Third_Plate,1,,23.3524653646513,23.04385611,21.1177731341105,TGGGGT,3293.0,0.992796520473484,0.510303631020066,2.01340378251362
243,TTTAAGAGGCTGTTATACAT,RBS_BA_1397,,,,41.7606108280049,38.3708667725701,43.3631403798361,30.7520608799946,10.6007065953593,0.344715322876312,Bandit-1,Yes,"4,5,6,7,8,9",Third_Plate,1,,35.1645483164594,28.36022719,27.1936565030053,GGCTGT,1397.0,0.824663109775629,0.593224662891421,2.01111243555847
244,TTTAAGAGCGCAGTATACAT,RBS_BA_1564,,,,19.5002531033054,16.6678573077969,9.16192999434726,12.2870932140954,4.30963051023328,0.35074451175233,Bandit-1,Yes,"4,5,6,7,8,9",Third_Plate,1,,22.9020509392907,12.26668063,14.0697635814971,GCGCAG,1564.0,0.649641732070976,0.680089968196839,2.00982166846465
245,TTTAAGAGCAAATTATACAT,RBS_BA_1470,,,,5.48587074988678,7.33614980038148,12.1806737366962,10.2397027108581,3.12791474575934,0.305469292818679,Bandit-1,Yes,"4,5,6,7,8,9",Third_Plate,1,,8.80119303940326,9.104858441,16.2114612756101,GCAAAT,1470.0,0.611422727000464,0.697980776574108,2.00738428014868
246,TTTAAGAGCCTGGTATACAT,RBS_BA_1646,,,,41.6642293065197,43.7433505164271,41.329516778435,29.1514643888633,13.3675117941248,0.458553697879809,Bandit-1,Yes,"4,5,6,7,8,9",Third_Plate,1,,32.0197650220367,26.19719891,22.6835172062372,GCCTGG,1646.0,0.751185125368623,0.624013421864982,1.99921196909859
247,TTTAAGATGCGGGTATACAT,RBS_BA_3355,,,,55.2288082634468,58.6660629616446,49.9672451192191,36.3258098271404,18.5737181549449,0.511309128229477,Bandit-1,Yes,"4,5,6,7,8,9",Third_Plate,1,,42.244563378757,31.82030188,28.9187850057868,TGCGGG,3355.0,0.822346289009308,0.584662065709109,1.99167042042753
248,TTTAAGACGCAATTATACAT,RBS_BA_2345,,,,38.3479601169762,42.7977089572708,37.1713118456597,24.9846609186404,14.7106848437767,0.588788652833045,Bandit-1,Yes,"4,5,6,7,8,9",Third_Plate,1,,30.2541398785016,23.30219753,21.518428308546,CGCAAT,2345.0,0.683762278579672,0.652691762455533,1.98914580349074
249,TTTAAGATGGTGTTATACAT,RBS_BA_3325,,,,16.8145499964359,24.8840763734496,19.8889878088418,14.7715206551929,6.23585340187788,0.422153788187385,Bandit-1,Yes,"4,5,6,7,8,9",Third_Plate,1,,29.458627850955,22.97866642,20.6373949881599,TGGTGT,3325.0,0.847543913628027,0.570105921739198,1.98775575710642
250,TTTAAGATGGACGTATACAT,RBS_BA_3280,,,,18.5241140099773,9.35713131486552,33.4895834745177,15.2940592907286,8.72882134730823,0.570732804246398,Bandit-1,Yes,"4,5,6,7,8,9",Third_Plate,1,,11.1511709732719,9.181680075,17.0173179154525,TGGACG,3280.0,0.719103723945118,0.632339464862296,1.98378265366971
251,TTTAAGAGCATGTTATACAT,RBS_BA_1522,,,,8.0064549547739,35.2492801816593,15.1536568771285,14.3525639973562,9.64827251142426,0.672233373298425,Bandit-1,Yes,"4,5,6,7,8,9",Third_Plate,1,,21.8001933198753,10.26375644,18.6420271966434,GCATGT,1522.0,0.729154951091003,0.6243645316239,1.9778840143388
252,TTTAAGAGCGAGGTATACAT,RBS_BA_1536,,,,75.184197837474,83.558753949881,75.0039045789157,61.7396652278049,16.4582565155298,0.266575085154781,Bandit-1,Yes,"4,5,6,7,8,9",Third_Plate,1,,62.3151287182449,60.88539116,53.67577007812,GCGAGG,1536.0,0.769440911952287,0.602045391689033,1.97353169533035
253,TTTAAGACTCTGGTATACAT,RBS_BA_2890,,,,33.5497540632667,14.896391334326,18.5417055988938,16.3786756447619,8.32106415296571,0.50804255078016,Bandit-1,Yes,"4,5,6,7,8,9",Third_Plate,1,,16.0503885382844,9.808891305,17.6008803453656,CTCTGG,2890.0,0.815483877724928,0.578407502410714,1.97229888254636
254,TTTAAGAGCTCGGTATACAT,RBS_BA_1693,,,,18.6285606007218,17.4642628456928,28.9295096270723,16.5782938721945,6.28394535714336,0.379046565683273,Bandit-1,Yes,"4,5,6,7,8,9",Third_Plate,1,,11.9666277388434,19.46515061,18.2827246217704,GCTCGG,1693.0,0.622549474368892,0.672255790464238,1.96706105529737
255,TTTAAGAGGCGGTTATACAT,RBS_BA_1365,,,,38.6342705300192,40.2929946507919,19.207723163411,23.9985181846437,11.0340019266945,0.459778468062042,Bandit-1,Yes,"4,5,6,7,8,9",Third_Plate,1,,28.0758774327022,19.58575305,17.9037719979653,GGCGGT,1365.0,0.719884661365244,0.621536706087029,1.9629580735393
256,TTTAAGAACGCATTATACAT,RBS_BA_588,,,,32.8140858174835,20.1592198636578,10.9946055143972,16.9422402208789,7.76004685492021,0.458029561247576,Bandit-1,Yes,"4,5,6,7,8,9",Third_Plate,1,,27.3752184704434,11.703234,16.8106726016516,ACGCAT,588.0,0.635410080464985,0.660541382878961,1.95649284622291
257,TTTAAGAGACTATTATACAT,RBS_BA_1162,,,,41.3351089316984,40.8148942870498,39.490772126386,28.4029727829612,12.2313867505444,0.430637554878831,Bandit-1,Yes,"4,5,6,7,8,9",Third_Plate,1,,24.5560190366208,20.47620824,21.2056913335296,GACTAT,1162.0,0.677579410504718,0.637960086800142,1.953499584105
258,TTTAAGAGCATACTATACAT,RBS_BA_1517,,,,46.1886635566269,51.022474448357,48.5179206823776,33.7010491896738,14.9953254906648,0.444951295322269,Bandit-1,Yes,"4,5,6,7,8,9",Third_Plate,1,,39.3554724736747,24.91460523,25.0327552005599,GCATAC,1517.0,0.72385592487398,0.612820138516415,1.94949620190681
259,TTTAAGACAGTGGTATACAT,RBS_BA_2084,,,,60.679435676795,61.012420455951,53.1057976520052,38.6911782481726,19.8589977564754,0.513269397718931,Bandit-1,Yes,"4,5,6,7,8,9",Third_Plate,1,,47.4459402423423,29.96064957,25.3406405280443,CAGTGG,2084.0,0.558830237890739,0.694956635411392,1.94874350871352
260,TTTAAGAGCTAAGTATACAT,RBS_BA_1658,,,,49.55604753091,55.5430988769132,51.3431664507006,34.8352252004993,17.4343370732913,0.500480102337371,Bandit-1,Yes,"4,5,6,7,8,9",Third_Plate,1,,35.9051908195835,25.52352882,23.2165696654505,GCTAAG,1658.0,0.677238678512841,0.634139365906549,1.94551741032594
261,TTTAAGAGCGGAGTATACAT,RBS_BA_1548,,,,63.6050305810736,73.1466601116297,70.4088854284167,49.472658739697,19.7915431828955,0.400050122372233,Bandit-1,Yes,"4,5,6,7,8,9",Third_Plate,1,,51.3166250398984,39.30477557,45.1954169148416,GCGGAG,1548.0,0.789157952524236,0.57688195673692,1.94292186599808
262,TTTAAGACTCTACTATACAT,RBS_BA_2887,,,,45.6319216289583,53.5355826024926,49.0181557537197,32.4336357963977,17.1348856043559,0.528306037347162,Bandit-1,Yes,"4,5,6,7,8,9",Third_Plate,1,,34.5056119466944,25.98060948,23.6847321988001,CTCTAC,2887.0,0.813209439379929,0.564510213607478,1.94222986659488
263,TTTAAGATGGTTATATACAT,RBS_BA_3330,,,,46.9362473125099,58.7733553591415,48.4362833347409,34.6842459997303,17.1084409282533,0.493262587527096,Bandit-1,Yes,"4,5,6,7,8,9",Third_Plate,1,,37.2061731729337,27.73658181,25.3843870195851,TGGTTA,3330.0,0.706032797824877,0.617108982445548,1.94025076271597
264,TTTAAGAAGGAGATATACAT,RBS_1by1_0,,,,81.5524662290194,84.5329442012574,89.839164896926,68.0996337197638,21.5424782590097,0.316337652382375,Consensus,Yes,"4,5,6,7,8,9",Third_Plate,1,,64.8287009481803,52.81800806,58.5657955792465,AGGAGA,,,,
