,RBS,Name,Rep1,Rep2,Rep3,Rep4,Rep5,Rep6,AVERAGE,STD,PERC,Group,Usable,Replicates,Plate,Round,RBS6
0,TTTAAGAAGGAGATATACAT,RBS_1by1_0,,2.245414450210737,,2.7396251000128933,2.7778336635885585,1.7984067079991064,2.3903199804528237,0.46315578947401925,0.282439697367451,reference,Yes,"2,4,5,6",First_Plate,0,AGGAGA
1,CTTAAGAAGGAGATATACAT,RBS_1by1_1,,1.420848493893853,,1.5218270382999812,2.162124022309491,1.5021379282190885,1.6517343706806034,0.34305533819528033,0.2858212159316,bps_noncore,Yes,"2,4,5,6",First_Plate,0,AGGAGA
2,GTTAAGAAGGAGATATACAT,RBS_1by1_2,,0.5595951835555495,,0.17504381087336504,0.3716902042278001,0.35630220951716607,0.36565785204347023,0.15712979620383957,0.370242793645159,bps_noncore,Yes,"2,4,5,6",First_Plate,0,AGGAGA
3,ATTAAGAAGGAGATATACAT,RBS_1by1_3,,1.6332180533989764,,1.2830976793363278,1.5933623733837214,0.8300404748493825,1.334929645242102,0.37119764568442876,0.313749363261467,bps_noncore,Yes,"2,4,5,6",First_Plate,0,AGGAGA
4,TCTAAGAAGGAGATATACAT,RBS_1by1_4,,1.825126556099957,,1.6788163546783161,1.6210518477328109,1.6777359756999501,1.7006826835527586,0.08723920213538225,0.216994188265685,bps_noncore,Yes,"2,4,5,6",First_Plate,0,AGGAGA
5,TGTAAGAAGGAGATATACAT,RBS_1by1_5,,-0.0313652543799507,,-0.11342915993444597,0.08076073535521963,0.032031980958001444,-0.008000424500293896,0.08394893391465853,0.352868906514479,bps_noncore,Yes,"2,4,5,6",First_Plate,0,AGGAGA
6,TATAAGAAGGAGATATACAT,RBS_1by1_6,,1.0774421625139077,,0.6099239665661627,1.0758713170658563,1.2302770298898127,0.9983786190089348,0.26890522006660966,0.262864725328496,bps_noncore,Yes,"2,4,5,6",First_Plate,0,AGGAGA
8,TTGAAGAAGGAGATATACAT,RBS_1by1_8,,1.4297685365663577,,1.7376049782202896,1.6418937107613771,1.7573135442788677,1.641645192456723,0.1499769173013779,0.143863809638957,bps_noncore,Yes,"2,4,5,6",First_Plate,0,AGGAGA
9,TTAAAGAAGGAGATATACAT,RBS_1by1_9,,0.42215087366622933,,0.14468051365350126,0.1579203233629456,0.11888992038601605,0.21091040776717307,0.14175642542825748,0.500165613246485,bps_noncore,Yes,"2,4,5,6",First_Plate,0,AGGAGA
10,TTTCAGAAGGAGATATACAT,RBS_1by1_10,,0.729431669094916,,1.2531005164881597,1.0612782787908392,1.467023177556003,1.1277084104824795,0.31299361896028277,0.229046172406994,bps_noncore,Yes,"2,4,5,6",First_Plate,0,AGGAGA
11,TTTGAGAAGGAGATATACAT,RBS_1by1_11,,1.7567025658532982,,1.523223959328887,1.6934599824906789,1.3401567506530434,1.5783858145814769,0.18693567973972325,0.246492931279195,bps_noncore,Yes,"2,4,5,6",First_Plate,0,AGGAGA
12,TTTTAGAAGGAGATATACAT,RBS_1by1_12,,1.2598124186409674,,1.170124775529072,1.1156638621684392,1.3202374724049144,1.216459632185848,0.09120674391871764,0.346878040617958,bps_noncore,Yes,"2,4,5,6",First_Plate,0,AGGAGA
13,TTTACGAAGGAGATATACAT,RBS_1by1_13,,1.210868032362441,,1.427245835398079,1.2109159065371853,1.6012164262808908,1.362561550144649,0.18898635861230387,0.307219386666956,bps_noncore,Yes,"2,4,5,6",First_Plate,0,AGGAGA
14,TTTAGGAAGGAGATATACAT,RBS_1by1_14,,1.1761835713266788,,1.2177167721153839,0.908483620485855,1.0048750634163208,1.0768147568360598,0.14518749964250047,0.359171828303309,bps_noncore,Yes,"2,4,5,6",First_Plate,0,AGGAGA
15,TTTATGAAGGAGATATACAT,RBS_1by1_15,,0.1444808497884199,,0.19281705813969274,-0.0020499471146450303,-0.07542698742328609,0.06495524334754539,0.12499310917913256,0.486946994004532,bps_noncore,Yes,"2,4,5,6",First_Plate,0,AGGAGA
16,TTTAACAAGGAGATATACAT,RBS_1by1_16,,0.6310153765543616,,0.40608016942650443,0.6381355963955874,0.7091968040429014,0.5961069866048387,0.13150981938612466,0.268922756662116,bps_noncore,Yes,"2,4,5,6",First_Plate,0,AGGAGA
17,TTTAAAAAGGAGATATACAT,RBS_1by1_17,,0.24625736724050795,,0.21551100499384537,0.2954932304783208,0.5939992772262852,0.33781521998473985,0.17393732911999676,0.247871966408043,bps_noncore,Yes,"2,4,5,6",First_Plate,0,AGGAGA
18,TTTAATAAGGAGATATACAT,RBS_1by1_18,,0.509021579714646,,0.4148859044119399,0.41038264895319426,0.44959059861930367,0.445970182924771,0.04553859532234484,0.250961658011903,bps_noncore,Yes,"2,4,5,6",First_Plate,0,AGGAGA
19,TTTAAGCAGGAGATATACAT,RBS_1by1_19,,-0.03377927112952847,,0.006164888992358262,0.11337046844084885,0.2108076775884559,0.07414094097303363,0.11027884134562221,0.359967315678838,bps_noncore,Yes,"2,4,5,6",First_Plate,0,AGGAGA
20,TTTAAGGAGGAGATATACAT,RBS_1by1_20,,1.3085625896692032,,0.7273541666247013,0.18253193969552306,0.9203467850100552,0.7846988702498707,0.4685890098973536,0.247438951772998,bps_noncore,Yes,"2,4,5,6",First_Plate,0,AGGAGA
21,TTTAAGTAGGAGATATACAT,RBS_1by1_21,,0.09929776457773437,,0.0790635691135406,-0.28190461210894885,-0.00881634744827864,-0.02808990646648813,0.1755969446778125,0.42247609953164,bps_core,Yes,"2,4,5,6",First_Plate,0,AGGAGA
22,TTTAAGACGGAGATATACAT,RBS_1by1_22,,0.6643203860126274,,0.4533726973596549,0.527178670771611,0.7111530820706863,0.5890062090536449,0.1194587485610413,0.177653339958677,bps_core,Yes,"2,4,5,6",First_Plate,0,CGGAGA
23,TTTAAGAGGGAGATATACAT,RBS_1by1_23,,-0.6211857482231729,,-0.7563581739324965,-0.583194147133486,-0.6381384032278515,-0.6497191181292518,0.07471217246745374,0.624405661975777,bps_core,Yes,"2,4,5,6",First_Plate,0,GGGAGA
24,TTTAAGATGGAGATATACAT,RBS_1by1_24,,0.6880026266267366,,0.4836402975303497,0.9766362508803547,0.310682936050389,0.6147405277719575,0.2863413691066892,0.228430931567653,bps_core,Yes,"2,4,5,6",First_Plate,0,TGGAGA
25,TTTAAGAACGAGATATACAT,RBS_1by1_25,,0.8954932278483775,,0.8286669570399163,0.9102951014183018,1.1547680714758157,0.9473058394456029,0.14279367818321959,0.333040506017407,bps_core,Yes,"2,4,5,6",First_Plate,0,ACGAGA
26,TTTAAGAAAGAGATATACAT,RBS_1by1_26,,-0.467119349459375,,-0.7454332394283034,-0.6543738823134146,-0.5131465533870778,-0.5950182561470427,0.12807401974095659,0.701151034207716,bps_core,Yes,"2,4,5,6",First_Plate,0,AAGAGA
27,TTTAAGAATGAGATATACAT,RBS_1by1_27,,-0.7493762659110641,,-0.8480495554563372,-0.8045695973760137,-1.5275199218142943,-0.9823788351394274,0.365663543922669,0.571047301523296,bps_core,Yes,"2,4,5,6",First_Plate,0,ATGAGA
28,TTTAAGAAGCAGATATACAT,RBS_1by1_28,,-0.8284991910655095,,-0.7328419389904137,-1.0885642143857608,-1.3946024987582344,-1.0111269607999795,0.29656110786650064,0.50494802459141,bps_core,Yes,"2,4,5,6",First_Plate,0,AGCAGA
29,TTTAAGAAGAAGATATACAT,RBS_1by1_29,,-1.1881212521074516,,-1.5713408765398529,-1.2389315297182548,-1.4214881741966416,-1.3549704581405502,0.17563641893684626,0.707753287865639,bps_core,Yes,"2,4,5,6",First_Plate,0,AGAAGA
30,TTTAAGAAGTAGATATACAT,RBS_1by1_30,,-2.1397321195002563,,-1.125000006433913,-1.5352931274175232,-1.6196870809923867,-1.6049280835860198,0.4168985372941895,0.49007332005234,bps_core,Yes,"2,4,5,6",First_Plate,0,AGTAGA
31,TTTAAGAAGGCGATATACAT,RBS_1by1_31,,-1.7833897512023176,,-1.1810147397631234,-1.258049309498875,-1.4143901215527201,-1.409210980504259,0.26768137216513993,0.368394705376963,bps_core,Yes,"2,4,5,6",First_Plate,0,AGGCGA
32,TTTAAGAAGGGGATATACAT,RBS_1by1_32,,-0.2737285017276703,,-0.46323152188355216,-0.7028849801525671,-0.4187624647183413,-0.4646518671205327,0.17824571264717043,0.156203079184816,bps_core,Yes,"2,4,5,6",First_Plate,0,AGGGGA
33,TTTAAGAAGGTGATATACAT,RBS_1by1_33,,-0.24393995302063576,,-0.5047125981829323,-0.6506775861725267,-0.22806431720726167,-0.40684861364583913,0.2061819452753897,0.311700731419151,bps_core,Yes,"2,4,5,6",First_Plate,0,AGGTGA
34,TTTAAGAAGGACATATACAT,RBS_1by1_34,,-0.1955500453519326,,-0.0029479070318805083,-0.3643159077552604,0.06664680936074213,-0.12404176269458285,0.19482552251095614,0.250484484877157,bps_core,Yes,"2,4,5,6",First_Plate,0,AGGACA
35,TTTAAGAAGGAAATATACAT,RBS_1by1_35,,-0.2691014236256299,,-0.5377992331795609,-0.4058281212750103,-0.33004783675024707,-0.38569415370761206,0.11580401425117984,0.344830424411704,bps_core,Yes,"2,4,5,6",First_Plate,0,AGGAAA
36,TTTAAGAAGGATATATACAT,RBS_1by1_36,,0.9439103336396822,,0.6613579802295746,0.9153962746919231,0.3557577374151606,0.7191055814940852,0.2735103008858097,0.216276388132994,bps_core,Yes,"2,4,5,6",First_Plate,0,AGGATA
37,TTTAAGAAGGAGCTATACAT,RBS_1by1_37,,-0.05121151818359889,,-0.08297147975883422,-0.17819227629171905,-0.10652800688784823,-0.10472582028050009,0.053967891367204236,0.564963718935367,bps_core,Yes,"2,4,5,6",First_Plate,0,AGGAGC
38,TTTAAGAAGGAGGTATACAT,RBS_1by1_38,,0.032757209120955574,,-0.29279312338483254,-0.24640123497637112,-0.20211747003349367,-0.17713865481843544,0.14474515077418146,0.388899173068597,bps_core,Yes,"2,4,5,6",First_Plate,0,AGGAGG
39,TTTAAGAAGGAGTTATACAT,RBS_1by1_39,,-0.4394016001484399,,-0.38662366589605984,-0.30285120448981107,-0.251643872797301,-0.34513008583290294,0.08393650662487546,0.418050905657201,bps_noncore,Yes,"2,4,5,6",First_Plate,0,AGGAGT
40,TTTAAGAAGGAGACATACAT,RBS_1by1_40,,0.23880285497868475,,0.8185274121963171,0.33065420982398036,0.47102889609706317,0.46475334327401135,0.25444821028913067,0.190191473361324,bps_noncore,Yes,"2,4,5,6",First_Plate,0,AGGAGA
41,TTTAAGAAGGAGAGATACAT,RBS_1by1_41,,0.26708141264178653,,0.5555777391714772,0.276257365245825,0.4851040334199615,0.3960051376197626,0.14647284645912378,0.241121957150522,bps_noncore,Yes,"2,4,5,6",First_Plate,0,AGGAGA
42,TTTAAGAAGGAGAAATACAT,RBS_1by1_42,,-1.720861741675284,,-1.562553941789931,-1.6599080772595662,-1.5040050601217305,-1.6118322052116278,0.09704598524882485,1.18224016630646,bps_noncore,Yes,"2,4,5,6",First_Plate,0,AGGAGA
43,TTTAAGAAGGAGATCTACAT,RBS_1by1_43,,-1.744726092040288,,-1.6712879399125464,-1.603338981148352,-1.3471501158325612,-1.591625782233437,0.17290779307675114,0.448232002430611,bps_noncore,Yes,"2,4,5,6",First_Plate,0,AGGAGA
44,TTTAAGAAGGAGATGTACAT,RBS_1by1_44,,1.197958808116603,,0.6749254990395837,0.6974059304709831,1.1520303584587137,0.9305801490214709,0.28299650106983154,0.412532148116162,bps_noncore,Yes,"2,4,5,6",First_Plate,0,AGGAGA
45,TTTAAGAAGGAGATTTACAT,RBS_1by1_45,,0.517629392730132,,0.40252013075184045,0.16592825026074395,0.3882213678728945,0.3685747854039027,0.146993388563574,0.330204412246145,bps_noncore,Yes,"2,4,5,6",First_Plate,0,AGGAGA
46,TTTAAGAAGGAGATACACAT,RBS_1by1_46,,0.31568344705743256,,0.6231551990689768,0.26701332649821746,0.4847460271255255,0.4226494999375381,0.16301622518896627,0.261052256370505,bps_noncore,Yes,"2,4,5,6",First_Plate,0,AGGAGA
47,TTTAAGAAGGAGATAGACAT,RBS_1by1_47,,1.1489409553586443,,1.0237885389813932,1.0375302370067208,0.8971766158953909,1.0268590868105374,0.10302884321285251,0.188481874079065,bps_noncore,Yes,"2,4,5,6",First_Plate,0,AGGAGA
48,TTTAAGAAGGAGATAAACAT,RBS_1by1_48,,1.6528130489132096,,1.9958104525163145,1.7316093702555602,1.438899331363072,1.7047830507620392,0.23008087949169012,0.249926971292371,bps_noncore,Yes,"2,4,5,6",First_Plate,0,AGGAGA
49,TTTAAGAAGGAGATATCCAT,RBS_1by1_49,,0.7027497313368377,,1.1738047226100168,1.0755791401113943,1.1027426842993315,1.0137190695893952,0.21140893858214088,0.405613819160293,bps_noncore,Yes,"2,4,5,6",First_Plate,0,AGGAGA
50,TTTAAGAAGGAGATATGCAT,RBS_1by1_50,,0.17109814186217334,,-0.04311377382105536,-0.15709889305947308,0.041861238072252574,0.003186678263474369,0.13847403778544612,0.534574518703909,bps_noncore,Yes,"2,4,5,6",First_Plate,0,AGGAGA
51,TTTAAGAAGGAGATATTCAT,RBS_1by1_51,,0.5698597193841104,,0.5563082779181459,0.3246518007270793,0.334169253928382,0.4462472629894294,0.13508072023910853,0.2707938030396,bps_noncore,Yes,"2,4,5,6",First_Plate,0,AGGAGA
52,TTTAAGAAGGAGATATAAAT,RBS_1by1_52,,0.3540164486558522,,0.6719503283594596,0.8609342738056464,0.9413861781781275,0.7070718072497714,0.2610609683257486,0.258977127012794,bps_noncore,Yes,"2,4,5,6",First_Plate,0,AGGAGA
53,TTTAAGAAGGAGATATAGAT,RBS_1by1_53,,0.4002455097013745,,0.6337210902469471,0.3184188772543267,0.5181939635185552,0.46764486018030094,0.13777710558078388,0.213547642085878,bps_noncore,Yes,"2,4,5,6",First_Plate,0,AGGAGA
54,TTTAAGAAGGAGATATATAT,RBS_1by1_54,,0.33974736708248876,,0.8112986551374685,0.2329739663778869,0.7635390448373486,0.5368897583587982,0.29320076895422637,0.232857612773263,bps_noncore,Yes,"2,4,5,6",First_Plate,0,AGGAGA
55,TTTAAGAAGGAGATATACCT,RBS_1by1_55,,0.5265460385657225,,0.6260110640349736,0.5053113061031592,1.0015566381175216,0.6648562617053442,0.23055035859235268,0.185522759483273,bps_noncore,Yes,"2,4,5,6",First_Plate,0,AGGAGA
56,TTTAAGAAGGAGATATACGT,RBS_1by1_56,,0.8681399706105752,,0.9745505246136577,0.3697697420625267,0.8894299050515629,0.7754725355845806,0.27434791655705526,0.246680977385257,bps_noncore,Yes,"2,4,5,6",First_Plate,0,AGGAGA
57,TTTAAGAAGGAGATATACTT,RBS_1by1_57,,0.7516132288106856,,0.7832690294260805,0.32998096238839325,0.670518630101326,0.6338454626816212,0.20806665981900505,0.28642228374205,bps_noncore,Yes,"2,4,5,6",First_Plate,0,AGGAGA
58,TTTAAGAAGGAGATATACAC,RBS_1by1_58,,0.5877718354757808,,0.9722896374993413,0.8991666503289193,1.1514648409946548,0.9026732410746741,0.23517291104541008,0.237978590036939,bps_noncore,Yes,"2,4,5,6",First_Plate,0,AGGAGA
59,TTTAAGAAGGAGATATACAG,RBS_1by1_59,,-0.9110982573913088,,-0.6582015786071906,-0.42920790857042346,-0.5998336491424475,-0.6495853484278425,0.1995868136567247,0.648132664918978,bps_noncore,Yes,"2,4,5,6",First_Plate,0,AGGAGA
60,TTTAAGAAGGAGATATACAA,RBS_1by1_60,,1.6394229348016027,,1.882097042718041,2.352771239839381,1.805675854782784,1.9199917680354521,0.30578918643774006,0.221911519160352,bps_noncore,Yes,"2,4,5,6",First_Plate,0,AGGAGA
61,TTTAAGAGTTGACTATACAT,RBS_RU_0,,0.9516764549434115,,0.7095610261100805,0.8123170632104592,0.9911291316344731,0.8661709189746061,0.12955391145023365,0.482792124076787,uni random,Yes,"2,4,5,6",First_Plate,0,GTTGAC
62,TTTAAGATACCTGTATACAT,RBS_RU_1,,-1.4241016795880717,,-0.8132382819394146,-1.6624142984996677,-0.7695274166271999,-1.1673204191635884,0.4452220411694927,1.05079700351096,uni random,Yes,"2,4,5,6",First_Plate,0,TACCTG
63,TTTAAGAGAAGCGTATACAT,RBS_RU_2,,-1.8229440803397687,,-1.132372993379223,-1.8774702689008211,-1.362902649377505,-1.5489224979993295,0.36108555737444453,0.798014276008675,uni random,Yes,"2,4,5,6",First_Plate,0,GAAGCG
64,TTTAAGAGTATGCTATACAT,RBS_RU_3,,-1.4926748812764599,,-1.4719179937059175,-1.195734339895015,-1.1546428116677188,-1.328742506636278,0.17830210296087778,0.343767595132776,uni random,Yes,"2,4,5,6",First_Plate,0,GTATGC
65,TTTAAGATCACTTTATACAT,RBS_RU_4,,-1.579140919620405,,-1.3751858738427898,-1.0641538103107588,-1.6417187893869163,-1.4150498482902174,0.2601421755352345,0.410914404963235,uni random,Yes,"2,4,5,6",First_Plate,0,TCACTT
66,TTTAAGAGAAGCCTATACAT,RBS_RU_5,,-1.0736990219951124,,-1.682940471778076,-1.0590314852757132,-0.9345439443934619,-1.1875537308605908,0.33610654930939793,0.547300065293883,uni random,Yes,"2,4,5,6",First_Plate,0,GAAGCC
67,TTTAAGAATAGAATATACAT,RBS_RU_6,,-1.5946282686553463,,-1.098316651971263,-1.0529645920615138,-1.5284389495700876,-1.3185871155645528,0.2824363719252573,0.333007568571241,uni random,Yes,"2,4,5,6",First_Plate,0,ATAGAA
68,TTTAAGATCTGACTATACAT,RBS_RU_7,,-0.9315712581176052,,-1.0859126418417167,-1.0755265928426092,-1.3173341463796795,-1.1025861597954025,0.15955460998509996,0.34563104591221,uni random,Yes,"2,4,5,6",First_Plate,0,TCTGAC
69,TTTAAGATAAGTATATACAT,RBS_RU_8,,-0.9754406556374193,,-1.5072390539639602,-1.3081460522569757,-0.9279284337119232,-1.1796885488925695,0.2762191286147522,0.244712994713723,uni random,Yes,"2,4,5,6",First_Plate,0,TAAGTA
70,TTTAAGAGATAAATATACAT,RBS_RU_9,,-1.0701595206992391,,-1.5413473732303666,-0.9385402737971703,-1.3220137069986915,-1.2180152186813669,0.26790976091549545,0.296670509304436,uni random,Yes,"2,4,5,6",First_Plate,0,GATAAA
71,TTTAAGAGGTCAATATACAT,RBS_RU_10,,-0.44581063177012403,,-0.3233203189228094,-0.4948379053546576,-0.5166064533665595,-0.44514382735353764,0.08644424048591501,0.293000528862038,uni random,Yes,"2,4,5,6",First_Plate,0,GGTCAA
72,TTTAAGACGATCCTATACAT,RBS_RU_11,,-0.28842246080277134,,-0.49652678030241487,-0.16527858755207978,-0.5819500030724524,-0.3830444579324296,0.19045292508583433,0.435947612631788,uni random,Yes,"2,4,5,6",First_Plate,0,CGATCC
73,TTTAAGAACAGACTATACAT,RBS_RU_12,,-0.9543549113752823,,-0.8815357634667065,-0.953699721787623,-1.1632088726925978,-0.9881998173305524,0.12157456435863714,0.703762091434159,uni random,Yes,"2,4,5,6",First_Plate,0,ACAGAC
74,TTTAAGAGTTATATATACAT,RBS_RU_13,,-0.9290395578957641,,-1.002473382278983,-1.0230395753995543,-1.329115075003009,-1.0709168976443275,0.17679765374232245,0.572262751548613,uni random,Yes,"2,4,5,6",First_Plate,0,GTTATA
75,TTTAAGAGGAACATATACAT,RBS_RU_14,,-1.0524289020440292,,-1.1904955866188331,-1.3085933558794702,-1.0993439167589365,-1.1627154403253173,0.11288810580940772,0.552369609609251,uni random,Yes,"2,4,5,6",First_Plate,0,GGAACA
76,TTTAAGACCCGAATATACAT,RBS_RU_15,,0.33023614520945094,,0.30386156179506063,0.11131716227178474,0.28416271957140016,0.25739439721192414,0.09919714257549458,0.313353491846927,uni random,Yes,"2,4,5,6",First_Plate,0,CCCGAA
77,TTTAAGAAATGTCTATACAT,RBS_RU_16,,-0.9739174977573677,,-1.1843856084997142,-1.3489017459336021,-1.241447390801929,-1.1871630607481531,0.15767854974721457,0.906210513458974,uni random,Yes,"2,4,5,6",First_Plate,0,AATGTC
78,TTTAAGACGTACCTATACAT,RBS_RU_17,,-1.0340290976304465,,-0.9523440770485069,-0.8935592107883836,-1.7287019016421283,-1.1521585717773664,0.3886541932024042,0.352030793414694,uni random,Yes,"2,4,5,6",First_Plate,0,CGTACC
79,TTTAAGAACCGTGTATACAT,RBS_RU_18,,-0.9985763953052359,,-1.012867863915098,-0.9425143601101287,-1.1041705420034658,-1.0145322903334821,0.0670297429940912,0.428812505964055,uni random,Yes,"2,4,5,6",First_Plate,0,ACCGTG
80,TTTAAGAGGACACTATACAT,RBS_RU_19,,-0.7995181566747209,,-1.104195381147127,-0.9064116510483082,-0.8004739495341848,-0.9026497846010852,0.14342339776180998,0.687291250726489,uni random,Yes,"2,4,5,6",First_Plate,0,GGACAC
81,TTTAAGAATCCCATATACAT,RBS_RU_20,,-0.683804593631949,,-0.9786414155135116,-0.920849606519302,-0.8321837815086479,-0.8538698492933525,0.12838316132346433,0.417819464088365,uni random,Yes,"2,4,5,6",First_Plate,0,ATCCCA
82,TTTAAGAGAGCGATATACAT,RBS_RU_21,,-1.2917113296295974,,-0.8948209465889043,-0.921324213351382,-0.7596525082696874,-0.966877249459893,0.22783507403615788,0.51616047060723,uni random,Yes,"2,4,5,6",First_Plate,0,GAGCGA
83,TTTAAGAATATGCTATACAT,RBS_RU_22,,0.4260536683863144,,0.4333563890335445,0.43074754600361215,0.6296655451412094,0.4799557871411701,0.09985223240124702,0.233656325926584,uni random,Yes,"2,4,5,6",First_Plate,0,ATATGC
84,TTTAAGACAACATTATACAT,RBS_RU_23,,-0.17001201329864057,,-0.3129321473375743,-0.015766928645660476,-0.4846814297890977,-0.24584812976774326,0.20019164674822248,0.54901221391955,uni random,Yes,"2,4,5,6",First_Plate,0,CAACAT
85,TTTAAGAGCTACATATACAT,RBS_RU_24,,0.32271020637111014,,0.10585940337587385,0.6686887627886742,0.34563653304393077,0.36072372639489725,0.23199923699355404,0.352430113658201,uni random,Yes,"2,4,5,6",First_Plate,0,GCTACA
86,TTTAAGAGAAGACTATACAT,RBS_RU_25,,-0.4822041897444521,,-0.6106673431664854,-0.26964311141225944,-0.5010311606580148,-0.4658864512453029,0.14256504279772453,0.644326846244196,uni random,Yes,"2,4,5,6",First_Plate,0,GAAGAC
87,TTTAAGACTCCGTTATACAT,RBS_RU_26,,-0.35326083265569713,,-0.3335227314840025,-0.19887091232980875,-0.5007699123442945,-0.3466060972034507,0.12356864045395664,0.40121051526888,uni random,Yes,"2,4,5,6",First_Plate,0,CTCCGT
88,TTTAAGATTACTATATACAT,RBS_RU_27,,-0.4893036077140067,,-0.647253386311659,-0.3070068175635139,-0.5667850549964626,-0.5025872166464105,0.1454622629941388,0.544935437198503,uni random,Yes,"2,4,5,6",First_Plate,0,TTACTA
89,TTTAAGACGAGACTATACAT,RBS_RU_28,,-0.5875373989670714,,-0.7690311967851564,-0.18884225708843053,-0.537391549626512,-0.5207006006167926,0.24258592330367143,0.392259377029515,uni random,Yes,"2,4,5,6",First_Plate,0,CGAGAC
90,TTTAAGAAGGAGATATACAT,RBS_1by1_0,,3.068213506518776,,3.718166200639099,3.3015733880932077,3.521684758842891,3.402409463523494,0.28034726376044433,0.282439697367451,reference,Yes,"2,4,5,6",Second_Plate,0,AGGAGA
91,TTTAAGACGGATTTATACAT,RBS_BA_00,,1.0766628992524967,,0.8113091728545404,1.0759088073944518,1.0449938054883088,1.0022186712474495,0.12812536560544505,0.338657205206697,bandit,Yes,"2,4,5,6",Second_Plate,0,CGGATT
92,TTTAAGATTCGGATATACAT,RBS_BA_01,,0.9238389324641888,,0.5242004320213398,0.4825925875525255,0.23965432695888736,0.5425715697492354,0.2834658326607124,0.390283803075528,bandit,Yes,"2,4,5,6",Second_Plate,0,TTCGGA
93,TTTAAGACTCGGATATACAT,RBS_BA_02,,0.6625400109573251,,0.4669346474067823,0.24879706658786835,0.2952031021475088,0.4183687067748711,0.1878852342030074,0.397360284050247,bandit,Yes,"2,4,5,6",Second_Plate,0,CTCGGA
94,TTTAAGAACCGGATATACAT,RBS_BA_03,,0.2674902216422586,,0.43341796949481426,0.26893462707122234,-0.16494821950282273,0.20122364967636813,0.2562369183353629,0.420318229647254,bandit,Yes,"2,4,5,6",Second_Plate,0,ACCGGA
95,TTTAAGAGCCGGATATACAT,RBS_BA_04,,0.796305807400366,,0.5410066705373578,0.12457481393676109,0.08295847387677265,0.3862114414378144,0.3428094899167323,0.381043598938182,bandit,Yes,"2,4,5,6",Second_Plate,0,GCCGGA
96,TTTAAGAATCGGATATACAT,RBS_BA_05,,0.849792972821187,,0.14571587324992744,0.1406419829551358,-0.033648383986492926,0.27562561125993934,0.3917548906982758,0.364854312853546,bandit,Yes,"2,4,5,6",Second_Plate,0,ATCGGA
97,TTTAAGACCGGATTATACAT,RBS_BA_06,,0.906018908701952,,0.4006012045130279,0.2636559737336889,0.13365491534881774,0.4259827505743717,0.3380751798626527,0.377868571898442,bandit,Yes,"2,4,5,6",Second_Plate,0,CCGGAT
98,TTTAAGATAAAGATATACAT,RBS_BA_07,,0.12268675405404829,,0.16135308740358176,-0.16789087428669347,-0.15594848823378699,-0.009949880265712599,0.17625562366151828,0.379177440816406,bandit,Yes,"2,4,5,6",Second_Plate,0,TAAAGA
99,TTTAAGACGATAATATACAT,RBS_BA_08,,0.4396565983341495,,-0.0058465857166830355,-0.3658909232477809,-0.0017935501219250797,0.016531384811940115,0.3297061038891302,0.333205470068973,bandit,Yes,"2,4,5,6",Second_Plate,0,CGATAA
100,TTTAAGAACACACTATACAT,RBS_BA_09,,0.04926024548755816,,0.0484577907548126,-0.27900280931053006,-0.4724954028859632,-0.16344504398853063,0.25756039615607157,0.396790575384761,bandit,Yes,"2,4,5,6",Second_Plate,0,ACACAC
101,TTTAAGATATATATATACAT,RBS_BA_10,,0.5055824649053494,,0.3365052610673681,-0.0540160108345038,0.19692772223311616,0.24624985934283247,0.23663734831363364,0.358031160156907,bandit,Yes,"2,4,5,6",Second_Plate,0,TATATA
102,TTTAAGACTCTCTTATACAT,RBS_BA_11,,0.9785160449889528,,0.9026788282358296,0.665239897299728,0.8487148614600145,0.8487874079961313,0.13344599204336463,0.419910588303177,bandit,Yes,"2,4,5,6",Second_Plate,0,CTCTCT
103,TTTAAGAGTGTGTTATACAT,RBS_BA_12,,0.5089666330719713,,0.10295625870905535,0.5380968718500576,-0.19758839432372236,0.23810784232684049,0.3518783234509976,0.408226809961846,bandit,Yes,"2,4,5,6",Second_Plate,0,GTGTGT
104,TTTAAGAATATATTATACAT,RBS_BA_13,,0.07920389786335824,,0.1316849377974266,0.05181144275287911,-0.24944660447328582,0.0033134184850945325,0.17173458144728132,0.325428496357259,bandit,Yes,"2,4,5,6",Second_Plate,0,ATATAT
105,TTTAAGATGTGTGTATACAT,RBS_BA_14,,-0.25732789538293294,,-0.02578414201224584,-0.065340913844834,-0.5177350017482433,-0.216546988247064,0.22481921796809134,0.384871477854457,bandit,Yes,"2,4,5,6",Second_Plate,0,TGTGTG
106,TTTAAGATCTCTCTATACAT,RBS_BA_15,,-0.29302005240829326,,-1.2910460602199547,-0.39754083793786554,-0.5437203401848849,-0.6313318226877496,0.4516679183976463,0.483152217294536,bandit,Yes,"2,4,5,6",Second_Plate,0,TCTCTC
107,TTTAAGACACACATATACAT,RBS_BA_16,,-1.5190752074960023,,-0.26799157940289764,-0.5344360198907476,-1.4814659123086187,-0.9507421797745665,0.6439796352212225,0.598491878644878,bandit,Yes,"2,4,5,6",Second_Plate,0,CACACA
108,TTTAAGACTAAGATATACAT,RBS_BA_17,,-1.3910030287141963,,-1.4548906825404275,-0.5950298486169117,-1.212379487024898,-1.1633257617241084,0.39251902449644827,0.410948793144911,bandit,Yes,"2,4,5,6",Second_Plate,0,CTAAGA
109,TTTAAGAATAAGATATACAT,RBS_BA_18,,-0.5695875056728917,,-1.532391391755984,-0.6046227242740458,-0.5519907853552264,-0.8146481017645368,0.4789953552794651,0.473890104703503,bandit,Yes,"2,4,5,6",Second_Plate,0,ATAAGA
110,TTTAAGATAAGATTATACAT,RBS_BA_19,,-1.402540982408275,,-1.574405942547874,-0.6836104408284015,-0.622779917564505,-1.070834320837264,0.4879579111166813,0.344280595634085,bandit,Yes,"2,4,5,6",Second_Plate,0,TAAGAT
111,TTTAAGATTAAGATATACAT,RBS_BA_20,,-1.1874201780015006,,-1.436498213196614,-0.7277617029916325,-0.6892966899194484,-1.010244196027299,0.36326642027121797,0.162816431776797,bandit,Yes,"2,4,5,6",Second_Plate,0,TTAAGA
112,TTTAAGAGGTCGATATACAT,RBS_BA_21,,-0.4104362084832547,,-1.7700323368704283,-0.7007972457597867,-0.8061272550507701,-0.9218482615410599,0.5896929756452911,0.333883958983638,bandit,Yes,"2,4,5,6",Second_Plate,0,GGTCGA
113,TTTAAGAGGTAGATATACAT,RBS_BA_22,,0.8158134430983841,,1.4924345501706038,1.2089345757946408,1.263057390585166,1.1950599899121985,0.2811142845835551,0.305719203421089,bandit,Yes,"2,4,5,6",Second_Plate,0,GGTAGA
115,TTTAAGAGGGGGATATACAT,RBS_BA_24,,1.1210006090950773,,1.9207695714714668,2.322394119172628,2.05915769470898,1.855830498612038,0.5174345724870605,0.320789147147153,bandit,Yes,"2,4,5,6",Second_Plate,0,GGGGGA
116,TTTAAGAGGGGATTATACAT,RBS_BA_25,,1.3623367169133793,,2.4002053097105596,2.3600383839543833,2.528389568016557,2.16274249464872,0.5384116912328292,0.272920471969216,bandit,Yes,"2,4,5,6",Second_Plate,0,GGGGAT
117,TTTAAGAGGGATCTATACAT,RBS_BA_26,,-0.6057534489557439,,-0.2994315942565135,-0.36876011896238176,-0.4548324755947595,-0.43219440944234966,0.13201653500060545,0.393514830326194,bandit,Yes,"2,4,5,6",Second_Plate,0,GGGATC
118,TTTAAGAGGGATTTATACAT,RBS_BA_27,,-0.5958050757158337,,-0.18736455410618974,-0.25954277330064496,-0.5134726530467176,-0.38904626404234655,0.19636513499291544,0.255641132640267,bandit,Yes,"2,4,5,6",Second_Plate,0,GGGATT
119,TTTAAGAGGGATGTATACAT,RBS_BA_28,,-0.3827424079177517,,-1.0511096707759515,-0.36841116215595954,-0.4859503330349292,-0.572053393471148,0.32363429024535645,0.293150238593543,bandit,Yes,"2,4,5,6",Second_Plate,0,GGGATG
120,TTTAAGAGGGATATATACAT,RBS_BA_29,,-0.2776920148818071,,-0.17278750666556753,-0.28308598720278255,-0.41655329471402,-0.2875297008660443,0.09988223992287588,0.254270384676061,bandit,Yes,"2,4,5,6",Second_Plate,0,GGGATA
121,TTTAAGAGGATCTTATACAT,RBS_BA_30,,-1.1143435191147855,,-1.8145847157815682,-0.8076923238064362,-1.9430302602702447,-1.4199127047432587,0.5469930819908753,0.424409179932182,bandit,Yes,"2,4,5,6",Second_Plate,0,GGATCT
122,TTTAAGAGGATTTTATACAT,RBS_BA_31,,0.660641470781778,,0.7659451332947819,0.620424839768116,0.9559733918946951,0.7507462089348428,0.14994635376967155,0.261407490697113,bandit,Yes,"2,4,5,6",Second_Plate,0,GGATTT
123,TTTAAGAGGATAGTATACAT,RBS_BA_32,,0.36015006018993223,,0.5717184552433353,0.25515635604726294,0.5674130391003148,0.4386094776452113,0.15718278677195105,0.270987377958648,bandit,Yes,"2,4,5,6",Second_Plate,0,GGATAG
124,TTTAAGAGGATTATATACAT,RBS_BA_33,,1.060392484365922,,1.2473762915241415,1.1235840615622894,0.6453824700293224,1.019183826870419,0.26102159409857556,0.277091561415813,bandit,Yes,"2,4,5,6",Second_Plate,0,GGATTA
125,TTTAAGAGGATATTATACAT,RBS_BA_34,,1.133924601122385,,1.4943908804128667,1.4102004057354933,2.0105411896784418,1.5122642692372965,0.3661317086216365,0.342483425035482,bandit,Yes,"2,4,5,6",Second_Plate,0,GGATAT
126,TTTAAGAGGATACTATACAT,RBS_BA_35,,2.0207728042672572,,1.2195109832894906,1.1263118924874937,1.965935455633558,1.5831327839194498,0.4757355055152493,0.312627500018237,bandit,Yes,"2,4,5,6",Second_Plate,0,GGATAC
127,TTTAAGAGGATGCTATACAT,RBS_BA_36,,1.887081208223288,,0.8885990168630692,1.5900737361819948,1.417928609512173,1.4459206426951312,0.41904403407468777,0.26819385441926,bandit,Yes,"2,4,5,6",Second_Plate,0,GGATGC
128,TTTAAGAGGATGTTATACAT,RBS_BA_37,,1.3400466207138124,,1.1496352481046166,1.3032770584453752,1.484893196099459,1.3194630308408157,0.13771260562132204,0.242037321906807,bandit,Yes,"2,4,5,6",Second_Plate,0,GGATGT
129,TTTAAGAGGATTCTATACAT,RBS_BA_38,,0.10462788948635833,,-0.04195074405983375,0.18768453760649728,-0.2733584351048464,-0.005749188017956139,0.20209318579442115,0.322299324451013,bandit,Yes,"2,4,5,6",Second_Plate,0,GGATTC
130,TTTAAGAGGATCGTATACAT,RBS_BA_39,,-0.5582384514820776,,-0.25326693225620683,-0.44283823486485696,-0.742942583437744,-0.4993215505102213,0.20539039982045842,0.396905689086371,bandit,Yes,"2,4,5,6",Second_Plate,0,GGATCG
131,TTTAAGAGGATTGTATACAT,RBS_BA_40,,0.6011972328177633,,0.7668178844751123,0.48142528575343047,0.754383686328593,0.6509560223437247,0.13581588095390532,0.243627377193459,bandit,Yes,"2,4,5,6",Second_Plate,0,GGATTG
132,TTTAAGAGGATCCTATACAT,RBS_BA_41,,-0.7340812923970939,,-0.9557900580745581,-0.5911038850710307,-0.5672121127824103,-0.7120468370812731,0.17841951500599706,0.256210755711312,bandit,Yes,"2,4,5,6",Second_Plate,0,GGATCC
133,TTTAAGAGGATGATATACAT,RBS_BA_42,,0.2675266154763891,,0.6783696616659657,0.5377290282041366,0.6624649784256588,0.5365225709430376,0.19003716017805147,0.273587767567395,bandit,Yes,"2,4,5,6",Second_Plate,0,GGATGA
134,TTTAAGAGGATCATATACAT,RBS_BA_43,,-1.0777186216600103,,-0.6179817954331145,-0.6517887548909532,-1.251505812435643,-0.8997487461049303,0.31426267253812223,0.296771639640184,bandit,Yes,"2,4,5,6",Second_Plate,0,GGATCA
135,TTTAAGACCCCGATATACAT,RBS_BA_44,,-1.8629987742795941,,-0.8108630954153818,-1.5381917254986484,-1.3465974353833603,-1.3896627576442462,0.44082177423300145,0.3057353781476,bandit,Yes,"2,4,5,6",Second_Plate,0,CCCCGA
136,TTTAAGATTTTTGTATACAT,RBS_BA_45,,-1.3724165619976763,,-1.3802038524254288,-0.9600627014427049,-1.1627282777855408,-1.2188528484128378,0.19978177112602882,0.27281973715592,bandit,Yes,"2,4,5,6",Second_Plate,0,TTTTTG
137,TTTAAGATTTTTATATACAT,RBS_BA_46,,-0.2414145853976855,,-0.26961978138535775,-0.33448964407456355,-0.34873815488578186,-0.2985655414358471,0.051354717705289724,0.400753257076545,bandit,Yes,"2,4,5,6",Second_Plate,0,TTTTTA
138,TTTAAGAGTTTTTTATACAT,RBS_BA_47,,0.353084616057205,,0.5979756784676084,0.42664761254603795,0.6884541752252258,0.5165405205740192,0.15382301218372704,0.365943852786773,bandit,Yes,"2,4,5,6",Second_Plate,0,GTTTTT
139,TTTAAGACTTTTTTATACAT,RBS_BA_48,,-0.12477409957043786,,-0.3569689686683734,-0.07598481706521773,-0.4123830389561959,-0.24252773106505623,0.16688327499253355,0.427400638116397,bandit,Yes,"2,4,5,6",Second_Plate,0,CTTTTT
140,TTTAAGACCCCCTTATACAT,RBS_BA_49,,-1.0839780057875892,,-0.30834220214565117,-1.9282640330408602,-0.5055837558706823,-0.9565419992111956,0.7266383696986126,0.410609849741428,bandit,Yes,"2,4,5,6",Second_Plate,0,CCCCCT
141,TTTAAGACCCCCGTATACAT,RBS_BA_50,,0.3698659496927795,,0.5784229681833882,0.7845522029282164,0.739826535397242,0.6181669140504065,0.18772149402347407,0.305727593959823,bandit,Yes,"2,4,5,6",Second_Plate,0,CCCCCG
142,TTTAAGACCCCCATATACAT,RBS_BA_51,,-2.3434563143026663,,-0.6510412151542234,-1.8553241854580913,-0.9358510564313706,-1.4464181928365878,0.7884974824667745,0.492824660945897,bandit,Yes,"2,4,5,6",Second_Plate,0,CCCCCA
143,TTTAAGATTTTTCTATACAT,RBS_BA_52,,-1.7145428868399806,,-1.4941053176158992,-2.3727029364955103,-1.5715905014889469,-1.7882354106100844,0.4002001187435741,0.511392893284322,bandit,Yes,"2,4,5,6",Second_Plate,0,TTTTTC
144,TTTAAGAGCCCCCTATACAT,RBS_BA_53,,-1.4086505265135125,,-0.7251871440778233,-1.6735383297800825,-0.8750423688998417,-1.170604592317815,0.4454817400572363,0.289763948811751,bandit,Yes,"2,4,5,6",Second_Plate,0,GCCCCC
145,TTTAAGAATTTTTTATACAT,RBS_BA_54,,-1.5734136204507545,,-1.415683043036633,-0.6788521996746468,-0.7875434931133118,-1.1138730890688366,0.4464679636519761,0.423398582739938,bandit,Yes,"2,4,5,6",Second_Plate,0,ATTTTT
146,TTTAAGAACCCCCTATACAT,RBS_BA_55,,-1.2886836843256135,,-2.087432755208115,-1.8301074684157856,-0.8501163035217199,-1.5140850528678085,0.5538525772431356,0.398504659925794,bandit,Yes,"2,4,5,6",Second_Plate,0,ACCCCC
147,TTTAAGATCCCCCTATACAT,RBS_BA_56,,-1.5138516086540124,,-1.6094851666038528,-0.8206559669672707,-0.8619392441389465,-1.2014829965910205,0.4180745973541977,0.484086052056602,bandit,Yes,"2,4,5,6",Second_Plate,0,TCCCCC
148,TTTAAGAGGATAATATACAT,RBS_BA_57,,0.23902637895202566,,0.5805458475261162,0.8362060000931749,0.24255439929407127,0.47458315646634697,0.289438256235087,0.358060703700449,bandit,Yes,"2,4,5,6",Second_Plate,0,GGATAA
149,TTTAAGACCCCCCTATACAT,RBS_BA_58,,-0.04484328594981071,,-0.15669891863547286,-0.2480245500502476,-0.25828027508786566,-0.17696175743084921,0.09921104601023603,0.425389294430912,bandit,Yes,"2,4,5,6",Second_Plate,0,CCCCCC
150,TTTAAGATTTTTTTATACAT,RBS_BA_59,,0.4366168687918178,,0.3458410049733737,0.3174749392356529,0.4022036193056908,0.3755341080766338,0.05383590482256115,0.407073324668481,bandit,Yes,"2,4,5,6",Second_Plate,0,TTTTTT
151,TTTAAGAGAAAGATATACAT,RBS_RP_30,,0.05613113330515014,,-0.30453072751452576,0.04760577933784108,-0.19439114876928176,-0.09879624091020409,0.17972303525230407,0.338457722292143,prob random,Yes,"2,4,5,6",Second_Plate,0,GAAAGA
152,TTTAAGACGGGGGTATACAT,RBS_RP_31,,1.089940194769841,,1.6881963984958468,1.6816792665932416,1.8949089142751243,1.5886811935335134,0.34692454434641606,0.262752975711844,prob random,Yes,"2,4,5,6",Second_Plate,0,CGGGGG
153,TTTAAGATGAGGGTATACAT,RBS_RP_32,,0.3994885770425045,,0.8862839508063292,0.9256982927611763,1.358638628276336,0.8925273622215866,0.3922100826738093,0.28531132269706,prob random,Yes,"2,4,5,6",Second_Plate,0,TGAGGG
154,TTTAAGACCGGGATATACAT,RBS_RP_33,,-0.8054532465290668,,-0.4266651926442761,-1.6313859874882395,-1.0074419237140255,-0.9677365875939019,0.503686799812617,0.536262195708363,prob random,Yes,"2,4,5,6",Second_Plate,0,CCGGGA
155,TTTAAGAAAGGGTTATACAT,RBS_RP_34,,0.22519286251917145,,0.1465866415939948,0.21511069853412765,0.20263557622544096,0.1973814447181837,0.03509757505057354,0.282678183453062,prob random,Yes,"2,4,5,6",Second_Plate,0,AAGGGT
156,TTTAAGACTGTAGTATACAT,RBS_RP_35,,-0.5572851961232655,,-0.6008221577256161,-1.4775823287404006,-1.2815178158895804,-0.9793018746197156,0.46938358838863,0.520314746900095,prob random,Yes,"2,4,5,6",Second_Plate,0,CTGTAG
157,TTTAAGACTGACATATACAT,RBS_RP_36,,-1.415033813524145,,-1.1304854686347996,-0.6558046530690943,-0.7231465088255831,-0.9811176110134054,0.3572914953098395,0.266118771970748,prob random,Yes,"2,4,5,6",Second_Plate,0,CTGACA
158,TTTAAGACGTGTGTATACAT,RBS_RP_37,,-0.9554461100349366,,-0.9407081166113719,-0.5964893277556472,-0.6932162241568157,-0.7964649446396929,0.17956581823980042,0.392270531278055,prob random,Yes,"2,4,5,6",Second_Plate,0,CGTGTG
159,TTTAAGAGAGGGGTATACAT,RBS_RP_38,,-1.306991503691258,,-0.5984977084073784,-0.7403092913309526,-0.7399292979075769,-0.8464319503342914,0.3142140057540965,0.302202352560654,prob random,Yes,"2,4,5,6",Second_Plate,0,GAGGGG
160,TTTAAGACTAGGATATACAT,RBS_RP_39,,-0.07408398751459262,,-0.12795422425521452,-0.09178508394741472,-0.24850797895647886,-0.1355828186684252,0.0785506950505712,0.31842464880652,prob random,Yes,"2,4,5,6",Second_Plate,0,CTAGGA
161,TTTAAGAATTGGGTATACAT,RBS_RP_40,,-0.09339252906217002,,-0.002917731389421455,0.07559683266479496,-0.29911290557282344,-0.07995658333990499,0.16159813133479217,0.404136345518479,prob random,Yes,"2,4,5,6",Second_Plate,0,ATTGGG
162,TTTAAGATACTGATATACAT,RBS_RP_41,,0.8842078739192757,,0.22892833457637957,0.4071313030973614,0.3125526912764612,0.45820505071736944,0.29318330753247557,0.361504967593602,prob random,Yes,"2,4,5,6",Second_Plate,0,TACTGA
163,TTTAAGAAGAGCGTATACAT,RBS_RP_42,,0.45792229033953485,,-0.049929946697936996,0.1015361554102119,-0.06444665657298468,0.11127046061970627,0.24298444692332374,0.314467964290475,prob random,Yes,"2,4,5,6",Second_Plate,0,AGAGCG
164,TTTAAGAAGGGGTTATACAT,RBS_RP_43,,1.3327756038873266,,1.2270210432329494,1.564368289043567,1.6666050129405832,1.4476924872761066,0.20284453235155453,0.240646916891788,prob random,Yes,"2,4,5,6",Second_Plate,0,AGGGGT
165,TTTAAGACAAGCCTATACAT,RBS_RP_45,,-0.588494454774923,,-0.5932609990845895,-1.579408720988195,-0.6532436571781897,-0.8536019580064744,0.4847674043851115,0.568747609339584,prob random,Yes,"2,4,5,6",Second_Plate,0,CAAGCC
166,TTTAAGACAATTGTATACAT,RBS_RP_46,,-1.480095837021379,,-0.42880855135457047,-0.5202133615360617,-0.688826647709851,-0.7794860994054655,0.47932947469469367,0.466386051095565,prob random,Yes,"2,4,5,6",Second_Plate,0,CAATTG
167,TTTAAGATATTTTTATACAT,RBS_RP_47,,-0.1932682631724202,,-0.5503484025079699,-0.4315496951918481,-1.2979604207742133,-0.6182816954116128,0.4768239925049474,0.300614462841989,prob random,Yes,"2,4,5,6",Second_Plate,0,TATTTT
168,TTTAAGATCCGGCTATACAT,RBS_RP_48,,-0.6696656812111914,,-0.46214343646917205,-1.5229701971266776,-0.5454903655853207,-0.8000674200980905,0.48941977004626114,0.466869359760788,prob random,Yes,"2,4,5,6",Second_Plate,0,TCCGGC
169,TTTAAGATGGGAGTATACAT,RBS_RP_49,,1.2544521782979994,,1.6464589785789359,1.496331768836974,1.7840842691158352,1.5453317987074362,0.22674611729988553,0.262171720533707,prob random,Yes,"2,4,5,6",Second_Plate,0,TGGGAG
170,TTTAAGAAAAGTGTATACAT,RBS_RP_50,,-0.49401818054682894,,-0.33408344197052536,-0.3290573699436319,-0.5247469002118513,-0.42047647316820935,0.10344388648592034,0.376671391823058,prob random,Yes,"2,4,5,6",Second_Plate,0,AAAGTG
171,TTTAAGACGGGAGTATACAT,RBS_RP_51,,0.7259302027822567,,0.7088667299614092,0.6322457186946211,0.6626412542469132,0.6824209764213001,0.042822208241626795,0.28749482172375,prob random,Yes,"2,4,5,6",Second_Plate,0,CGGGAG
172,TTTAAGATAAGAGTATACAT,RBS_RP_52,,-0.06493726688228355,,-0.41859151414794377,-0.3736070672054587,-0.6270594011975672,-0.37104881235831333,0.23202913109698506,0.393032000691122,prob random,Yes,"2,4,5,6",Second_Plate,0,TAAGAG
173,TTTAAGATAAGGGTATACAT,RBS_RP_53,,0.9280044834399788,,0.4156210443245317,0.5259345095870621,0.7402982053126107,0.6524645606660457,0.2278462224346553,0.352507693369396,prob random,Yes,"2,4,5,6",Second_Plate,0,TAAGGG
174,TTTAAGATAGTCTTATACAT,RBS_RP_54,,1.1418793321833318,,0.5012599287454979,0.45509609132081413,0.4835888709259191,0.6454560557938908,0.3314948436040681,0.347237171043634,prob random,Yes,"2,4,5,6",Second_Plate,0,TAGTCT
175,TTTAAGAAAGTAGTATACAT,RBS_RP_55,,0.577286205768902,,0.1308500864925574,0.2764388537849589,-0.10023194588228782,0.22108580004103262,0.2836254968817876,0.404711500952084,prob random,Yes,"2,4,5,6",Second_Plate,0,AAGTAG
176,TTTAAGACCACGCTATACAT,RBS_RP_57,,0.501068873389106,,0.06628209420556871,0.13583552401907062,0.12589637912000506,0.2072707176834376,0.1982590209101368,0.310627906816871,prob random,Yes,"2,4,5,6",Second_Plate,0,CCACGC
177,TTTAAGAGTAATGTATACAT,RBS_RP_58,,0.3523833511573552,,-0.05374990977248023,0.31296405769156427,0.08055540831404483,0.17303822684762102,0.19298518283931707,0.378987493642023,prob random,Yes,"2,4,5,6",Second_Plate,0,GTAATG
178,TTTAAGACATTGATATACAT,RBS_RP_59,,0.3524712835383337,,-0.027618555842504364,0.3080095982429558,-0.10887047804678669,0.1309979619729996,0.2331520389371072,0.376585819303506,prob random,Yes,"2,4,5,6",Second_Plate,0,CATTGA
179,TTTAAGATGCTATTATACAT,RBS_BA_3385,0.8546203305100692,1.5076107949921143,1.3949935733666006,,,,1.2524082329562614,0.3490659982740634,0.113365572966701,bandit2,Yes,"1,2,3",Third_Plate,1,TGCTAT
180,TTTAAGATGCTGGTATACAT,RBS_BA_3387,0.6207190546455096,1.4685070138414271,0.9052763337740241,,,,0.9981674674203203,0.4314599378528269,0.128291815613587,bandit2,Yes,"1,2,3",Third_Plate,1,TGCTGG
181,TTTAAGAGCGAATTATACAT,RBS_BA_1534,0.8453975235356058,1.3229359337390147,0.9537390747321415,,,,1.040690844002254,0.25036211961736937,0.0750818825654732,bandit2,Yes,"1,2,3",Third_Plate,1,GCGAAT
182,TTTAAGAGTCTATTATACAT,RBS_BA_1896,0.641786969736429,0.7220593869831144,0.5830415475420342,,,,0.6489626347538592,0.06978615584088488,0.0174791994002031,bandit2,Yes,"1,2,3",Third_Plate,1,GTCTAT
183,TTTAAGACGCTATTATACAT,RBS_BA_2393,0.5854523854901853,0.40692463585418515,0.13916560088312177,,,,0.37718087407583073,0.22462522577011138,0.0738114419131012,bandit2,Yes,"1,2,3",Third_Plate,1,CGCTAT
184,TTTAAGATGCTACTATACAT,RBS_BA_3384,0.4063035051122516,0.697794275478847,0.45906263554337934,,,,0.521053472044826,0.15531859244739382,0.0517666911190658,bandit2,Yes,"1,2,3",Third_Plate,1,TGCTAC
185,TTTAAGAGCGTATTATACAT,RBS_BA_1582,0.6368166205693694,0.6058574932212157,0.39836064090759604,,,,0.5470115848993937,0.12966280983296338,0.0316913730753324,bandit2,Yes,"1,2,3",Third_Plate,1,GCGTAT
186,TTTAAGAGCGTGGTATACAT,RBS_BA_1584,0.9197675431489719,0.9416022229942531,0.6928351020443013,,,,0.8514016227291755,0.1377559233665342,0.0254855040783297,bandit2,Yes,"1,2,3",Third_Plate,1,GCGTGG
187,TTTAAGAGCTTATTATACAT,RBS_BA_1707,0.5478384731130038,0.4683139526864174,0.44794316976949033,,,,0.48803186518963715,0.05278602999503389,0.0103865379833493,bandit2,Yes,"1,2,3",Third_Plate,1,GCTTAT
188,TTTAAGATGCTGTTATACAT,RBS_BA_3389,0.4082160054829556,0.37351568845766797,0.17620058038403189,,,,0.31931075810821846,0.12514559611348725,0.0400319713135615,bandit2,Yes,"1,2,3",Third_Plate,1,TGCTGT
189,TTTAAGATGCGGTTATACAT,RBS_BA_3357,0.5252763225010646,0.22907244588438916,-0.26685931352616044,,,,0.16249648495309776,0.40024240829340874,0.158963817615112,bandit2,Yes,"1,2,3",Third_Plate,1,TGCGGT
190,TTTAAGATGGTATTATACAT,RBS_BA_3321,0.8755833963214577,0.7296425342989412,0.6161429334208942,,,,0.7404562880137644,0.1300578386702174,0.0238743245403719,bandit2,Yes,"1,2,3",Third_Plate,1,TGGTAT
191,TTTAAGAGGCTATTATACAT,RBS_BA_1393,2.8257960152759227,2.7633173740520514,2.8677694238941043,,,,2.818960937740693,0.05256040708305188,0.0609212363617536,bandit2,Yes,"1,2,3",Third_Plate,1,GGCTAT
192,TTTAAGAGTCTGGTATACAT,RBS_BA_1898,0.26111664620838754,0.7090474112721548,0.09517527294119792,,,,0.35511311014058006,0.31754724369544185,0.113714818608689,bandit2,Yes,"1,2,3",Third_Plate,1,GTCTGG
193,TTTAAGATGCAATTATACAT,RBS_BA_3337,-0.7434931647189672,0.2406330202475193,0.15391714477518537,,,,-0.11631433323208751,0.5448806068889488,0.216246462669644,bandit2,Yes,"1,2,3",Third_Plate,1,TGCAAT
194,TTTAAGAGCGCATTATACAT,RBS_BA_1566,-0.23754152636816114,0.16659804150713076,-0.0686989892028133,,,,-0.046547491354614556,0.2029783590023724,0.0799260039279956,bandit2,Yes,"1,2,3",Third_Plate,1,GCGCAT
195,TTTAAGAGCGACGTATACAT,RBS_BA_1540,0.21090835618711667,0.3036425071844402,-0.15962966139639895,,,,0.11830706732505264,0.2451255281882834,0.101040455414168,bandit2,Yes,"1,2,3",Third_Plate,1,GCGACG
196,TTTAAGAGCTTGGTATACAT,RBS_BA_1709,-0.6008393783886987,-0.47275716916408655,-0.49354981168789674,,,,-0.522382119746894,0.06873674105579214,0.0244543159650312,bandit2,Yes,"1,2,3",Third_Plate,1,GCTTGG
197,TTTAAGACGCTGGTATACAT,RBS_BA_2395,-0.6417994569274458,-0.3967807848450688,-0.4919706407437597,,,,-0.5101836275054247,0.12352053303940315,0.053547678312815,bandit2,Yes,"1,2,3",Third_Plate,1,CGCTGG
198,TTTAAGAGCTCATTATACAT,RBS_BA_1691,-0.9152081116759336,-0.7616983348863215,-0.5325109986217389,,,,-0.736472481727998,0.19259160894410157,0.0740765285561206,bandit2,Yes,"1,2,3",Third_Plate,1,GCTCAT
199,TTTAAGAGCGAAGTATACAT,RBS_BA_1532,-0.11525815899137583,-0.2659859000753335,0.05481052632833902,,,,-0.10881117757945676,0.1604953565538142,0.0701277628329855,bandit2,Yes,"1,2,3",Third_Plate,1,GCGAAG
200,TTTAAGAGTCTACTATACAT,RBS_BA_1895,0.14122415267580485,-0.5876965629180291,-0.8837642669797215,,,,-0.4434122257406486,0.5275071493098652,0.299565363858488,bandit2,Yes,"1,2,3",Third_Plate,1,GTCTAC
201,TTTAAGAGCTAATTATACAT,RBS_BA_1660,0.1415683925656199,-0.6315651491579893,-0.5136509266644256,,,,-0.33454922775226503,0.41652362748041033,0.212824014962069,bandit2,Yes,"1,2,3",Third_Plate,1,GCTAAT
202,TTTAAGAGCATATTATACAT,RBS_BA_1518,0.9009096488059076,0.35870903225083084,0.21861779582366897,,,,0.49274549229346915,0.36035381589079296,0.113757199085861,bandit2,Yes,"1,2,3",Third_Plate,1,GCATAT
203,TTTAAGAGCCTATTATACAT,RBS_BA_1644,0.2177447368245596,0.8527467601204276,0.9900367762556419,,,,0.686842757733543,0.4120095290744446,0.145521078555503,bandit2,Yes,"1,2,3",Third_Plate,1,GCCTAT
204,TTTAAGACGCTGTTATACAT,RBS_BA_2397,-1.1506355580410539,-0.11147348679418935,-0.5203843867065445,,,,-0.594164477180596,0.523495061000854,0.259912630256864,bandit2,Yes,"1,2,3",Third_Plate,1,CGCTGT
205,TTTAAGATGGTGGTATACAT,RBS_BA_3323,0.5950511413062153,0.8140303481115014,0.9259167504459236,,,,0.7783327466212134,0.16829661877758306,0.0729223834630706,bandit2,Yes,"1,2,3",Third_Plate,1,TGGTGG
206,TTTAAGAGCTGGTTATACAT,RBS_BA_1679,-0.07356432382587465,-0.6513534500007291,-0.6656854980219781,,,,-0.4635344239495273,0.3378000312950838,0.196659500853688,bandit2,Yes,"1,2,3",Third_Plate,1,GCTGGT
207,TTTAAGAAACTATTATACAT,RBS_BA_175,-0.841876632163275,-0.6247182073695061,-0.8918732188924787,,,,-0.7861560194750866,0.14202654700519982,0.119572372373545,bandit2,Yes,"1,2,3",Third_Plate,1,AACTAT
208,TTTAAGACGCTACTATACAT,RBS_BA_2392,-0.29127975756919944,-0.82953632675417,-0.8044902192615963,,,,-0.6417687678616552,0.303790613131761,0.204867203233744,bandit2,Yes,"1,2,3",Third_Plate,1,CGCTAC
209,TTTAAGAACGAATTATACAT,RBS_BA_557,-0.7982962156182684,-0.8889304078562081,-0.6142233194579629,,,,-0.7671499809774799,0.13997700544476802,0.0636397791848193,bandit2,Yes,"1,2,3",Third_Plate,1,ACGAAT
210,TTTAAGAGCATGGTATACAT,RBS_BA_1520,-0.4113569613759748,-1.0043093812268995,-0.41605441953421024,,,,-0.6105735873790282,0.3409932888577826,0.18810096031773,bandit2,Yes,"1,2,3",Third_Plate,1,GCATGG
211,TTTAAGATTCTATTATACAT,RBS_BA_3888,-0.5072494909673713,-0.6259409657623805,-1.6897304544717067,,,,-0.9409736370671528,0.6511524362655805,0.548863306315505,bandit2,Yes,"1,2,3",Third_Plate,1,TTCTAT
212,TTTAAGAGCGTACTATACAT,RBS_BA_1581,-0.19371311325947807,-1.1891657774755449,-1.023622023191549,,,,-0.8021669713088574,0.5333978409001958,0.375392002281718,bandit2,Yes,"1,2,3",Third_Plate,1,GCGTAC
213,TTTAAGATGCTTATATACAT,RBS_BA_3394,-0.24173908070776173,-1.2752204849521545,-1.3438145766228071,,,,-0.9535913807609079,0.6174354704511607,0.503839790694406,bandit2,Yes,"1,2,3",Third_Plate,1,TGCTTA
214,TTTAAGAGCTTGTTATACAT,RBS_BA_1711,0.8865170499220257,0.37612844389224726,0.12893032078829295,,,,0.463858604867522,0.38633773941778926,0.125430615591916,bandit2,Yes,"1,2,3",Third_Plate,1,GCTTGT
215,TTTAAGAGGCTGGTATACAT,RBS_BA_1395,1.8535747338984057,1.713427823253157,2.61973712268108,,,,2.062246559944214,0.4878596978603094,0.16352158167797,bandit2,Yes,"1,2,3",Third_Plate,1,GGCTGG
216,TTTAAGACGCGGTTATACAT,RBS_BA_2365,-0.6705736872932656,0.18047604387793686,-0.4940785671356389,,,,-0.32805873685032255,0.4491584901430874,0.213813255478313,bandit2,Yes,"1,2,3",Third_Plate,1,CGCGGT
217,TTTAAGATGCGATTATACAT,RBS_BA_3353,-0.6555439394195569,-0.423186606778441,-0.4217553078642608,,,,-0.5001619513540863,0.13456665194441372,0.0470850147720026,bandit2,Yes,"1,2,3",Third_Plate,1,TGCGAT
218,TTTAAGATGGAATTATACAT,RBS_BA_3275,-1.0631362916462208,-0.4660410364865768,-0.23662942643783041,,,,-0.5886022515235426,0.42666654208251803,0.198328394227273,bandit2,Yes,"1,2,3",Third_Plate,1,TGGAAT
219,TTTAAGAGTCTGTTATACAT,RBS_BA_1900,-0.9434860160621898,-1.20094159332571,-0.6524244880345751,,,,-0.9322840324741583,0.27443007675266096,0.164326621475899,bandit2,Yes,"1,2,3",Third_Plate,1,GTCTGT
220,TTTAAGACTCTATTATACAT,RBS_BA_2888,-1.4723521149276184,-0.8624272426630392,-0.6508628792400865,,,,-0.9952140789435814,0.42653885989985485,0.236594420844725,bandit2,Yes,"1,2,3",Third_Plate,1,CTCTAT
221,TTTAAGATGCTAGTATACAT,RBS_BA_3383,-0.6937107519445779,-0.46532692840057793,-1.1637678097469346,,,,-0.7742684966973634,0.35612087675915616,0.276402667706924,bandit2,Yes,"1,2,3",Third_Plate,1,TGCTAG
222,TTTAAGAGTCAATTATACAT,RBS_BA_1848,-0.6006991160856281,-0.4760792831306006,-1.062679144737507,,,,-0.7131525146512452,0.3090455865176343,0.235645167920901,bandit2,Yes,"1,2,3",Third_Plate,1,GTCAAT
223,TTTAAGACGGTATTATACAT,RBS_BA_2329,-0.6133591204223905,-1.3322347493222284,-0.985665864959433,,,,-0.977086578234684,0.35951459716827,0.289217949763379,bandit2,Yes,"1,2,3",Third_Plate,1,CGGTAT
224,TTTAAGAGCGCCGTATACAT,RBS_BA_1572,-0.47761047470884294,-0.7859813059913233,-0.6276288411572044,,,,-0.6304068739524569,0.15420418443129427,0.105562054097722,bandit2,Yes,"1,2,3",Third_Plate,1,GCGCCG
225,TTTAAGATGGTACTATACAT,RBS_BA_3320,-0.373127244705237,-1.2157981215187514,-0.5593497310603104,,,,-0.7160916990947662,0.44266193089636713,0.264925254571737,bandit2,Yes,"1,2,3",Third_Plate,1,TGGTAC
226,TTTAAGATGCTCGTATACAT,RBS_BA_3391,0.840466765513336,0.10924366564638296,0.2024908372044631,,,,0.38406708945472734,0.397994041388433,0.133964362875914,bandit2,Yes,"1,2,3",Third_Plate,1,TGCTCG
227,TTTAAGATGGCATTATACAT,RBS_BA_3305,0.14778322365913416,0.6171590328444864,0.889166830674665,,,,0.5513696957260952,0.3750447851213209,0.140750513156247,bandit2,Yes,"1,2,3",Third_Plate,1,TGGCAT
228,TTTAAGAGCTCAGTATACAT,RBS_BA_1689,-1.0651674468843002,-0.28054183069691074,-0.8225740506579357,,,,-0.7227611094130489,0.40172292295103923,0.235173389113674,bandit2,Yes,"1,2,3",Third_Plate,1,GCTCAG
229,TTTAAGAGTCGGTTATACAT,RBS_BA_1868,-1.3411200518367206,-1.839417111866143,-0.2260988315490043,,,,-1.1355453317506228,0.8260718446692277,0.630243408847925,bandit2,Yes,"1,2,3",Third_Plate,1,GTCGGT
230,TTTAAGAGCGTGTTATACAT,RBS_BA_1586,-0.7089655973526032,-1.0053379586745501,-1.0875684780355317,,,,-0.9339573446875616,0.19913922103699846,0.20408842359982,bandit2,Yes,"1,2,3",Third_Plate,1,GCGTGT
231,TTTAAGATGATATTATACAT,RBS_BA_3259,-0.8797867211134791,-0.8166116932488684,-1.5706929218972645,,,,-1.0890304454198707,0.4183262207550174,0.435310554848093,bandit2,Yes,"1,2,3",Third_Plate,1,TGATAT
232,TTTAAGAGGCTACTATACAT,RBS_BA_1392,1.0036948498134948,0.9453641980910048,0.6750330673399739,,,,0.8746973717481579,0.17535675656699273,0.0341091556159986,bandit2,Yes,"1,2,3",Third_Plate,1,GGCTAC
233,TTTAAGAGCTACGTATACAT,RBS_BA_1665,-1.3353652907252047,-1.8827902251508937,-1.1100181679679908,,,,-1.442724561281363,0.3974149881690885,0.417758052555169,bandit2,Yes,"1,2,3",Third_Plate,1,GCTACG
234,TTTAAGAGCGAACTATACAT,RBS_BA_1533,-0.6469619887607024,-1.0473989480404033,-1.5267013661479982,,,,-1.073687434316368,0.44045846162204433,0.447271544036164,bandit2,Yes,"1,2,3",Third_Plate,1,GCGAAC
235,TTTAAGATGCTGCTATACAT,RBS_BA_3388,-0.578411181433594,-1.255585565531725,-1.2554674272440545,,,,-1.0298213914031245,0.39093271382389505,0.36318069222135,bandit2,Yes,"1,2,3",Third_Plate,1,TGCTGC
236,TTTAAGAGCGGATTATACAT,RBS_BA_1550,-0.43492990154934524,-0.5490257296038633,-0.3608904989161208,,,,-0.4482820433564431,0.09477566156250328,0.0438492870578448,bandit2,Yes,"1,2,3",Third_Plate,1,GCGGAT
237,TTTAAGAACGTATTATACAT,RBS_BA_604,-0.31898264916172436,-0.4302529114150081,-1.0326890165838458,,,,-0.5939748590535261,0.38398939025529377,0.26004245014456,bandit2,Yes,"1,2,3",Third_Plate,1,ACGTAT
238,TTTAAGATGCGAGTATACAT,RBS_BA_3351,1.3838350904828107,0.6583332785725201,0.6485494439176365,,,,0.8969059376576558,0.4217213899702099,0.110429139383065,bandit2,Yes,"1,2,3",Third_Plate,1,TGCGAG
239,TTTAAGAGCTTACTATACAT,RBS_BA_1706,0.1769588588205443,0.5011222432479029,0.9419613752639725,,,,0.5400141591108065,0.3839813125411311,0.149129713149536,bandit2,Yes,"1,2,3",Third_Plate,1,GCTTAC
240,TTTAAGATGATGGTATACAT,RBS_BA_3261,-0.6144185960034504,-0.10690456219123314,0.19727159155144933,,,,-0.1746838555477447,0.41006799996971005,0.171538269906142,bandit2,Yes,"1,2,3",Third_Plate,1,TGATGG
241,TTTAAGATGCAAGTATACAT,RBS_BA_3335,-1.8671969624011555,-0.5733778575591044,-0.8410297567693417,,,,-1.0938681922432005,0.6829622426263572,0.451878260492533,bandit2,Yes,"1,2,3",Third_Plate,1,TGCAAG
242,TTTAAGAGCTCCGTATACAT,RBS_BA_1697,-1.2811576873174502,-0.8843283181987055,-0.2918681468829734,,,,-0.8191180507997097,0.4978581453927925,0.272214402581398,bandit2,Yes,"1,2,3",Third_Plate,1,GCTCCG
243,TTTAAGAGCGTTATATACAT,RBS_BA_1591,-1.0726272409946536,-1.1352199398523743,-0.648010754117077,,,,-0.951952644988035,0.2650753973065651,0.14344044010889,bandit2,Yes,"1,2,3",Third_Plate,1,GCGTTA
244,TTTAAGATGTTATTATACAT,RBS_BA_3448,-1.60371770758458,-1.140294303279633,-0.7791112237178359,,,,-1.1743744115273496,0.413358263062928,0.254954982590804,bandit2,Yes,"1,2,3",Third_Plate,1,TGTTAT
245,TTTAAGATGGGGTTATACAT,RBS_BA_3293,0.42406161456001507,0.20701777715289907,0.44348367245749626,,,,0.3581876880568035,0.13127665655120896,0.0533635267054822,bandit2,Yes,"1,2,3",Third_Plate,1,TGGGGT
246,TTTAAGAGGCTGTTATACAT,RBS_BA_1397,1.3833193135587591,0.7173719121279314,0.7761123167716977,,,,0.9589345141527961,0.36869967759622196,0.0928367410227181,bandit2,Yes,"1,2,3",Third_Plate,1,GGCTGT
247,TTTAAGAGCGCAGTATACAT,RBS_BA_1564,-0.5922729966551342,-0.9142985479231175,-0.3177160031232009,,,,-0.6080958492338175,0.2986058525678644,0.156048557235678,bandit2,Yes,"1,2,3",Third_Plate,1,GCGCAG
248,TTTAAGAGCAAATTATACAT,RBS_BA_1470,0.23997263751251774,-0.39619625884747456,-0.38408702238868225,,,,-0.18010354790787972,0.36384702770521277,0.171489136760963,bandit2,Yes,"1,2,3",Third_Plate,1,GCAAAT
250,TTTAAGAGCCTGGTATACAT,RBS_BA_1646,1.0661080027295937,0.33516109974692493,-0.22235687632487203,,,,0.3929707420505489,0.6461748232457409,0.227313109437767,bandit2,Yes,"1,2,3",Third_Plate,1,GCCTGG
251,TTTAAGATGCGGGTATACAT,RBS_BA_3355,0.27609442252156674,0.49850102363577137,1.044185786575318,,,,0.6062604109108853,0.3952216467286667,0.154525728005848,bandit2,Yes,"1,2,3",Third_Plate,1,TGCGGG
252,TTTAAGACGCAATTATACAT,RBS_BA_2345,-1.0810483742250245,0.1320447990921398,-0.42135243997023375,,,,-0.45678533836770613,0.6073223028210072,0.286183052822364,bandit2,Yes,"1,2,3",Third_Plate,1,CGCAAT
253,TTTAAGATGGTGTTATACAT,RBS_BA_3325,-0.8259647534429687,-0.7275199951550042,-0.4715305967286193,,,,-0.6750051151088642,0.18295970138571052,0.0712156021879256,bandit2,Yes,"1,2,3",Third_Plate,1,TGGTGT
254,TTTAAGATGGACGTATACAT,RBS_BA_3280,-0.5817014101389939,-0.41668119772027296,-0.48667911502409505,,,,-0.49502057429445395,0.08282573624030902,0.0373849470418726,bandit2,Yes,"1,2,3",Third_Plate,1,TGGACG
255,TTTAAGAGCATGTTATACAT,RBS_BA_1522,-0.7603016631113864,-0.4464953898575449,-0.6848015348925499,,,,-0.6305328626204938,0.16379075332873658,0.0966291838947326,bandit2,Yes,"1,2,3",Third_Plate,1,GCATGT
256,TTTAAGAGCGAGGTATACAT,RBS_BA_1536,4.387049290759966,3.7983062663252105,3.3627557812198163,,,,3.849370446101664,0.5140524888216188,0.0346847950387866,bandit2,Yes,"1,2,3",Third_Plate,1,GCGAGG
257,TTTAAGACTCTGGTATACAT,RBS_BA_2890,-0.8071054429509202,-0.47677763499380565,-0.13037496917341357,,,,-0.4714193490393798,0.3383970551823098,0.1515186699345,bandit2,Yes,"1,2,3",Third_Plate,1,CTCTGG
258,TTTAAGAGCTCGGTATACAT,RBS_BA_1693,-0.4888526506201046,-0.20610879884646638,-0.20123033434041773,,,,-0.2987305946023296,0.1646685974686846,0.0612663642423081,bandit2,Yes,"1,2,3",Third_Plate,1,GCTCGG
259,TTTAAGAGGCGGTTATACAT,RBS_BA_1365,0.28469781868282085,0.23724727948409302,0.25619721595158973,,,,0.2593807713728345,0.023884925924159875,0.010106792252252,bandit2,Yes,"1,2,3",Third_Plate,1,GGCGGT
260,TTTAAGAACGCATTATACAT,RBS_BA_588,0.13572366286573576,-0.37446148550115144,-0.14381961453288078,,,,-0.1275191457227655,0.25548287685500143,0.113584470295487,bandit2,Yes,"1,2,3",Third_Plate,1,ACGCAT
261,TTTAAGAGACTATTATACAT,RBS_BA_1162,0.7688212506497979,0.07216557142446249,0.3604979537995809,,,,0.4004949252912804,0.35004585720389436,0.117659126892096,bandit2,Yes,"1,2,3",Third_Plate,1,GACTAT
262,TTTAAGAGCATACTATACAT,RBS_BA_1517,1.1651247989471505,0.6216716038757504,0.4962611539457167,,,,0.7610191855895391,0.355538964528871,0.0961178883439144,bandit2,Yes,"1,2,3",Third_Plate,1,GCATAC
263,TTTAAGACAGTGGTATACAT,RBS_BA_2084,0.43279766918525386,0.607234038380062,1.2120110334854204,,,,0.7506809136835787,0.4089329056235913,0.157711949690378,bandit2,Yes,"1,2,3",Third_Plate,1,CAGTGG
265,TTTAAGAGCTAAGTATACAT,RBS_BA_1658,0.6832249286462132,0.3008015187676649,0.7058855057175308,,,,0.5633039843771362,0.22761597873741216,0.0844384572074358,bandit2,Yes,"1,2,3",Third_Plate,1,GCTAAG
266,TTTAAGAGCGGAGTATACAT,RBS_BA_1548,2.422020503309774,2.171637560611009,1.850598429476687,,,,2.1480854977991566,0.2864381632446113,0.0235940615130547,bandit2,Yes,"1,2,3",Third_Plate,1,GCGGAG
267,TTTAAGACTCTACTATACAT,RBS_BA_2887,0.4440563873349779,0.3905871963548539,0.05490037273980764,,,,0.29651465214321315,0.21094509618556534,0.0746929456120192,bandit2,Yes,"1,2,3",Third_Plate,1,CTCTAC
268,TTTAAGATGGTTATATACAT,RBS_BA_3330,0.6455059086885155,0.6230993822738551,0.6275404891455902,,,,0.6320485933693203,0.011864036381507294,0.0155966344670728,bandit2,Yes,"1,2,3",Third_Plate,1,TGGTTA
269,TTTAAGAAGGAGATATACAT,RBS_1by1_0,,2.9541128891534685,3.6854487488050256,,,,3.319780818979247,0.5171325456845093,0.133927201534985,reference,Yes,"1,2,3",Third_Plate,1,AGGAGA
