Time,A1,A2,A3,A4,A5,A6,A7,A9,A10,A11,A12,B1,B2,B3,B4,B5,B6,B7,B8,B9,B10,B11,B12,C1,C2,C3,C4,C5,C6,C7,C8,C9,C10,C11,C12,D1,D2,D3,D4,D5,D6,D7,D8,D9,D10,D11,D12,E1,E2,E3,E4,E5,E6,E7,E8,E9,E10,E11,E12,F1,F2,F3,F4,F5,F6,F7,F8,F9,F10,F11,F12,G1,G2,G3,G4,G5,G6,G7,G8,G9,G10,G11,G12,H1,H2,H3,H4,H5,H6
0,311.6883117,435.1145038,591.3043478,453.7815126,551.7241379,478.2608696,396.6942149,492.0634921,516.6666667,389.3129771,468.75,385.1851852,458.3333333,592.920354,553.5714286,434.7826087,579.4392523,550.4587156,474.137931,518.1818182,542.3728814,433.0708661,540.9836066,507.5757576,517.2413793,682.6923077,576.9230769,523.364486,519.2307692,609.5238095,491.0714286,509.2592593,556.5217391,417.3228346,394.9579832,435.483871,627.4509804,730,444.4444444,572.815534,554.5454545,509.4339623,542.0560748,500,517.2413793,342.2818792,433.3333333,388.0597015,530.4347826,575.4716981,600,580.952381,517.8571429,495.7983193,491.2280702,535.7142857,455.8823529,302.6315789,428.5714286,495.7264957,576.5765766,644.8598131,411.2903226,504.2735043,486.4864865,461.5384615,371.4285714,402.9850746,437.037037,380.6451613,413.7931034,507.8125,386.0759494,436.2416107,369.1275168,491.8032787,380.2816901,421.875,337.5,382.5503356,500,324.5033113,397.515528,424.8366013,380,384.1463415,292.1348315,343.75,320.2247191
10,358.0246914,381.294964,532.7868852,432,414.6341463,463.4146341,425.1968504,400,434.1085271,355.0724638,455.8823529,363.6363636,420.6349206,540.9836066,445.3781513,491.8032787,592.920354,422.4137931,393.442623,589.7435897,528,413.5338346,492.3076923,442.8571429,422.7642276,609.0909091,495.412844,513.2743363,518.1818182,486.4864865,436.9747899,491.2280702,454.5454545,398.4962406,496.0629921,507.5757576,550.4587156,622.6415094,521.7391304,527.7777778,431.0344828,442.4778761,473.6842105,410.8527132,524.5901639,316.4556962,377.3584906,391.6083916,459.0163934,592.920354,491.3793103,567.5675676,474.5762712,456.6929134,438.0165289,483.3333333,368.0555556,306.7484663,392.4050633,544,478.6324786,548.6725664,401.5151515,483.8709677,577.5862069,406.504065,389.261745,402.7777778,361.1111111,333.3333333,425.8064516,416.0583942,321.4285714,364.7798742,320.754717,438.4615385,339.869281,401.459854,309.9415205,358.490566,428.5714286,296.2962963,317.9190751,331.3253012,345.6790123,344.6327684,296.875,302.3255814,300.5181347
20,288.1355932,348.6842105,446.969697,416.0583942,421.0526316,353.3834586,366.9064748,353.7414966,446.8085106,320,369.1275168,393.5483871,411.7647059,465.648855,414.0625,454.5454545,524.5901639,500,378.7878788,425.1968504,525.9259259,383.5616438,397.1631206,375,368.4210526,542.3728814,466.1016949,442.6229508,462.1848739,483.3333333,406.25,500,477.2727273,324.137931,416.0583942,475.5244755,478.6324786,561.4035088,440,491.5254237,420.6349206,435.483871,464,438.8489209,470.1492537,312.1387283,368.4210526,361.2903226,431.8181818,475.4098361,448,491.6666667,372.0930233,355.0724638,413.5338346,438.4615385,312.1019108,259.8870056,350.877193,485.2941176,433.0708661,512.195122,377.6223776,404.4117647,444.4444444,402.9850746,309.0909091,350.3184713,348.1012658,316.6666667,380.952381,433.3333333,313.1868132,321.8390805,289.017341,397.1631206,293.4131737,335.6164384,278.0748663,339.0804598,384.6153846,280,324.4680851,298.3425414,325.8426966,317.9487179,251.1848341,283.4224599,235.8490566
30,295.3367876,284.8484848,444.4444444,382.5503356,344.8275862,368.0555556,326.7973856,378.8819876,365.3846154,298.7804878,390.2439024,327.3809524,410.9589041,450,417.2661871,363.6363636,446.969697,485.5072464,331.0344828,424.4604317,449.6644295,335.4037267,363.6363636,327.2727273,324.137931,500,441.8604651,421.0526316,381.6793893,374.0458015,354.6099291,401.459854,390.4109589,310.5590062,377.4834437,394.9044586,503.9370079,532.2580645,386.8613139,361.5384615,391.3043478,379.5620438,359.7122302,339.869281,385.1351351,282.7225131,333.3333333,309.9415205,386.2068966,443.6090226,386.8613139,413.5338346,359.1549296,403.9735099,372.4137931,402.7777778,300.5780347,235.8974359,275.1322751,355.704698,467.6258993,466.6666667,337.5796178,362.4161074,366.9064748,374.1496599,288.0434783,316.091954,321.8390805,261.3065327,320.6521739,325.3012048,266.3316583,295.3367876,282.7225131,398.6928105,243.2432432,362.5,223.3009709,279.7927461,363.0573248,250,292.6829268,330,275.5102041,279.0697674,184.5493562,239.0243902,165.9574468
40,283.6538462,333.3333333,383.6477987,276.0736196,345.9119497,354.4303797,309.9415205,346.3687151,300.5780347,292.8176796,298.3425414,300.5464481,327.0440252,385.620915,298.7012987,341.7721519,344.8275862,359.4771242,267.0807453,422.0779221,347.3053892,305.5555556,284.8837209,292.8176796,367.0886076,410.0719424,354.6099291,374.1496599,402.7777778,379.3103448,275.6410256,322.3684211,351.8518519,268.1564246,333.3333333,312.1387283,413.0434783,422.2222222,335.5263158,307.6923077,361.8421053,342.1052632,290.3225806,329.4117647,397.5903614,267.6056338,294.1176471,296.2962963,325,363.0136986,337.7483444,306.122449,320.754717,288.2352941,331.2883436,331.25,317.7083333,203.7037037,304.7619048,343.5582822,381.5789474,369.1275168,298.8505747,379.5180723,320.2614379,308.6419753,215.6862745,253.8860104,283.5051546,222.7272727,287.1287129,306.010929,219.1780822,258.2159624,255.9241706,311.7647059,243.902439,267.0454545,192.9824561,239.4366197,294.7976879,192.4882629,262.2222222,244.3438914,281.1059908,223.628692,193.6758893,185.0220264,210.9375
50,259.9118943,257.5757576,356.3218391,279.3296089,340.9090909,295.4545455,247.3684211,265,302.0833333,222.7722772,315,290,294.7976879,365.2694611,288.2352941,320,335.4037267,274.8538012,272.2222222,362.5730994,308.5106383,252.4752475,270.8333333,260,294.7976879,418.3006536,314.1025641,294.4785276,351.8518519,296.2962963,268.5714286,300,337.0165746,222.7722772,317.2043011,319.3717277,370.8609272,420,266.2721893,333.3333333,280.7017544,282.3529412,297.1428571,282.7225131,336.8983957,219.4092827,281.25,246.3768116,310.7344633,351.8518519,321.4285714,323.1707317,310.7344633,242.1052632,307.6923077,290.5027933,271.0280374,200,242.4242424,309.3922652,313.6094675,365.2694611,235.8974359,278.0748663,331.3953488,296.7032967,196.5065502,259.2592593,268.5185185,192.6229508,263.3928571,245.0980392,195.0207469,258.4745763,200.8547009,259.2592593,219.2982456,241.025641,192,221.2765957,260.4166667,200,217.2131148,237.5,212.5,210.1167315,156.9343066,189.516129,159.4202899
60,238.6831276,222.7272727,293.1937173,277.7777778,278.3505155,266.6666667,242.8571429,227.2727273,264.1509434,186.6666667,283.1050228,266.0550459,278.9473684,326.0869565,317.4603175,293.814433,335.1955307,239.5833333,253.7313433,308.9005236,269.2307692,222.2222222,279.6208531,250,275.1322751,352.9411765,283.2369942,287.2928177,272.2222222,236.2637363,241.025641,296.2962963,257.4257426,176.9911504,323.6714976,247.6190476,275.4491018,355.4216867,273.6842105,312.849162,253.8860104,246.0732984,258.8832487,258.2159624,263.1578947,187.0229008,252.0325203,255.5066079,276.9230769,316.6666667,326.2032086,266.3043478,251.2562814,213.2701422,323.5294118,295,210.9704641,159.6958175,207.8431373,311.5577889,327.9569892,324.3243243,202.764977,247.6190476,302.0833333,225.4901961,162.6984127,201.6806723,219.4092827,184.9056604,204.0816327,233.1838565,187.0229008,207.03125,192.1568627,224.8803828,200.8032129,248.8479263,186.5671642,179.6875,260.6635071,194.5525292,233.9622642,220.9302326,223.9382239,197.8021978,170.0680272,172.9323308,145.7627119
70,244.1860465,234.5679012,278.8461538,212.962963,230.0469484,250,213.0434783,219.9170124,206.0085837,223.5772358,280.334728,262.7118644,269.2307692,308.4577114,258.3732057,225.3521127,287.8787879,244.1314554,218.75,259.4339623,247.826087,202.4291498,254.3103448,215.1898734,269.2307692,344.0860215,279.7927461,232.6732673,243.7810945,211.8226601,225.8064516,270.1421801,242.1524664,180,250,241.2280702,329.7297297,326.0869565,233.3333333,265,210.2803738,228.9719626,187.2146119,233.0508475,297.4137931,169.6113074,245.3531599,234.5679012,250,296.4824121,250,287.804878,247.7477477,222.6890756,295.154185,272.3214286,234.6153846,175.4385965,212.2302158,285.7142857,257.2815534,282.9268293,192.4686192,244.6351931,219.6261682,181.4159292,167.8832117,204.6332046,213.1782946,160.2787456,218.5185185,186.7219917,145.9074733,181.8181818,160,194.8051948,136.0294118,186.7219917,142.3611111,188.4057971,216.4502165,161.2903226,202.0905923,191.3357401,201.4388489,188.3561644,142.8571429,164.3356643,154.0880503
80,261.0294118,223.0769231,271.1111111,243.5897436,246.7532468,201.6806723,206.4777328,238.4615385,239.0438247,202.247191,284.6153846,230.1587302,229.0748899,301.369863,226.0869565,240.3433476,247.706422,191.4893617,199.1869919,264.957265,207.1713147,213.4831461,198.4126984,213.4387352,235.5555556,318.627451,212.2641509,228.6995516,219.7309417,199.1150442,175.7322176,225.1082251,222.2222222,169.1176471,218.6234818,200.8196721,290.6403941,297.029703,206.8965517,234.2342342,195.9183673,181.4345992,215.1898734,267.4418605,296.4426877,166.6666667,216.4948454,243.2432432,221.2765957,223.7442922,195.6521739,246.6960352,208.1632653,187.7394636,228.9156627,237.704918,208.4805654,169.3811075,209.3023256,246.8085106,230.0884956,238.9380531,189.9224806,167.3151751,194.092827,214.5748988,149.1525424,168.4587814,182.1428571,138.2636656,211.6040956,222.65625,149.0066225,193.220339,152.5423729,217.3913043,130.1369863,178.9883268,168.2847896,174.4966443,188,160.5351171,198.0519481,184.5637584,191.9191919,179.4871795,155.8823529,163.3986928,116.2790698
90,270.1754386,231.0469314,228.2157676,250,233.8709677,189.1891892,226.4150943,237.5886525,186.8131868,199.3127148,281.6901408,228.4644195,229.5081967,296.6101695,203.187251,217.3913043,217.5732218,189.9224806,182.8358209,240.1574803,182.4817518,168.3848797,192.0289855,228.7822878,206.6115702,243.2432432,221.7391304,205.7613169,201.6460905,209.6774194,168.5823755,220.4724409,196.969697,159.8639456,192.5925926,245.1361868,273.5426009,266.9683258,171.314741,204.9180328,220.4724409,204.6332046,172.4137931,220.6405694,268.115942,166.163142,196.2025316,225.4545455,210.3174603,243.697479,210.3174603,232.9317269,205.9925094,205.6737589,241.6356877,240.6015038,183.0065359,149.7005988,162.5766871,278.8844622,255.1440329,229.5081967,151.6245487,155.7971014,184.6153846,151.8518519,141.509434,172.7574751,162.7906977,127.9761905,179.245283,175.8241758,128.8343558,170.8860759,153.6050157,193.4306569,165.6050955,166.0649819,155.6886228,162.5,187.5,118.3800623,193.3534743,195.6521739,172.4137931,152.6946108,125,140.6727829,131.7204301
100,274.2474916,197.9522184,220.9302326,218.5185185,225.1908397,174.3772242,205.6737589,252.4916944,208.1911263,189.1025641,235.2941176,250.8833922,262.5482625,259.8425197,216.4179104,216.9117647,216.2162162,200.7168459,187.5,249.0974729,197.9865772,182.6923077,200.6688963,198.6062718,214.0077821,235.2941176,204.8192771,187.0229008,181.1320755,159.8513011,163.7010676,189.7810219,175.4385965,151.4195584,183.6734694,224.2647059,216.6666667,205.8823529,180.1470588,200,182.4561404,171.4285714,154.9295775,228.7581699,230.7692308,167.1309192,197.0588235,227.8911565,199.2619926,258.8235294,218.5185185,179.1044776,184.0277778,192.6910299,190.3114187,248.2517483,198.7951807,143.6464088,127.4787535,269.6629213,238.4615385,222.2222222,163.2653061,154.8821549,175,133.5616438,131.1953353,166.6666667,158.3850932,118.1318681,166.180758,195.2054795,142.0454545,150.4424779,133.9031339,184.9315068,126.1261261,129.1390728,125.698324,141.6184971,184.3003413,131.5789474,193.1818182,174.4186047,150.4424779,149.7175141,133.3333333,130.0578035,118.251928
110,261.9808307,212.6984127,216.1172161,210.5263158,238.4341637,151.8151815,190.6354515,235.2941176,185.3035144,194.0298507,262.0481928,235.6902357,235.5072464,261.0294118,195.8041958,186.2068966,175.6272401,190,151.1254019,240,177.0186335,166.6666667,170.8074534,213.8157895,215.3284672,229.5719844,186.5671642,159.0106007,177.0833333,152.2491349,132.0132013,204.6979866,195.4397394,147.0588235,198.1132075,195.8041958,195.3125,222.65625,159.7222222,200,188.7417219,152.3178808,143.3333333,227.5449102,222.2222222,168.3937824,194.5205479,233.974359,194.4444444,203.6363636,237.1134021,217.2413793,195.5128205,167.7018634,219.047619,208.3333333,196.6759003,145.7800512,145.5026455,263.1578947,212.2302158,221.4285714,152.866242,144.200627,159.4684385,146.9648562,130.4347826,128.5714286,132.183908,84.61538462,149.4565217,183.2797428,116.7108753,161.5598886,128.6089239,166.6666667,140.4494382,161.4906832,124.3386243,132.4324324,156.0509554,122.2222222,166.6666667,177.2853186,172.2222222,156.7567568,117.3594132,140.1098901,124.0694789
120,303.125,182.0895522,232.6388889,206.557377,222.5913621,167.7018634,181.5384615,247.7876106,168.6746988,202.2160665,267.0454545,248.4076433,201.3651877,243.902439,157.8947368,187.7022654,222.2222222,182.3899371,146.7065868,239.8753894,171.9197708,164.8044693,170.5202312,196.875,213.7931034,194.1391941,163.7630662,162.2516556,152.5974026,148.8673139,101.2269939,183.2298137,174.6987952,147.9452055,164.7058824,211.9205298,197.080292,222.6277372,124.600639,196.7213115,177.1771772,145.0617284,145.8966565,224.3767313,205.2023121,144.963145,197.9166667,234.0425532,185.6677524,191.1262799,207.1197411,193.5483871,173.6526946,165.6976744,195.9064327,202.9850746,191.0994764,156.097561,132.1695761,254.1254125,212.1212121,208.0536913,127.5964392,134.1107872,150,134.7305389,120.8226221,148.2479784,146.7391304,122.2493888,138.1909548,165.1376147,121.2121212,141.3333333,96.53465347,171.1711712,85.56149733,128.2798834,108.3123426,131.7829457,137.3134328,121.6931217,185.7506361,156.6579634,189.1891892,145.8333333,135.1981352,125.984252,118.6440678
130,335.3658537,203.3898305,217.8217822,213.622291,246.105919,160.3498542,188.7905605,245.7627119,184.4380403,199.4750656,281.8428184,259.1463415,230.5194805,260.7260726,157.2327044,182.0987654,182.9652997,199.4047619,162.464986,229.6511628,161.7250674,178.6666667,132.231405,194.0298507,235.2941176,180.5555556,138.1578947,130.8411215,152.4390244,137.195122,130.8139535,141.6184971,177.9661017,158.8541667,162.9834254,234.1772152,181.5068493,213.7931034,138.0368098,188.8544892,167.1469741,110.787172,127.5362319,225.7217848,191.7808219,161.52019,212.195122,253.6443149,198.1424149,206.4516129,181.8181818,203.6474164,191.5492958,181.0584958,208.2191781,246.4985994,203.5175879,167.8486998,135.8313817,266.4576803,196.2025316,165.0793651,130.9192201,121.8836565,136.2318841,116.1473088,113.022113,127.2727273,114.8825065,96.92671395,150.9433962,170.5882353,113.3004926,129.5336788,102.1377672,169.4915254,110.8247423,122.2222222,124.0875912,124.0694789,143.6619718,117.3469388,205.2505967,179.5511222,164.0625,161.6915423,138.0090498,131.9796954,127.0588235
140,345.3453453,215.8469945,203.125,174.9271137,215.9763314,138.8888889,219.3732194,265.1933702,171.5817694,258.2278481,287.9581152,279.4117647,210.5263158,248.427673,179.1044776,179.4117647,182.0895522,170.4545455,155.0802139,243.8356164,171.3554987,164.1025641,159.6858639,189.6551724,208.0745342,184.8184818,139.7515528,136.0946746,134.2857143,138.7283237,123.2876712,178.5714286,156.0846561,160.8040201,153.0343008,179.8780488,173.0769231,189.5424837,154.5189504,167.1554252,170.3296703,124.6537396,115.3846154,206.5491184,212.0418848,160.9195402,214.2857143,268.3615819,200,187.1165644,200,193.0835735,182.7956989,176.4705882,197.9166667,213.9037433,207.7294686,176.6055046,146.7268623,306.3063063,216.2162162,169.18429,114.973262,132.2751323,123.6263736,129.3800539,111.6389549,144.638404,123.7373737,119.5402299,133.4841629,176.1363636,102.8708134,106.6997519,119.266055,170.2702703,120.3007519,136,112.1495327,121.1401425,148.2479784,125.6157635,183.0663616,171.0843373,182.9573935,141.1192214,157.8947368,129.6758105,135.6321839
150,382.3529412,233.8709677,210.2102102,220.6703911,219.1011236,153.638814,191.6666667,300.2680965,192.2077922,234.5679012,305.3435115,250,244.1176471,274.6268657,160,188.2022472,193.7321937,183.5616438,153.8461538,228.3464567,159.3137255,175,159.4936709,214.084507,204.1420118,182.3899371,162.7218935,124.6458924,133.8797814,101.9283747,107.3298429,181.5789474,159.8984772,136.5853659,158.5677749,220.2380952,170.212766,200.617284,141.2742382,196.0784314,169.2708333,119.6808511,108.7533156,221.4111922,217.1717172,154.7085202,217.1945701,309.3922652,205.0561798,190.0584795,158.0381471,191.6666667,176.1658031,181.8181818,198.5111663,226.2210797,209.7902098,161.8625277,147.9028698,291.9075145,206.3037249,136.2318841,125.6410256,114.7959184,136.4829396,135.0649351,115.9090909,125,115.942029,96.41255605,154.8672566,159.3406593,102.3255814,117.7884615,100.2227171,159.6858639,131.7073171,129.1989664,107.8651685,135.3211009,122.3958333,113.8014528,219.7309417,166.2763466,169.9029126,154.9295775,144.989339,131.5789474,142.8571429
160,381.0888252,250.6596306,219.0201729,244.5652174,269.7547684,176.6233766,222.826087,316.0621762,202.020202,227.6029056,342.2330097,263.3053221,242.1652422,259.3659942,149.1712707,196.1852861,203.2967033,205.8823529,166.6666667,262.086514,163.8954869,194.6472019,147.0588235,201.1019284,230.3370787,187.3111782,122.1590909,150.273224,118.7335092,140.5835544,106.3291139,152.6717557,156.097561,158.7677725,162.962963,219.6531792,162.3188406,176.4705882,140.9214092,192.9347826,191.9191919,123.3933162,118.9873418,235.8490566,226.8292683,171.3665944,241.1504425,305.6300268,214.673913,183.0985915,208.4432718,200,205.5137845,172.5888325,195.1807229,231.3432836,227.4774775,193.9655172,144.7084233,318.1818182,195.5922865,156.424581,89.33002481,109.4527363,139.9491094,103.2745592,116.8831169,113.4259259,125.8741259,95.44468547,153.6796537,174.6031746,120.2672606,130.5361305,113.7339056,173.4693878,139.1509434,118.3879093,117.6470588,115.5555556,136.0201511,128.8056206,220.5240175,163.6363636,191.0377358,150.6849315,143.153527,127.9069767,134.3283582
170,454.8022599,255.8139535,203.3426184,221.6358839,272,173.3668342,223.4042553,326.6832918,192.1182266,243.0555556,345.7943925,271.978022,268.6980609,274.5098039,153.2258065,208.994709,210.6666667,200.5208333,181.1594203,269.8019802,179.7235023,219.047619,144.5221445,223.1182796,217.1581769,166.180758,126.0273973,127.3209549,127.5510204,107.9691517,113.022113,172.4137931,146.2264151,154.3778802,162.2911695,231.1977716,168.0672269,190.8831909,134.2105263,192.1052632,198.0440098,116.9154229,100.4901961,241.4578588,195.8525346,179.7040169,246.2203024,293.059126,215.7894737,204.359673,177.8350515,207.8947368,190.2439024,202.970297,193.1818182,248.2100239,214.1280353,218.487395,145.2631579,345.2054795,212.2015915,162.1621622,105.0119332,112.7098321,121.2871287,125.3071253,90.52631579,119.1011236,116.5919283,102.9411765,147.6793249,166.6666667,100.4273504,130.6306306,107.8838174,175.308642,125,128.0788177,111.814346,125.813449,148.0582524,118.4510251,211.08742,160.3563474,194.5701357,145.6953642,159.2741935,129.2517007,113.6842105
180,454.0389972,275.2525253,212.5340599,282.3834197,281.6537468,163.4146341,241.5584416,317.0731707,220.0956938,264.4444444,329.5454545,311.1702128,266.1290323,291.5531335,187.012987,226.8041237,222.7979275,210.6598985,181.1764706,274.0384615,178.5714286,219.3995381,108.1081081,220.2072539,216.4948454,167.1388102,127.3209549,131.7829457,123.1527094,122.1945137,106.6350711,181.3842482,142.8571429,159.1928251,147.3922902,223.7196765,166.6666667,190.0826446,153.0612245,196.9309463,191.3875598,114.0776699,117.6470588,249.4481236,229.580574,175.8691207,280.5907173,323.3082707,202.0460358,194.7368421,226.9326683,209.7186701,224.824356,218.2254197,222.2222222,248.8584475,254.3103448,214.7239264,134.9693252,357.1428571,202.5641026,154.6391753,92.16589862,116.2790698,108.2352941,105.8823529,109.2783505,115.9737418,132.3210412,104.7227926,151.9507187,185.6435644,113.8716356,126.9146608,106.4257028,177.4580336,121.3483146,119.047619,106.7761807,139.2405063,130.2325581,129.1028446,207.81893,172.1132898,208.8888889,148.6199575,157.790927,146.9933185,132.9243354
190,478.2608696,278.7286064,227.2727273,250,289.276808,157.1428571,241.1167513,358.1730769,204.5977011,280.7017544,378.3783784,355.8441558,281.3299233,308.5106383,163.3165829,213.0325815,202.020202,188.1188119,159.453303,261.0722611,169.197397,214.1280353,144.7368421,226.1306533,231.1557789,167.5824176,136.5979381,137.8446115,117.2248804,113.8014528,107.7981651,178.2407407,165.2173913,147.1861472,167.4008811,234.828496,176.6233766,196.8085106,133.0049261,196.5174129,194.4444444,107.2261072,108.8435374,250.5399568,228.4482759,205.9405941,276.2886598,356.097561,228.5012285,204.5454545,214.6341463,223.325062,207.2072072,191.1421911,237.7919321,234.5132743,289.3081761,243.0278884,168,344.4730077,221.1302211,159.2039801,121.6814159,110.3603604,110.3603604,106.5759637,92.18436874,117.0212766,122.6215645,111.7764471,155.3784861,170.6730769,112.9032258,130.8016878,121.09375,193.0232558,110.8695652,113.4259259,109.7804391,116.8032787,132.5842697,110.8742004,202.811245,187.6332623,218.1425486,156.5762004,171.8146718,125.813449,120.240481
200,541.5549598,303.6144578,225.7217848,321.6080402,311.4355231,160.4651163,272.2772277,382.4228029,202.6726058,307.0362473,371.6814159,332.4808184,285.3598015,303.1088083,195.1219512,232.8431373,206.8965517,195.1807229,175.1662971,273.3485194,172.9957806,230.6034483,135.193133,219.2118227,224.3902439,162.2340426,135,139.0243902,118.3294664,122.3529412,106.4301552,167.7852349,173.3615222,167.7148847,156.3169165,244.2159383,171.641791,181.5856777,136.0381862,196.6426859,199.1051454,108.1081081,107.6923077,295.9830867,231.092437,214.2857143,313.1313131,383.1325301,247.0588235,185.3658537,221.4285714,228.1553398,214.9122807,209.9322799,241.1642412,278.6177106,283.3675565,262.1359223,138.1322957,375,228.7735849,142.1686747,102.1276596,120.3501094,106.0606061,111.8421053,100.5802708,109.9585062,113.6363636,107.2124756,143.9688716,177.5700935,114.3984221,127.3100616,106.0606061,185.1015801,105.7082452,121.3483146,95.14563107,130.7847082,147.5770925,116.5644172,243.7137331,179.5407098,227.3684211,162.9327902,161.0486891,138.0042463,129.6660118
210,596.3060686,297.6744186,239.8989899,298.2885086,334.9282297,161.7977528,287.4396135,398.6013986,222.462203,302.9045643,450,392.5,294.9640288,321.6080402,176.056338,245.2380952,217.7033493,239.4366197,189.2473118,298.013245,187.3727088,229.6450939,137.7870564,254.8076923,241.8604651,166.2404092,130.7506053,146.572104,116.5919283,123.0068337,85.83690987,147.1861472,146.2925852,178.8617886,170.4781705,285,171.0213777,190.5940594,171.2962963,210.6481481,198.2570806,88.74458874,108.2802548,296.5235174,218.1818182,240.1500938,326.0869565,353.6299766,247.7477477,205.6737589,228.1105991,252.3584906,231.9148936,230.7692308,259.0361446,283.2980973,289.1566265,262.8571429,146.6666667,427.184466,230.7692308,151.8691589,97.56097561,112.05074,101.0526316,108.5106383,105.4613936,125,96.57947686,112.5954198,149.9051233,170.4545455,111.5384615,130.952381,109.0573013,203.0567686,119.5876289,123.6442516,120,113.5029354,134.6153846,109.3439364,227.2727273,178.2786885,209.7759674,143.7007874,166.9724771,114.3451143,134.8747592
220,619.1709845,338.7096774,234.7188264,317.4224344,342.7230047,181.4159292,296.2085308,422.3744292,234.6723044,331.2883436,437.6321353,356.4356436,309.3023256,312.8078818,178.8990826,224.2562929,227.3781903,230.5936073,173.3615222,290.9482759,204,230.6122449,151.3292434,238.317757,240.4494382,178.2178218,126.7605634,133.3333333,115.4684096,114.5374449,106.029106,181.8181818,160.15625,169.9604743,165.6565657,290.6403941,158.6206897,193.7799043,147.6510067,200.8928571,210.1910828,108.559499,100.6160164,293.4131737,242.6614481,228.5191956,338.4912959,414.4144144,256.5217391,210.0456621,230.941704,252.2727273,228.8659794,222.2222222,268.4824903,280.7377049,311.7647059,272.7272727,144.4444444,437.0546318,237.0689655,146.3963964,104.743083,108.6065574,99.1902834,111.1111111,98.9010989,125.7367387,110.0196464,121.2686567,160.8133087,178.9709172,104.6728972,108.5271318,103.7567084,211.8644068,126,120,105.2631579,124.2829828,144.0501044,112.4031008,242.9906542,199.195171,248.9959839,159.9229287,172.1014493,130.3462322,145.0094162
230,639.5939086,356.979405,243.4367542,329.4117647,358.7962963,192.4778761,287.7030162,429.5302013,233.8204593,376.2575453,450.617284,397.5609756,331.8284424,323.7410072,178.5714286,236.6071429,228.5067873,265.0334076,191.7525773,304.6218487,190.6614786,245.0199203,167.3387097,259.1743119,268.9804772,169.8564593,149.6598639,116.9977925,114.1649049,117.2707889,98.79032258,185.1851852,160.3053435,181.1175337,166.3366337,281.5533981,163.7168142,199.5359629,150,213.9737991,221.5320911,106.122449,109.3439364,332.03125,250.9505703,230.3571429,352.8301887,428.2560706,248.4210526,202.2222222,242.4242424,259.4235033,230.9236948,240.1656315,274.6212121,307.3852295,346.0803059,295.2898551,139.7459165,442.8904429,249.475891,140.0437637,96.77419355,115.5378486,106.5891473,114.4578313,95.40636042,116.8582375,124.7600768,109.4890511,165.7657658,166.6666667,120.8791209,121.2686567,125.8741259,206.9672131,119.6078431,112.244898,113.345521,134.5794393,134.6938776,103.7735849,270.3703704,185.4043393,260.2739726,161.2903226,173.1448763,143.4262948,139.9253731
240,697.7329975,377.7777778,252.9550827,358.6206897,380.733945,184.7133758,312.0728929,470.4595186,236.6255144,366.5338645,473.8955823,401.9138756,361.8421053,341.8604651,193.4782609,269.3965517,236.2030905,216.4502165,189.8989899,345.603272,203.7735849,262.6459144,145.0980392,250.5494505,263.7130802,151.1627907,118.1619256,128.7553648,105.9063136,109.9585062,94.96124031,164.3286573,181.4814815,174.8120301,176.0154739,325.415677,164.882227,202.247191,168.7763713,208.4210526,227.8225806,98.61932939,108.1081081,353.0534351,268.6567164,244.7916667,358.5951941,466.3774403,265.9793814,193.0585683,240,243.0703625,261.71875,252.016129,281.4814815,318.359375,335.8348968,300,138.0530973,459.2760181,277.8904665,142.8571429,96.2962963,130.3501946,99.43714822,103.7181996,88.3882149,115.6716418,113.594041,114.490161,163.4446397,189.2473118,120.0716846,123.8615665,111.4922813,210.8433735,118.3206107,107.7844311,111.1111111,137.1115174,121.756487,116.8831169,248.1751825,213.592233,255.7692308,154.5623836,190.9722222,144.53125,144.4444444
250,714.987715,384.9557522,261.5740741,386.5168539,383.5920177,205.8212058,353.7414966,486.0813704,256.0483871,384.3137255,499.0215264,415.9292035,338.9830508,338.5650224,193.6842105,252.0833333,215.8119658,245.7627119,214.5669291,345.3815261,201.4652015,292.2201139,148.5714286,278.2608696,293.2790224,146.9933185,124.2105263,114.3451143,106.5088757,102.6156942,97.7443609,179.8839458,167.8571429,173.3576642,159.0909091,298.6111111,170.1244813,199.5661605,145.4918033,222.2222222,247.5442043,99.61685824,101.5037594,350.0931099,286.4864865,250.4258944,367.2727273,498.9339019,278,218.75,256.6191446,266.1122661,246.1538462,281.496063,303.9568345,318.7022901,336.3970588,328.0701754,150.779896,505.3078556,294.6954813,152.892562,111.7117117,110.2661597,100.7326007,101.1450382,103.21489,122.4862888,118.3970856,100,171.5771231,178,115.7894737,110.3202847,120.8053691,221.5686275,115.0278293,108.5271318,115.58669,125,124.7563353,117.5406872,277.2808587,179.389313,269.0839695,157.2212066,196.2134251,130.5182342,142.8571429
260,783.9805825,393.9393939,253.968254,400.4424779,415.9292035,211.1801242,348.8888889,527.3109244,259.9206349,414.0625,480.7692308,421.875,363.0705394,362.0309051,192.6229508,281.6326531,227.5574113,259.7938144,215.5339806,350.9803922,218.8065099,291.588785,141.2429379,281.7204301,278.6561265,161.5720524,119.3415638,127.016129,123.5521236,101.3645224,96.89213894,182.1631879,176.366843,188.172043,176.2523191,317.2413793,181.0865191,209.3023256,170.2970297,224.4488978,246.628131,100.7462687,95.58823529,341.8181818,283.4224599,281.1980033,397.137746,513.6268344,296.2962963,218.875502,276.6798419,276.4227642,281.9548872,262.4521073,313.4851138,332.7137546,339.3501805,330.449827,145.7627119,565.2173913,289.2720307,151.3944223,102.9668412,116.8831169,98.38998211,104.4776119,107.0234114,129.2639138,118.0679785,108.6206897,165.2470187,169.921875,110.3448276,125.2173913,105.9602649,239.4636015,138.4335155,120.2290076,119.1709845,132.0422535,128.3524904,115.4529307,299.1150442,228.3018868,289.4248609,181.6546763,174.0614334,150.9433962,144.4043321
270,791.8660287,433.1896552,267.1081678,431.372549,462.2030238,224.0325866,375,540.5405405,278.978389,436.8932039,541.6666667,441.5011038,378.5425101,372.1413721,200,287.6984127,263.803681,268.1451613,226.8431002,362.7639155,219.4690265,308.2568807,147.3296501,302.3255814,291.7466411,154.3340381,128.5140562,135.2941176,100.1890359,107.9545455,98.03921569,201.1173184,180.5555556,199.3006993,182.4817518,345.3724605,185.9099804,199.1786448,166.344294,266.1448141,249.5309568,113.1386861,99.27797834,367.201426,302.4475524,279.8690671,420.7746479,546.0251046,324.4274809,225.9332024,256.7567568,268.2445759,294.1176471,264.0449438,302.9259897,358.1818182,387.6106195,352.5423729,148.3333333,539.0946502,300.3731343,152.34375,101.2006861,109.0909091,100,116.7883212,116.202946,130.0527241,126.0945709,124.1496599,168.0672269,180.0766284,128.5956007,128.2051282,109.1205212,250.9363296,128.5714286,97.78597786,118.2432432,133.4488735,145.0094162,120,307.1553229,205.6074766,305.1470588,172.9055258,193.220339,167.9104478,154.676259
280,788.2352941,431.8658281,273.7068966,452.3809524,471.7391304,217.3038229,390.4555315,576.7634855,304.8543689,457.5289575,550.1858736,434.4978166,402.7777778,372.7087576,231.372549,297.6653696,260.5210421,285.1485149,229.9065421,376.1814745,236.4273205,298.3725136,169.0909091,288.1002088,316.4794007,162.601626,128.90625,123.8095238,116.2361624,102.0408163,103.6906854,211.2932605,177.1720613,215.1462995,203.2374101,317.0731707,181.9923372,194.3887776,174.573055,263.3587786,273.0627306,110.516934,109.540636,376.9633508,296.5517241,285.2564103,411.4583333,572.0164609,313.4328358,224.5681382,283.8345865,292.8709056,301.0752688,275.0455373,311.4478114,343.4163701,380.8695652,352.7454243,155.7377049,545.8248473,318.0987203,154.5801527,100.1697793,106.7615658,92.90540541,134.6499102,98.70550162,133.6805556,122.4137931,132.3283082,174.789916,195.0757576,119.8003328,132.3283082,123.9935588,255.9414991,121.0526316,126.142596,122.7197347,135.9724613,149.1712707,134.0206186,302.2452504,214.1527002,313.8686131,194.2959002,203.9800995,149.4464945,161.8705036
290,856.4814815,493.6708861,306.2098501,481.9532909,478.4482759,219.8019802,422.7467811,599.5893224,318.0076628,460.0760456,553.9305302,469.8275862,420.7436399,417.4950298,237.4517375,302.4574669,273.0844794,301.9230769,235.9346642,400.3724395,262.9757785,347.0483005,154.1218638,318.1818182,334.5588235,163.6726547,127.8625954,126.6294227,114.7540984,118.3970856,101.5490534,207.5812274,195.3255426,204.0472175,195.3818828,360.8695652,192.5233645,228.515625,179.6296296,248.5981308,269.7841727,118.1657848,113.2404181,406.1962134,325.9762309,305.8637084,423.9316239,584.8670757,344.3223443,238.7218045,297.9890311,301.3182674,299.2957746,301.0752688,342.192691,355.0087873,391.0806175,371.5220949,142.6256078,597.1943888,324.3727599,156.424581,116.4725458,112.2807018,103.3333333,107.9646018,107.7170418,116.6380789,136.7521368,127.9069767,171.2328767,178.1076067,139.3442623,130.794702,111.6427432,264.8648649,121.1072664,143.6363636,121.1129296,124.5733788,159.7096189,130.952381,305.6027165,217.7121771,318.3453237,165.4929577,182.2660099,175.5027422,150.9769094
300,861.9909502,486.4300626,310.6382979,476.7932489,528.7846482,246.09375,461.5384615,599.1820041,318.7855787,480.2259887,555.9566787,485.106383,435.2030948,412.7906977,232.3809524,324.0223464,278.8461538,299.8102467,233.3931777,410.2564103,222.4108659,338.6243386,168.1415929,335.3783231,343.5251799,168.6046512,137.2180451,132.5966851,120.2872531,114.9012567,115.4499151,212.0141343,199.3355482,204.3189369,199.3006993,361.8843683,173.3576642,220.3065134,193.4306569,256.8807339,270.4626335,110.3448276,114.5299145,388.4156729,311.4478114,306.25,447.9865772,592.2920892,359.0664273,232.4723247,291.5921288,302.4118738,318.2608696,301.056338,350.8196721,370.2422145,421.319797,392.5686591,121.7948718,614.9312377,339.1915641,160.5839416,108.7662338,112.0689655,117.4551387,120.2090592,102.0733652,117.5468484,122.0338983,124.5901639,169.8440208,180.6569343,125,120.3252033,125.984252,259.2592593,114.5299145,127.5045537,118.1229773,123.7288136,138.7900356,129.6296296,309.1216216,218.9239332,328.5968028,146.0869565,193.7602627,167.8832117,154.9295775
310,920.3539823,519.5071869,312.3689727,500,565.4008439,241.7794971,465.9574468,653.8461538,338.9830508,499.0654206,613.5957066,511.627907,445.7142857,417.7693762,258.4269663,338.8581952,286.5275142,298.3114447,266.4298401,429.0909091,260.5752961,342.0593368,165.5052265,342.1052632,357.5221239,175.2380952,138.6321627,138.9891697,109.540636,115.4529307,104.3046358,191.9720768,197.3898858,210.8731466,173.3102253,399.1507431,194.2446043,227.443609,209.3862816,272.5631769,289.2416226,111.8644068,102.8667791,404.7217538,321.1314476,310.5590062,462.4373957,633.2665331,385.1590106,243.6363636,297.0123023,325.4545455,317.7892919,315.8813264,354.368932,379.7250859,429.2929293,387.4598071,132.3763955,667.3228346,359.2400691,165.1705566,104.4303797,113.7521222,108.8,135.7388316,107.2555205,126.0504202,136.5935919,105.6910569,178.3876501,181.1594203,123.2227488,120.9677419,107.3094868,284.4827586,119.7301855,136.0424028,110.7544141,139.4957983,147.1103327,146.6666667,349.6621622,211.5027829,323.268206,154.1155867,199.6726678,174.7747748,142.0959147
320,928.2511211,528.9256198,332.6403326,539.8773006,570.5521472,258.126195,483.0508475,652,360.7476636,545.4545455,571.1775044,537.3443983,481.2030075,430.6839187,262.8676471,350.7194245,309.7014925,322.8782288,256.993007,433.4532374,248.7394958,339.6551724,160.6217617,348.0885312,389.8601399,177.5700935,132.7272727,129.4326241,106.271777,128.6956522,106.0358891,191.0499139,199.6779388,231.2703583,189.4197952,378.6610879,215.9292035,241.252302,214.2857143,283.1858407,313.0434783,105,98.16971714,430,308.7027915,310.5022831,484.2975207,706.3492063,383.9441536,262.9695886,329.2894281,330.9352518,329.9145299,310.9965636,355.2,386.7120954,417.9104478,412.6984127,141.2698413,645.3488372,354.8387097,145.1048951,100.931677,97.52066116,108.0645161,123.5194585,103.125,110.5527638,108.1530782,96.93053312,183.2460733,201.0968921,119.3092622,121.7948718,113.671275,298.3050847,116.6666667,129.1448517,99.6835443,125.8389262,143.1034483,144.0261866,307.5630252,221.402214,345.2593918,159.4454073,212.7659574,163.0824373,156.5836299
330,960.3524229,579.9180328,342.2131148,551.9348269,595.9183673,256.6037736,489.4514768,695.6521739,340.7407407,537.037037,614.9825784,531.25,495.3617811,440.8014572,263.6363636,364.6017699,330.2583026,336.9763206,269.8961938,438.1625442,270.3150912,352.1367521,139.2190153,370.5179283,379.3103448,178.3088235,141.8312388,143.6077058,119.6581197,119.8630137,94.55128205,210.7925801,205.4574639,215.4340836,171.4770798,393.75,207.9722704,241.8181818,216.9312169,281.7391304,317.8694158,100.3289474,103.2786885,424.0924092,304.5602606,314.5896657,481.9672131,686.5079365,407.9173838,252.6501767,341.2969283,346.9026549,321.4890017,325.4237288,392.0634921,400.6734007,443.1630972,411.023622,151.8987342,656.4299424,376.2541806,151.7241379,87.5,102.7732463,88.23529412,122.0735786,98.91808346,119.0082645,103.960396,110.7544141,195.164076,211.0091743,115.625,119.8083067,105.5045872,298.3333333,99.33774834,126.2975779,111.8110236,123.3333333,152.5423729,102.7732463,319.8653199,202.5782689,336.8421053,169.8440208,211.3821138,156.8627451,151.5151515
340,1035.476718,591.8367347,332.6530612,563.0081301,616,258.9118199,497.8991597,721.3438735,332.103321,528.650647,574.8709122,602.484472,539.4495413,476.618705,286.9875223,377.6223776,340,348.2142857,278.6324786,465.849387,243.0668842,380.4713805,157.6271186,380.3921569,391.1564626,168.1735986,150.1766784,148.2758621,115.0592217,111.1111111,93.65079365,202.6578073,193.7007874,212.6984127,175.6756757,409.4650206,208.5470085,252.6690391,220.8695652,271.4776632,311.8644068,97.56097561,90.17713366,437.1941272,332.7974277,331.3253012,527.5080906,711.4624506,427.3648649,259.1304348,337.7926421,363.9514731,350.6711409,322.7953411,413.7931034,406.6115702,451.1400651,447.9004666,146.6876972,696.5648855,386.8852459,146.04811,87.77429467,105.4365733,96.42301711,110.5610561,81.66409861,113.8613861,109.6563011,99.2,183.7088388,200.3642987,116.6407465,117.274168,106.2215478,302.4793388,115.1315789,128.5956007,109.2043682,135.7615894,146.6666667,130.7189542,340.5676127,212.4542125,367.4911661,188.2556131,241.3793103,159.8579041,163.410302
350,1040.948276,599.5893224,355.8282209,602.8225806,633.0645161,265.7992565,509.4339623,747.0588235,377.7372263,575.8683729,633.3907057,560.3271984,522.6039783,507.1174377,291.958042,371.1340206,329.1592129,345.6140351,303.6912752,460.2076125,263.4146341,385.6427379,142.8571429,378.6407767,431.4381271,181.8181818,142.8571429,142.614601,108.3333333,119.205298,87.91208791,201.6393443,184.0873635,221.3500785,192.6298157,472.392638,222.7891156,246.0456942,232.0819113,309.6446701,307.1786311,84.66453674,91.0543131,454.8387097,313.7876387,362.8185907,530.6451613,765.1663405,443.3333333,260.7944732,314.2389525,353.3447684,330.0165837,338.8157895,386.2928349,423.4527687,462.7831715,448.9164087,148.9028213,810.6060606,416.8039539,152.1367521,96.18320611,101.141925,89.64451314,107.4918567,103.3950617,116.0130719,105.8631922,105.0955414,187.5,198.915009,117.8294574,112.8526646,111.6138763,313.1147541,108.1967213,121.0084034,111.8012422,123.3552632,128.9256198,131.7073171,380.3986711,242.2018349,374.1258741,187.6075731,242.6229508,165.480427,163.7010676
360,1045.95186,603.2719836,348.6973948,604.3737575,663.3064516,272.3880597,532.4947589,738.28125,369.7632058,602.9143898,651.0416667,649.694501,572.972973,499.1181658,283.2469775,367.3469388,352.8368794,368.5121107,309.484193,463.7931034,271.1038961,375.2066116,137.3534338,390.7156673,408.5667216,166.3747811,137.4570447,134.2281879,113.4868421,122.5490196,80.99688474,203.8834951,190.9937888,220.1550388,198.0033278,402.0618557,211.2436116,256.5445026,208.7542088,315.5258765,314.6622735,95.91194969,83.86075949,491.1433172,341.1949686,369.4362018,520.0642055,773.255814,463.5761589,267.1232877,350.0810373,358.5858586,349.1803279,344.7154472,419.504644,446.9453376,496,464.7239264,148.6697966,801.8867925,436.2745098,134.1256367,91.32420091,104.2345277,93.41500766,103.7277147,99.69325153,126.6233766,113.085622,114.1045959,176.6666667,183.7837838,120.3703704,120.124805,109.4452774,338.2113821,120.9150327,111.1111111,116.0990712,129.2962357,142.3895254,143.3224756,374.1721854,242.2018349,378.0487805,186.6438356,234.6278317,180.0356506,174.0674956
370,1093.073593,651.2096774,383.5341365,656.7460317,669.9801193,268.0221811,556.25,812.8654971,373.6462094,610.1083032,700.8849558,652.6104418,588.3392226,531.25,312.8205128,383.1932773,354.2757417,397.2835314,313.6288998,470.9897611,292.8802589,384.3648208,153.4653465,397.6833977,435.1395731,161.7391304,132.4278438,122.5165563,103.5598706,102.8938907,86.02150538,213.9384117,208.3333333,227.6923077,213.5761589,449.1869919,216.9491525,240.4844291,211.6666667,312.9139073,334.9593496,97.37248841,89.0625,508.7719298,355.6942278,357.2474378,558.0286169,798.0582524,456.4860427,266.5534805,370.9677419,369.1275168,370.3099511,370.9677419,436.9230769,438.4,509.5541401,485.5842185,153.125,792.8436911,444.6254072,138.2799325,79.26829268,114.8867314,103.500761,102.8938907,91.60305344,122.3832528,107.3717949,119.4968553,207.1307301,194.2446043,128.8343558,109.9071207,116.2444113,317.1521036,116.8831169,115.8940397,120.3703704,143.3224756,134.5218801,128.6644951,391.4473684,253.1876138,387.434555,185.3741497,234.6278317,166.6666667,181.1722913
380,1163.755459,657.2580645,366.1971831,674.6506986,687.8727634,283.8827839,595.8333333,825.8317025,409.7472924,648.6486486,733.9130435,683.4677419,618.629174,538.1944444,299.4923858,409.3178037,398.2758621,388.2352941,320.9076175,507.6400679,302.1001616,407.4675325,161.9834711,389.96139,477.7594728,162.9116118,131.53457,134.4262295,101.1235955,106.6878981,93.27217125,216.6934189,206.7901235,245.7757296,200.6578947,435.2226721,216.2162162,248.7046632,237.5415282,305.6910569,340.8723748,95.67901235,109.375,525.2365931,344.7204969,358.6005831,573.926868,829.787234,492.6350245,287.394958,379.0322581,375.2066116,395.7996769,365.8146965,424.4274809,455.5555556,504.7169811,500,167.962675,909.7744361,442.6494346,144.5378151,92.81437126,102.5641026,100.4497751,113.964687,113.9817629,121.9903692,119.2368839,118.75,196.0461285,203.180212,124.042879,130.1684533,126.1127596,350,113.2686084,121.7105263,122.1020093,146.1038961,143.5483871,131.280389,413.1147541,240.942029,416.2348877,190.4761905,264.1815235,166.0777385,184.0707965
390,1155.844156,678.7878788,380,673.2283465,728.515625,275.2293578,617.768595,853.8011696,436.8231047,661.8962433,748.7001733,646.5863454,625.659051,564.9241147,302.0134228,414.4736842,362.0981387,410.5960265,329.5819936,521.1505922,300.955414,420.1277955,177.52443,411.0898662,459.7701149,164.0759931,130,139.8373984,103.6682616,107.0866142,88.01213961,228.9348172,218.1259601,245.4268293,228.7581699,458.4178499,225.7525084,259.3856655,244.2244224,328.5024155,363.7820513,94.65648855,89.36825886,525,358.0246914,406.3400576,600.3159558,868.9788054,507.3170732,285.7142857,417.6,401.3157895,404.8,373.608903,458.2701062,468.4542587,535.1014041,532.1375187,152.5423729,824.6268657,459.2,145.4849498,97.77777778,106.518283,95.23809524,109.6979332,110.4387292,126.984127,111.8110236,111.627907,199.3569132,209.8765432,134.5565749,141.1229135,121.522694,371.2,114.14791,118.616145,121.7257319,121.1631664,137.3801917,137.987013,391.8699187,255.8558559,408.9347079,204.7377327,234.1463415,175.7469244,174.9116608
400,1173.819742,715.7258065,374,717.0923379,727.0955166,288.1040892,633.744856,875.7281553,419.0647482,653.5714286,787.1972318,723.4468938,664.3356643,575.0421585,323.3333333,426.4705882,411.9601329,425.2873563,320.5741627,525.1677852,311.6057234,416.2679426,154.4715447,398.4819734,470.5882353,164.9484536,129.3532338,141.2337662,118.5897436,104.8513302,96.82299546,215.1898734,227.1341463,252.265861,213.0081301,482.7586207,228.3333333,257.1912014,239.8042414,334.9282297,354.0669856,98.63429439,104.7765794,552.6315789,366.3060278,402.8571429,625.1968504,894.026975,504.0387722,291.5980231,440.5144695,414.0752864,400.63593,399.3710692,457.957958,469.2913386,551.7774343,549.9254844,186.1538462,815.498155,503.1847134,140.7284768,89.31185944,105.511811,99.8509687,104.1009464,107.0889894,134.0694006,112.324493,127.8890601,194.2215088,223.198594,130.6990881,137.0481928,123.1884058,372.8,121.6,129.2962357,112.4807396,140.0966184,134.9206349,139.1585761,418.1523501,245.9605027,418.8034188,203.3898305,269.0437601,187.0629371,196.1130742
410,1195.698925,715.7057654,381.7097416,733.8551859,789.0625,300.5464481,655.0308008,957.1984436,453.5714286,692.5795053,897.4358974,710.5788423,696.3350785,605.7529611,328.9256198,429.7253635,401.3157895,430.1948052,376.5822785,534.8837209,311.7088608,416.7987322,150.4854369,428.030303,502.4390244,191.4529915,141.9141914,138.0417335,109.0047393,100.4636785,87.21804511,224.4897959,223.0652504,265.060241,220.0647249,451.417004,233.4437086,268.907563,250,333.3333333,359.0551181,94.87951807,100.308642,544.7530864,357.6864536,400.8498584,652.5157233,892.9254302,541.8006431,299.0196078,422.6475279,441.5584416,422.9559748,405.6162246,468.6567164,471.1388456,555.2147239,538.3480826,184.0490798,867.4033149,494.5054945,139.1162029,99.27007299,105.015674,107.4626866,103.4482759,103.2934132,126.3650546,127.3291925,122.6993865,193.2907348,219.1304348,128.5930408,140.5082212,116.5467626,377.9904306,119.4267516,115.2597403,122.5114855,142.172524,146.4566929,141.7069243,441.2238325,258.4670232,438.5665529,199.6644295,268.921095,175.6521739,203.539823
420,1207.708779,724.7524752,402.3668639,747.5728155,791.9075145,316.9398907,658.4867076,931.7738791,433.9285714,729.6819788,809.9315068,726.9076305,716.0278746,601.3400335,348.1848185,462.15781,420.6219313,435.0649351,352.2012579,559.602649,319.1153239,439.3700787,161.0305958,450.094162,506.4516129,187.0748299,150.5728314,144,125.3918495,119.8156682,95.95202399,205.9282371,237.9518072,257.4850299,212.6623377,498.997996,244.6633826,264.1196013,256.8659128,343.8485804,388.3647799,99.8509687,95.23809524,581.6793893,382.6219512,420.3102962,635.9375,925.1439539,566.4,328.4552846,454.5454545,442.8341385,444.6177847,410.5754277,504.4510386,503.8880249,581.6793893,575.6240822,177.3700306,888.0733945,508.6342229,152.8455285,85.63134978,109.0342679,111.7734724,110.7644306,119.4029851,111.627907,124.807396,122.324159,211.7834395,212.4352332,130.8270677,130.5637982,125.7142857,394.9447077,140.600316,128.8244767,120.610687,143.5406699,152.0376176,144.9275362,420.5457464,253.9964476,445.5782313,212.7303183,283.8709677,185.4419411,188.712522
430,1253.218884,748.0314961,425.4901961,746.124031,855.4913295,322.4043716,676.8916155,930.0970874,473.3096085,723.1040564,788.8513514,736.5269461,717.0138889,622.0735786,360.9271523,480.8306709,442.9967427,441.4125201,371.4733542,563.4266886,325.984252,441.8238994,168.5393258,437.3831776,514.4230769,191.5254237,150.7293355,136.2916006,117.0046802,105.6661562,93.75,219.8142415,251.874063,264.8809524,245.1923077,492,248.3660131,266.8863262,266.4526485,367.1875,409.9378882,96.43916914,105.5045872,596.969697,379.1540785,431.372549,669.7965571,992.3518164,577.6,326.3665595,461.1801242,439.1025641,417.9566563,427.6923077,516.2241888,513.9318885,600.3039514,586.5102639,168.4532925,949.0909091,525.1572327,158.3198708,100.286533,111.4551084,101.7964072,113.003096,110.1190476,121.9135802,128.8343558,137.4045802,207.0063694,217.838765,137.254902,137.5739645,114.1226819,400,117.7394035,127.2141707,125.382263,152.866242,152.4105754,135.2657005,483.974359,266.4298401,461.7996604,202.0033389,284.5659164,172.4137931,215.5477032
440,1238.80597,775.147929,406.614786,827.8529981,825,307.1297989,721.5447154,1048.543689,468.0851064,756.1403509,796.2648557,832.6693227,739.0542907,653.7815126,358.677686,485.7142857,418.4168013,460.1910828,383.775351,600,345.8528951,481.25,167.7316294,450.6517691,562.3003195,172.2972973,159.4202899,135.2201258,110.2484472,93.12977099,94.81481481,232.3076923,261.5844544,258.8757396,219.5512821,462.9258517,248.7804878,259.3800979,259.9681021,362.7906977,404.9459042,98.38472834,104.387292,594.8795181,403.6144578,448.6111111,694.8356808,1001.904762,611.4649682,337.5796178,457.8866769,466.4536741,448.6983155,429.8780488,502.9411765,555.3846154,603.9453718,576.6423358,176.2917933,981.981982,539.7815913,158.6538462,103.3994334,109.2307692,97.30538922,118.6440678,115.5555556,129.2307692,117.7370031,126.1398176,214.6263911,224.3150685,141.1411411,141.3843888,128.8951841,433.4898279,114.2410016,160.7717042,132.218845,150.5546751,151.9379845,155.3398058,453.6741214,281.4159292,473.7732657,207.3578595,296.1165049,198.2758621,201.0582011
450,1277.542373,781.0077519,433.8521401,827.5862069,865.3846154,350.8137432,727.0875764,1027.079304,480.4964539,791.2280702,832.2147651,757.3964497,779.3103448,665.5574043,375.6177924,500.7874016,452.0766773,487.3417722,386.7488444,602.6058632,351.0140406,476.7080745,170.1112878,464.0883978,561.2082671,178.6310518,143.5406699,135.9375,109.06298,113.2930514,97.95321637,245.8015267,249.628529,271.6593245,224,511.9047619,251.6129032,281.098546,266.2440571,373.2718894,407.9754601,106.8814056,103.6036036,607.7844311,406.9069069,454.2936288,687.0109546,1020.912548,617.6935229,327.5316456,469.3251534,465.9270998,472.5609756,459.0909091,524.0875912,540.5819296,623.2980333,601.744186,179.0591806,1012.544803,551.0835913,163.2329635,90.65155807,114.8545176,108.7613293,117.3780488,114.7058824,135.8778626,133.7386018,128.983308,210.443038,227.1186441,151.8796992,137.4269006,123.943662,446.875,126.1682243,135.7827476,130.5007587,154.8183254,155.2795031,157.3033708,469.7452229,277.1929825,478.9915966,212.0200334,299.5169082,199.6557659,207.079646
460,1324.786325,812.7413127,438.2239382,844.8275862,833.6520076,346.0837887,711.1111111,1061.895551,496.4664311,819.614711,871.1864407,790.513834,803.1088083,680.9917355,389.1625616,494.5397816,460.3174603,505.4945055,399.6937213,604.5380875,342.1052632,487.6160991,176.4705882,461.5384615,567.1406003,201.3311148,153.4810127,153.4883721,120.0607903,110.9445277,109.0116279,236.7223065,261.3803231,275.1091703,211.4467409,508.9108911,274.0384615,284.5659164,271.5855573,375,420.9726444,94.20289855,105.4977712,607.7265973,427.0833333,438.7895461,717.6287051,1013.307985,656.2009419,338.5579937,487.8787879,466.9811321,463.6363636,447.2891566,515.9883721,528.1582953,645.2095808,626.6280753,192.7162367,1033.989267,577.8120185,142.6332288,94.36619718,100.3039514,116.1387632,119.8786039,108.1871345,132.218845,120.8459215,128.983308,219.2429022,220.5387205,139.0134529,134.9782293,131.8373072,436.8174727,128.8819876,131.7460317,122.1719457,148.9028213,155.1459293,148.1481481,460.443038,274.4755245,484.8484848,218.3333333,293.460925,207.1917808,217.3144876
470,1322.580645,836.2235067,441.6826004,857.6850095,921.9047619,352.6220615,739.9193548,1071.017274,507.0422535,796.1672474,851.1705686,861.9329389,828.4734134,712.6436782,383.9869281,527.2161742,486.5293185,496.0876369,387.195122,621.9709208,363.6363636,500.7656968,186.7088608,453.3820841,570.0787402,180.7628524,165.0943396,158.9506173,116.3141994,101.3412817,101.010101,245.112782,254.0381791,278.6647315,223.8095238,527.7777778,259.1414944,295.0558214,293.2917317,402.4205749,427.7108434,99.42363112,106.6666667,641.5929204,423.7037037,479.4520548,725.7053292,1013.207547,663.5367762,342.1461897,483.4834835,466.4586583,484.1628959,463.3781764,562.7705628,560.7902736,621.8236173,634.0057637,184.6846847,1037.366548,592.6493109,169.7819315,100.6993007,108.4337349,104.5454545,112.6126126,112.4087591,118.0030257,126.5060241,134.8484848,217.5273865,232.8308208,138.8059701,142.8571429,140.8647141,455.8139535,135.5932203,145.1104101,134.6444781,153.3646322,172.0430108,154.0930979,468.5534591,264.8083624,486.6666667,233.8308458,306.0897436,211.2436116,212.6537786
480,1368.763557,821.4971209,420.952381,897.9206049,932.9501916,355.475763,756.0483871,1115.384615,529.1005291,878.4722222,980.0332779,827.7886497,866.2092624,762.2149837,407.8303426,530.1391036,479.4952681,517.8849145,420.4892966,635.6340289,354.3913713,500.7633588,180.8176101,490.8759124,597.1786834,194.7194719,158.0594679,151.3761468,114.8036254,110.9467456,97.70114943,248.502994,266.4714495,283.4532374,232.2274882,512.8712871,260.7313196,292.2590837,285.4938272,384.962406,443.1137725,91.29814551,102.489019,598.8286969,426.8833087,463.1147541,747.2527473,1103.969754,644.6540881,366.3060278,504.5045045,497.6671851,514.2428786,459.2592593,540.8895265,578.7878788,656.7164179,630.2158273,182.6347305,1060.176991,600,174.9226006,110.1694915,119.1553544,123.4756098,112.2754491,114.4927536,135.5421687,122.9385307,128.2051282,228.125,245.3781513,153.0460624,148.2014388,127.9554937,452.0123839,143.2973806,138.8012618,140.9090909,171.3395639,165.8986175,163.9871383,460.6918239,277.7777778,504.9833887,223.5099338,308.3067093,204.778157,224.5614035
