Time,A1,A2,A3,A4,A5,A6,A7,A8,A9,A10,A11,A12,B1,B2,B3,B4,B5,B6,B7,B8,B9,B10,B11,B12,C1,C2,C3,C4,C5,C6,C7,C8,C9,C10,C11,C12,D1,D2,D3,D4,D5,D6,D7,D8,D9,D10,D11,D12,E1,E2,E3,E4,E5,E6,E7,E8,E9,E10,E11,E12,F1,F2,F3,F4,F5,F6,F7,F8,F9,F10,F11,F12,G1,G2,G3,G4,G5,G6,G7,G8,G9,G10,G11,G12,H1,H2,H3,H4,H5,H6,H7,H8,H9,H10,H11,H12
0:09:46,373.7373737,1755.102041,426.9005848,418.1818182,1717.391304,448.4848485,432.0987654,1739.130435,439.0243902,417.6470588,387.6404494,434.0659341,2000,398.8439306,470.5882353,388.8888889,455.6962025,408.8050314,445.8598726,457.5163399,474.6835443,1957.446809,2195.652174,414.7727273,1911.111111,1733.333333,1869.565217,1755.555556,1765.957447,380.6451613,1586.956522,1500,1717.391304,1638.297872,1586.956522,1586.956522,2088.888889,2066.666667,1822.222222,553.9568345,1666.666667,1826.086957,516.5562914,479.4520548,463.0872483,477.4193548,496.8152866,431.1377246,431.0344828,1866.666667,435.8974359,482.9931973,476.1904762,530.6122449,506.9444444,431.5068493,483.2214765,483.6601307,471.3375796,457.3170732,430.2325581,435.5828221,557.6923077,1652.173913,540,458.9041096,479.4520548,534.7222222,426.6666667,503.2679739,506.3291139,395.2095808,389.8305085,408.2840237,1723.404255,526.3157895,1638.297872,496.6442953,1760.869565,476.8211921,446.5408805,500,353.2934132,385.0574713,414.893617,397.7900552,317.9190751,361.9631902,417.1779141,1866.666667,1608.695652,1913.043478,1425.531915,1574.468085,1702.12766,1822.222222
0:19:46,323.6714976,1571.428571,430.1675978,410.4046243,1891.304348,379.3103448,459.3023256,1804.347826,371.4285714,377.7777778,379.6791444,355.6701031,1934.782609,337.0165746,446.9273743,382.3529412,421.686747,446.4285714,385.5421687,478.5276074,467.0658683,1936.170213,2130.434783,336.9565217,1822.222222,1644.444444,1844.444444,1777.777778,1680.851064,436.3636364,1630.434783,1586.956522,1760.869565,1680.851064,1456.521739,1673.913043,1977.777778,1822.222222,1644.444444,517.4825175,1777.777778,2000,433.9622642,464.516129,424.0506329,500,448.4848485,397.7272727,415.3005464,1733.333333,432.9268293,487.012987,445.1612903,470.9677419,394.7368421,464.516129,436.7088608,401.2345679,377.245509,425.2873563,423.0769231,395.3488372,435.5828221,1739.130435,443.0379747,487.1794872,406.4516129,470.5882353,405.0632911,472.0496894,410.7142857,420.4545455,333.3333333,382.0224719,1595.744681,444.4444444,1638.297872,448.7179487,1717.391304,400,413.1736527,426.8292683,352.2727273,404.3715847,385,376.9633508,366.1202186,362.0689655,404.6242775,1600,1695.652174,1913.043478,1574.468085,1446.808511,1510.638298,1866.666667
0:29:46,337.8378378,1673.469388,384.2105263,385.8695652,1695.652174,409.5744681,354.8387097,1673.913043,352.6315789,333.3333333,344.8275862,331.7535545,1673.913043,333.3333333,386.2433862,394.4444444,367.2316384,363.1284916,382.0224719,425.2873563,407.8212291,2000,1978.26087,333.3333333,1844.444444,1533.333333,1733.333333,1733.333333,1531.914894,357.9545455,1586.956522,1478.26087,1652.173913,1531.914894,1500,1543.478261,1760.869565,2022.222222,1644.444444,460.5263158,1577.777778,1739.130435,400,397.5903614,400,403.4090909,393.258427,386.2433862,371.1340206,1866.666667,379.3103448,448.4848485,457.8313253,418.1818182,420.7317073,425.1497006,411.7647059,416.1849711,340.7821229,352.9411765,394.8717949,391.3043478,439.3063584,1391.304348,392.8571429,457.8313253,400,450.617284,380.1169591,430.2325581,377.7777778,373.6842105,341.5841584,378.9473684,1680.851064,456.6473988,1829.787234,407.1856287,1847.826087,308.1395349,388.8888889,369.3181818,345.7446809,380.7106599,375,333.3333333,304.5685279,342.2459893,311.827957,1777.777778,1586.956522,1478.26087,1723.404255,1659.574468,1553.191489,1688.888889
0:39:46,295.3586498,1632.653061,328.5024155,350,1804.347826,307.3170732,369.4581281,1739.130435,319.047619,291.0798122,297.2972973,317.5965665,1934.782609,357.4879227,351.2195122,316.3265306,357.5129534,374.3589744,326.5306122,369.7916667,328.2051282,1553.191489,1847.826087,319.6347032,1777.777778,1822.222222,1844.444444,1711.111111,1574.468085,331.6062176,1673.913043,1673.913043,1695.652174,1574.468085,1543.478261,1586.956522,1911.111111,1755.555556,1955.555556,425.9259259,1666.666667,1586.956522,327.9569892,408.839779,368.9839572,378.238342,387.755102,373.7864078,328.5714286,1666.666667,372.3404255,379.8882682,364.640884,338.8888889,363.1284916,390.1098901,338.7096774,351.0638298,374.3589744,302.4390244,322.2748815,373.7373737,390.3743316,1652.173913,360.6557377,366.6666667,346.3687151,385.0574713,338.7096774,435.483871,377.5510204,322.1153846,309.0909091,334.9514563,1680.851064,365.0793651,1723.404255,373.6263736,1760.869565,367.5675676,331.6326531,363.1578947,312.195122,316.2790698,317.7966102,309.7345133,283.7209302,294.1176471,310.3448276,1600,1565.217391,1521.73913,1531.914894,1659.574468,1595.744681,1577.777778
0:49:46,282.8685259,1551.020408,342.2222222,300,1826.086957,274.3362832,293.3333333,1586.956522,286.9565217,263.8297872,289.7959184,251.9685039,1956.521739,290.1785714,309.4170404,323.943662,345.971564,308.411215,288.372093,295.2380952,311.627907,1659.574468,1800,312.2362869,2088.888889,1688.888889,1688.888889,1733.333333,1489.361702,283.0188679,1521.73913,1478.26087,1760.869565,1765.957447,1586.956522,1717.391304,2021.73913,1777.777778,1800,360,1444.444444,1652.173913,320.3883495,310,325.2427184,323.943662,306.9767442,283.1858407,276.3157895,1644.444444,331.7073171,308.0808081,285,325,313.1313131,333.3333333,281.5533981,285.0241546,285.046729,271.1111111,295.6521739,305.5555556,338.2352941,1652.173913,336.6336634,343.4343434,328.2828283,361.2565445,323.5294118,341.4634146,316.2790698,293.8596491,270.8333333,292.0353982,1702.12766,326.9230769,1638.297872,310,1673.913043,357.8431373,274.4186047,339.7129187,293.3333333,310.6382979,310.0775194,253.0612245,258.4745763,264.573991,286.9955157,1600,1543.478261,1869.565217,1489.361702,1702.12766,1630.434783,1644.444444
0:59:46,270.6766917,1489.795918,301.6528926,283.3333333,1978.26087,254.0983607,275.7201646,1608.695652,257.0281124,261.71875,243.4456929,233.5766423,1695.652174,266.6666667,290.4564315,258.6206897,267.2413793,300.8474576,224.5762712,259.7402597,272.3404255,1489.361702,1577.777778,278.6259542,1600,1755.555556,1688.888889,1733.333333,1531.914894,243.5897436,1739.130435,1521.73913,1565.217391,1617.021277,1347.826087,1847.826087,1933.333333,1755.555556,1755.555556,345.5497382,1511.111111,1608.695652,293.8596491,306.3063063,264.3171806,251.0638298,279.6610169,265.3061224,264.2276423,1711.111111,293.3333333,310.5022831,292.7927928,266.9683258,268.1818182,259.0909091,273.1277533,290.7488987,268.0851064,244.8979592,236,283.8983051,328.8888889,1478.26087,295.9641256,290.9090909,300,317.535545,337.7777778,314.159292,263.8297872,278.2258065,238.4615385,260.1626016,1595.744681,288.209607,1617.021277,266.9683258,1500,272.3214286,296.6101695,298.245614,259.2592593,320.1581028,265.2329749,267.9245283,230.46875,241.8032787,289.2561983,1688.888889,1739.130435,1543.478261,1531.914894,1553.191489,1673.913043,1844.444444
1:09:46,274.6478873,1530.612245,203.0651341,220.0772201,1673.913043,269.9619772,262.3574144,1804.347826,275.7352941,201.4388489,221.4532872,221.4765101,1826.086957,250,279.6934866,208.8353414,272,218.75,249.0272374,229.2490119,236.4341085,1489.361702,1586.956522,232.3943662,1644.444444,1733.333333,1600,1666.666667,1510.638298,239.2156863,1652.173913,1369.565217,1652.173913,1468.085106,1500,1782.608696,2021.73913,1777.777778,1622.222222,330.0970874,1688.888889,1586.956522,262.9482072,251.0288066,245.9677419,255.8139535,239.3822394,283.0188679,273.7642586,1844.444444,244.8979592,273.8589212,271.6049383,254.0983607,262.5,282.1576763,248,278.8844622,238.28125,286.7924528,245.3531599,240.1574803,299.1803279,1608.695652,228.5714286,247.9338843,242.7983539,261.8025751,256.097561,266.1290323,210.9375,226.7657993,221.4285714,228.4644195,1595.744681,232,1340.425532,276.8595041,1565.217391,289.7959184,240.3100775,265.060241,225.5639098,299.270073,237.458194,221.0526316,197.8417266,251.8796992,240.4580153,1577.777778,1543.478261,1739.130435,1659.574468,1553.191489,1695.652174,1911.111111
1:19:46,254.1254125,1653.061224,226.1484099,228.5714286,1652.173913,207.0175439,243.8162544,1500,204.0816327,199.3355482,228.2958199,212.962963,1891.304348,250,235.7142857,239.7003745,243.4456929,223.8267148,220.2166065,229.9270073,213.5231317,1574.468085,1400,228.7581699,1844.444444,1733.333333,1600,1644.444444,1531.914894,203.6363636,1456.521739,1500,1434.782609,1595.744681,1500,1673.913043,1733.333333,1822.222222,1644.444444,295.9641256,1688.888889,1673.913043,233.5766423,256.6037736,223.4432234,223.4042553,229.6819788,250.8710801,274.0213523,1777.777778,221.8045113,251.9083969,231.9391635,265.917603,205.3231939,224.3346008,226.2773723,238.9705882,223.0215827,216.0278746,215.2777778,234.4322344,248.0916031,1521.73913,238.6363636,245.2830189,211.3207547,255.9055118,246.3235294,226.7657993,205.7761733,237.1134021,216.6666667,222.2222222,1510.638298,248.1751825,1531.914894,268.9393939,1565.217391,203.7735849,220.6405694,242.5373134,208.3333333,230.5084746,230.529595,218.2410423,184.5637584,235.2941176,225,1711.111111,1608.695652,1717.391304,1489.361702,1638.297872,1717.391304,1800
1:29:46,233.8461538,1734.693878,177.9935275,221.1221122,1891.304348,213.592233,203.2258065,1717.391304,239.1304348,172.7272727,182.3529412,169.4915254,1891.304348,205.4794521,195.3642384,204.8611111,215.0170648,196.6666667,210.7023411,206.6666667,202.6143791,1553.191489,1577.777778,201.8072289,1977.777778,1800,1555.555556,1622.222222,1446.808511,187.9194631,1586.956522,1456.521739,1630.434783,1574.468085,1565.217391,1913.043478,2088.888889,2022.222222,1711.111111,265.560166,1488.888889,1565.217391,208.0536913,227.5862069,190.6354515,196.7741935,212.2186495,231.7460317,245.8471761,1777.777778,210.3448276,216.0278746,199.3006993,186.8512111,221.0526316,212.543554,212.6245847,220.3389831,207.2368421,203.8216561,200,229.4520548,276.5957447,1500,219.5121951,211.0726644,208.3333333,244.5255474,229.7297297,258.6206897,233.3333333,216.5605096,204.9689441,205.1282051,1404.255319,199.3243243,1446.808511,220.6896552,1782.608696,209.7902098,192.1824104,226.8041237,180.952381,228.125,212.2093023,193.3534743,213.622291,183.5443038,217.1052632,1888.888889,1586.956522,1913.043478,1782.608696,1638.297872,1760.869565,1800
1:39:46,237.388724,1714.285714,176.6467066,207.3170732,1891.304348,183.9762611,172.6190476,1717.391304,181.8181818,173.1843575,147.9452055,199.4680851,1826.086957,213.3757962,203.0769231,180.6451613,172.4137931,206.7901235,195.7186544,196.9230769,180.1801802,1744.680851,1500,224.7191011,1688.888889,1800,1555.555556,1688.888889,1574.468085,160.4938272,1478.26087,1586.956522,1565.217391,1638.297872,1521.73913,1847.826087,1933.333333,1755.555556,1777.777778,250,1733.333333,1391.304348,203.0769231,202.5316456,186.5443425,175.074184,181.8181818,248.5380117,246.105919,1733.333333,184.7133758,196.7741935,187.7022654,178.913738,185.8974359,191.6932907,161.0942249,227.4143302,199.3957704,183.1395349,222.8915663,196.1414791,245.9016393,1652.173913,198.7179487,197.4522293,178.913738,208.7542088,196.9230769,238.0952381,180.4281346,173.0205279,190.0584795,195.8456973,1510.638298,193.8461538,1638.297872,219.047619,1673.913043,260.5863192,176.6467066,213.3757962,165.2173913,229.6511628,198.3240223,154.9295775,203.4383954,170.5882353,203.5928144,1577.777778,1847.826087,1847.826087,1673.913043,1553.191489,1934.782609,1866.666667
1:49:46,235.4651163,1836.734694,175.1412429,181.5642458,1847.826087,176.7955801,151.9337017,1521.73913,194.6666667,148.1481481,162.3036649,162.371134,1782.608696,185.6287425,169.4915254,187.5,167.1469741,206.3037249,182.8571429,170.9401709,164.3454039,1617.021277,1543.478261,216,1888.888889,1733.333333,1755.555556,1600,1531.914894,164.7727273,1586.956522,1478.26087,1543.478261,1723.404255,1586.956522,1717.391304,1869.565217,1600,1755.555556,212.2302158,1688.888889,1717.391304,172.3163842,188.9534884,181.0584958,160.7629428,165.7608696,222.5274725,233.7278107,1733.333333,163.7426901,176.119403,175.074184,155.4252199,160.8187135,175.4385965,164.8044693,216.7630058,171.3483146,185.2861035,203.4383954,185.6287425,246.2006079,1608.695652,170.1492537,197.0588235,155.8823529,221.1838006,157.7464789,221.8934911,168.5714286,157.0247934,176.4705882,161.5598886,1659.574468,164.305949,1638.297872,193.5483871,1500,212.1212121,146.4088398,207.7151335,157.1815718,234.8066298,200,183.2884097,175.6756757,157.4585635,168.0672269,1688.888889,1500,1630.434783,1765.957447,1489.361702,1891.304348,2000
1:59:46,267.2413793,1775.510204,189.701897,164.893617,1847.826087,166.6666667,164.4562334,1695.652174,165.394402,150.8951407,145.0381679,187.5,1891.304348,180.7909605,148.9361702,162.9213483,152.5885559,173.4417344,153.638814,160.4278075,152.6315789,1659.574468,1511.111111,215.3846154,1777.777778,1644.444444,1777.777778,1644.444444,1638.297872,144.3850267,1608.695652,1543.478261,1673.913043,1553.191489,1630.434783,1673.913043,1888.888889,1804.347826,1688.888889,214.0468227,1711.111111,1630.434783,150.3957784,191.3746631,166.2337662,143.5897436,151.6709512,216.7101828,268.5714286,1666.666667,152.5885559,168.9750693,160.6648199,155.7377049,149.0514905,162.1621622,133.1592689,205.4054054,172.8723404,161.038961,204.9861496,177.9661017,230.3370787,1695.652174,161.5598886,150.6849315,192.8374656,206.9970845,137.5661376,211.6991643,175.6756757,167.9790026,187.5,162.6666667,1574.468085,178.1914894,1510.638298,172.1311475,1543.478261,210.2272727,155.8441558,201.1173184,155.0387597,258.5751979,177.5456919,184.4155844,171.875,176.3157895,171.1229947,1800,1826.086957,1869.565217,1782.608696,1765.957447,1760.869565,2022.222222
2:09:46,245.0704225,1755.102041,195.7671958,189.258312,1586.956522,159.3830334,171.7948718,1826.086957,147.4201474,158.808933,155.1724138,184.0193705,2021.73913,178.0821918,169.6658098,170.2702703,162.3036649,161.038961,165.8031088,141.7525773,132.3155216,1680.851064,1543.478261,232.0987654,1956.521739,1755.555556,1888.888889,1711.111111,1574.468085,146.9072165,1739.130435,1521.73913,1673.913043,1382.978723,1630.434783,1826.086957,1934.782609,1888.888889,1777.777778,193.1464174,1711.111111,1673.913043,141.4141414,166.6666667,143.5643564,138.6138614,149.6259352,241.2060302,260.5042017,1644.444444,165.374677,156.6579634,143.6170213,130.8900524,137.3056995,155.0387597,156.3275434,191.7098446,187.1794872,192.9824561,203.8043478,171.1956522,216.5775401,1717.391304,154.6666667,154.4502618,163.5883905,186.1111111,145.7286432,206.4343164,151.4360313,169.6202532,174.1424802,154.0469974,1659.574468,134.5177665,1659.574468,160.6217617,1804.347826,193.989071,153.0864198,194.6666667,150,267.6767677,183.4170854,173.3668342,152.8822055,172.1518987,161.8798956,1688.888889,1804.347826,1739.130435,1804.347826,1808.510638,1847.826087,2066.666667
2:19:46,241.0958904,1816.326531,199.4818653,178.2178218,1695.652174,162.9072682,175.4385965,1760.869565,157.6470588,155.8752998,146.9194313,172.8971963,2021.73913,181.8181818,174.1293532,180.156658,172.5888325,145.3634085,158.2914573,154.6134663,148.1481481,1702.12766,1586.956522,235.1543943,2088.888889,1688.888889,1630.434783,1733.333333,1595.744681,133.5012594,1521.73913,1391.304348,1695.652174,1468.085106,1717.391304,1934.782609,2133.333333,1666.666667,1733.333333,160.3498542,1622.222222,1456.521739,152.7093596,186.5671642,135.391924,141.4868106,140.4358354,237.4100719,260.2739726,1644.444444,144.278607,141.0579345,150.6493506,137.755102,128.1407035,157.8947368,128.5714286,196.969697,196.0297767,160.2870813,204.787234,176.7810026,219.0721649,1847.826087,170.5426357,149.7461929,140.3061224,184.9865952,133.0166271,218.1818182,164.556962,156.25,175.1269036,181.122449,1617.021277,142.8571429,1638.297872,186.5671642,1760.869565,200.5277045,138.4976526,196.3824289,153.1100478,272.7272727,202.4691358,171.4975845,167.0702179,163.0695444,169.1919192,2000,1804.347826,1808.510638,1826.086957,1872.340426,1934.782609,2000
2:29:46,252.688172,1979.591837,183.2061069,192.8571429,1891.304348,182.9268293,173.9130435,1782.608696,157.8947368,157.4074074,144.8275862,188.2086168,2065.217391,193.2114883,167.0702179,162.4365482,150.990099,170.3163017,148.7804878,148.4184915,181.8181818,1829.787234,1533.333333,251.1520737,1977.777778,1911.111111,1688.888889,1577.777778,1574.468085,151.9607843,1521.73913,1391.304348,1456.521739,1574.468085,1673.913043,1565.217391,2111.111111,1888.888889,1733.333333,162.9834254,1866.666667,1500,141.4868106,192.2141119,159.8173516,147.1962617,132.7014218,255.2204176,315.6498674,1688.888889,148.6810552,154.3942993,149.7461929,152.5,163.8141809,144.6078431,162.4713959,224.691358,201.4563107,147.8060046,200,172.6804124,225,1804.347826,146.0957179,159.6009975,146.4019851,212.0418848,128.0898876,218.2741117,160.0985222,155.0925926,167.9012346,149.6259352,1531.914894,127.8538813,1531.914894,142.5178147,1652.173913,208.2262211,152.1252796,205.955335,148.4018265,299.5391705,216.5450122,161.1374408,159.6244131,169.7674419,162.6213592,2000,1826.086957,1782.608696,1978.26087,1617.021277,2065.217391,2044.444444
2:39:46,264.5502646,1816.326531,170.7920792,188.9400922,1869.565217,172.5768322,158.8785047,1804.347826,154.3624161,164.0449438,163.310962,186.9565217,2108.695652,173.0279898,155.2941176,169.9507389,161.0576923,154.3942993,150.9433962,137.4407583,151.3761468,1744.680851,1956.521739,245.4954955,2311.111111,1688.888889,1800,1711.111111,1659.574468,143.1924883,1565.217391,1543.478261,1717.391304,1574.468085,1630.434783,1847.826087,1913.043478,1733.333333,1911.111111,158.3113456,1577.777778,1608.695652,140.1869159,185.2731591,139.7379913,134.0909091,153.6697248,260.1809955,313.4715026,1933.333333,152.4249423,132.8828829,156.3275434,139.3643032,156.7695962,135.7142857,113.5371179,204.3269231,192.0374707,154.0178571,219.1435768,154.6134663,242.7884615,1586.956522,162.1621622,140.776699,139.4230769,204.0816327,137.254902,250.6082725,150.9433962,155.9020045,189.3203883,175.1824818,1553.191489,139.0728477,1595.744681,164.3835616,1608.695652,213.7592138,143.1670282,193.3174224,157.079646,296.803653,226.7303103,178.2407407,170.5069124,174.6031746,167.0644391,1755.555556,1891.304348,1717.391304,1956.521739,1808.510638,2000,2000
2:49:46,274.151436,1938.77551,195.1219512,172.6457399,1978.26087,174.7126437,169.3363844,1977.777778,145.9694989,161.2200436,177.8741866,187.6332623,2282.608696,181.372549,184.9315068,155.8752998,136.2586605,151.3761468,148.4018265,141.5525114,141.2803532,1787.234043,1600,269.7368421,2177.777778,1755.555556,1666.666667,1733.333333,1617.021277,124.4343891,1565.217391,1260.869565,1739.130435,1510.638298,1673.913043,1866.666667,2155.555556,1911.111111,1911.111111,152.8822055,1644.444444,1521.73913,142.5339367,198.156682,126.3157895,126.9146608,145.6953642,280.9734513,346.1538462,1711.111111,141.2556054,152.8384279,154.9636804,152.7446301,133.3333333,145.8333333,135.021097,219.1142191,198.1981982,160.5206074,217.8217822,168.6746988,261.5740741,1760.869565,146.9194313,169.8113208,155.4524362,206.8965517,149.1596639,255.8685446,149.321267,158.008658,200.477327,176.8867925,1702.12766,144.0860215,1531.914894,162.2222222,1630.434783,230.5882353,162.4472574,202.764977,155.8441558,307.5170843,230.0469484,175,178.5714286,165.9292035,180.1385681,2000,1891.304348,1804.347826,2217.391304,1765.957447,2152.173913,2022.222222
2:59:46,301.5463918,2102.040816,212.9186603,172.1854305,1978.26087,164.4444444,172.9490022,1630.434783,168.0851064,150.1057082,154.0084388,173.8241309,2586.956522,183.5294118,176.3392857,161.6628176,139.0134529,155.210643,134.3612335,145.6953642,137.6344086,1574.468085,1711.111111,274.0899358,2133.333333,1777.777778,1955.555556,1666.666667,1553.191489,157.8947368,1608.695652,1565.217391,1543.478261,1638.297872,1565.217391,1869.565217,2311.111111,2022.222222,1844.444444,151.4423077,1644.444444,1565.217391,127.753304,185.2678571,137.9310345,129.5116773,138.5927505,308.1896552,378.4461153,1888.888889,151.5151515,129.2372881,150.5882353,156.3218391,153.3333333,125.8426966,132.3828921,244.3438914,196.9365427,141.350211,214.9758454,160.4651163,248.3221477,1717.391304,147.3922902,166.2870159,143.8202247,228.5714286,126.0162602,278.1609195,159.6452328,156.1181435,193.4731935,164.7597254,1787.234043,123.4309623,1765.957447,149.0280778,1630.434783,227.5862069,141.1042945,219.7309417,142.2594142,420.4545455,199.556541,172.1854305,180.6167401,149.6746204,167.0428894,1933.333333,1782.608696,2086.956522,2065.217391,1787.234043,2065.217391,2111.111111
3:09:46,279.8982188,2061.22449,202.3529412,179.0393013,1869.565217,206.0737527,164.1468683,1866.666667,161.8257261,164.6090535,166.6666667,182.3647295,2108.695652,181.6091954,163.3986928,151.7857143,160.8695652,152.688172,135.193133,132.7623126,137.2141372,1531.914894,1844.444444,294.3632568,2333.333333,1888.888889,1800,1644.444444,1872.340426,145.6102784,1543.478261,1456.521739,1630.434783,1489.361702,1608.695652,1800,2533.333333,1800,1777.777778,161.971831,1688.888889,1695.652174,144.373673,216.9197397,135.0293542,114.9897331,138.4297521,331.2236287,383.6633663,2000,149.1596639,140.2061856,129.8405467,135.5555556,131.4655172,130.1518438,116.6007905,244.4933921,203.3898305,161.2244898,208.0378251,165.158371,240.7002188,1739.130435,143.4782609,168.1415929,154.3478261,233.7962963,128.458498,281.25,153.3477322,161.4906832,201.8348624,164.4444444,1723.404255,121.703854,1659.574468,172.6315789,1543.478261,247.7678571,145.1292247,213.9737991,139.959432,372.7678571,221.0300429,186.1471861,167.3913043,163.4819533,186.6666667,1977.777778,1956.521739,2217.391304,2086.956522,1829.787234,2000,2311.111111
3:19:46,273.1829574,1959.183673,198.156682,193.9655172,2021.73913,173.7288136,169.1331924,2022.222222,156.626506,166.6666667,142.5702811,180.9338521,2347.826087,194.1964286,154.3340381,155.8441558,132.9113924,147.3029046,144.9275362,141.3721414,148.8933602,1680.851064,1955.555556,291.8367347,2222.222222,1733.333333,1822.222222,1733.333333,1531.914894,138.1443299,1608.695652,1478.26087,1652.173913,1638.297872,1717.391304,1911.111111,2444.444444,2022.222222,1822.222222,139.2694064,1711.111111,1586.956522,140.2061856,218.9473684,117.4242424,123.2604374,141.7165669,342.9158111,417.0731707,1844.444444,135.9026369,132.2645291,125,127.4298056,144.3298969,127.6150628,121.9047619,262.8205128,197.5308642,157.0576541,240.6542056,157.8947368,261.1464968,1826.086957,150.6276151,161.2903226,132.6315789,238.2022472,130.7692308,269.5652174,163.8655462,159.3291405,196.3882619,170.9401709,1787.234043,134.122288,1617.021277,173.8241309,1782.608696,237.5809935,139.2649903,226.0127932,164.3564356,416.1220044,209.6436059,186.836518,169.85138,174.6361746,179.4871795,2133.333333,1891.304348,2130.434783,2021.73913,1936.170213,2043.478261,2200
3:29:46,276.5432099,2142.857143,224.2152466,181.2366738,2086.956522,180.1242236,163.9344262,1955.555556,164.7058824,165.6804734,149.3123772,193.48659,2478.26087,173.1601732,163.5610766,141.6490486,141.6837782,140.2439024,139.6761134,141.4141414,141.453831,1489.361702,1695.652174,313.8832998,2333.333333,1911.111111,1777.777778,1733.333333,1617.021277,152.6104418,1673.913043,1630.434783,1586.956522,1553.191489,1500,1955.555556,2444.444444,1800,1733.333333,170.0223714,1644.444444,1804.347826,140,200.408998,134.1911765,117.9883946,135.3965184,363.4538153,446.6019417,1822.222222,121.031746,132.5536062,146.4968153,116.6666667,115.0793651,117.1717172,119.9261993,280.6652807,201.1952191,145.9143969,206.8965517,160.2564103,251.5592516,1673.913043,133.8742394,171.9077568,133.744856,242.8884026,124.0740741,307.0362473,154.4715447,162.2176591,187.5,172.2689076,1744.680851,128.8461538,1765.957447,164.9899396,1826.086957,249.4714588,145.557656,236.5145228,138.996139,432.2580645,213.9917695,187.8914405,171.5481172,181.2627291,162.7906977,2088.888889,2086.956522,2173.913043,2130.434783,2212.765957,2152.173913,2400
3:39:46,280.4878049,2306.122449,195.1754386,187.3684211,2000,187.3727088,167.0020121,1844.444444,153.8461538,164.410058,174.4186047,151.4018692,2565.217391,186.0465116,168.0161943,141.9753086,149.7005988,139.7637795,145.3831041,131.6306483,139.3129771,1787.234043,1688.888889,310.546875,2355.555556,2000,1866.666667,1800,1595.744681,142.8571429,1695.652174,1586.956522,1413.043478,1489.361702,1652.173913,1913.043478,2533.333333,1800,1822.222222,154.6840959,1622.222222,1717.391304,140.077821,222.2222222,128.8014311,104.8689139,124.2937853,369.3516699,490.4761905,1977.777778,129.8449612,117.8707224,133.4702259,132.1138211,123.5521236,128.90625,120.0716846,276.4227642,222.2222222,145.2830189,223.9819005,161.0878661,263.6916836,1565.217391,132.4110672,167.6891616,136.2725451,240.9381663,137.1841155,320.8333333,168.9860835,169.6969697,235.1648352,164.3002028,1702.12766,135.3383459,1744.680851,166.3405088,1760.869565,268.0412371,138.6321627,252.0325203,152.5423729,440.6779661,263.1578947,189.7959184,171.1340206,159.6806387,200,1888.888889,1913.043478,2239.130435,2108.695652,2170.212766,2282.608696,2111.111111
3:49:46,307.6923077,2204.081633,204.3010753,180.8731809,2130.434783,166.6666667,170.6349206,2000,166.3516068,152.3809524,163.8095238,191.9561243,2760.869565,184.0490798,156.7460317,160.6425703,142.3001949,130.5182342,124.2829828,134.0996169,133.3333333,1829.787234,1760.869565,342.9118774,2333.333333,2066.666667,1688.888889,1800,1531.914894,136.8821293,1500,1500,1913.043478,1595.744681,1652.173913,1933.333333,2600,1977.777778,1822.222222,146.4968153,1622.222222,1586.956522,137.9962193,232.421875,110.5354059,121.3768116,114.9635036,378.8461538,525.462963,2066.666667,137.9962193,130.99631,123.2604374,104.5364892,132.9588015,123.3396584,109.375,278.6561265,223.4848485,181.6513761,268.4563758,171.4285714,281.7460317,1695.652174,136.8015414,183.2669323,138.671875,267.223382,115.9929701,321.1382114,149.2248062,170.6349206,205.7026477,178.2178218,1765.957447,136.0294118,1872.340426,180.2656546,1804.347826,281.6901408,130.4347826,240.6311637,149.7227357,496.868476,239.5209581,201.6129032,192.6977688,182.3529412,170.0819672,2155.555556,2021.73913,2217.391304,2108.695652,1957.446809,2173.913043,2288.888889
3:59:46,317.4224344,2285.714286,198.7315011,196.7213115,2152.173913,184.5238095,171.875,1826.086957,172.541744,162.0111732,172.2846442,191.681736,2608.695652,182.9025845,162.7906977,140.625,146.6666667,146.0674157,136.1940299,135.9404097,117.5406872,1702.12766,1826.086957,340.3041825,2355.555556,2066.666667,2000,1755.555556,1702.12766,131.9702602,1739.130435,1434.782609,1521.73913,1765.957447,1630.434783,1977.777778,2577.777778,2022.222222,1888.888889,150,1777.777778,1695.652174,154.4117647,212.406015,126.4755481,118.5840708,122.7758007,413.6622391,532.5581395,1955.555556,120.1478743,131.294964,121.3872832,134.0996169,120.4379562,120.1478743,113.3671743,307.6923077,231.0536044,161.5798923,242.8256071,153.3864542,277.6699029,1717.391304,140.7129456,167.6413255,121.9047619,255.5780933,134.7150259,334.6613546,163.4980989,170.8737864,202.811245,162.1621622,1893.617021,131.5315315,1829.787234,171.641791,1652.173913,290.7662083,167.5579323,256.7567568,150.0904159,513.2924335,248.0314961,187.250996,177.6447106,198.4585742,182.3647295,2111.111111,2021.73913,2173.913043,2260.869565,2297.87234,2282.608696,2377.777778
4:09:46,314.4208038,2224.489796,215.4811715,199.5967742,2130.434783,178.7819253,175.3371869,2177.777778,186.5671642,152.014652,178.1076067,183.600713,2673.913043,180.3921569,151.8026565,143.4034417,146.567718,132.1100917,135.0364964,136.1161525,125.4416961,1595.744681,1739.130435,332.0895522,2244.444444,2022.222222,1866.666667,1800,1744.680851,145.4545455,1739.130435,1630.434783,1652.173913,1638.297872,1739.130435,2377.777778,2600,2088.888889,1844.444444,156.8228106,1933.333333,1652.173913,154.3985637,223.853211,123.1527094,126.5164645,121.7391304,419.7761194,560.3644647,2022.222222,137.4321881,132.0422535,144.1947566,129.2134831,116.8141593,127.6978417,115.8940397,320.1506591,231.884058,137.0106762,244.4933921,173.4892788,321.2927757,1739.130435,129.7989031,175.2380952,130.1115242,267.3267327,121.6216216,358.1213307,164.4859813,178.1609195,193.6758893,180.2656546,1744.680851,121.6931217,1787.234043,176.146789,1804.347826,303.0888031,132.8671329,234.4045369,158.6452763,549.6957404,264.1878669,198.4282908,190.5697446,182.5095057,196.039604,2266.666667,1869.565217,2195.652174,2347.826087,2063.829787,2304.347826,2622.222222
4:19:46,334.1121495,2387.755102,209.0163934,212.7236581,2152.173913,204.238921,201.9047619,2266.666667,180.2973978,187.8453039,173.6745887,214.5390071,2630.434783,184.9710983,152.1335807,142.8571429,162.7056673,142.8571429,143.1127013,131.9073084,138.8888889,1702.12766,2000,359.6330275,2600,2111.111111,1888.888889,1822.222222,1638.297872,146.4285714,1804.347826,1695.652174,1695.652174,1638.297872,1608.695652,2200,2555.555556,1933.333333,1933.333333,153.6926148,1600,1673.913043,144.112478,230.7692308,136.8760064,112.4361158,126.4957265,447.5138122,613.6363636,1955.555556,145.6483126,136.2068966,130.2752294,107.8610603,121.3171577,121.0526316,118.5064935,317.2541744,246.0176991,166.6666667,213.1147541,161.2284069,314.0186916,1891.304348,137.745975,167.5977654,142.0765027,280.4642166,130,372.8489484,157.2212066,175.4716981,217.221135,189.9441341,2000,125,1680.851064,181.3285458,1760.869565,300,141.6234888,278.8104089,164.0488656,556,245.1361868,207.03125,196.8810916,203.7383178,185.1851852,2155.555556,2086.956522,2260.869565,2434.782609,2170.212766,2282.608696,2511.111111
4:29:46,323.3256351,2285.714286,208.9249493,218.503937,2282.608696,222.6487524,199.2409867,2311.111111,187.3840445,179.8165138,178.5063752,201.0582011,2978.26087,185.8237548,183.9708561,157.116451,159.7845601,151.9434629,135.5633803,131.1188811,141.3969336,1808.510638,1911.111111,360.5072464,2555.555556,2244.444444,2022.222222,1866.666667,1787.234043,143.1064572,1717.391304,1717.391304,1652.173913,1638.297872,1695.652174,2333.333333,3066.666667,2177.777778,2000,165.0294695,1844.444444,1760.869565,146.5517241,247.8031634,128.3676704,119.3277311,136.5935919,475.4990926,630.8724832,2200,145.3590193,138.9830508,134.4086022,142.8571429,113.7521222,127.3666093,129.1866029,357.0127505,238.2608696,176.5765766,244.9392713,169.4915254,323.5294118,1826.086957,147.6274165,165.7559199,135.9570662,276.5151515,134.8684211,393.9393939,149.2805755,193.3085502,217.0542636,170.0182815,1608.695652,138.6986301,1808.510638,207.8152753,1869.565217,314.8148148,148.020654,291.43898,148.5319516,572.2772277,278.5299807,205.078125,213.1782946,201.8691589,191.1196911,2355.555556,2217.391304,2217.391304,2456.521739,2276.595745,2500,2488.888889
4:39:46,363.2183908,2285.714286,224.8995984,233.9181287,2260.869565,208.7286528,200.750469,2244.444444,189.6869245,170.5989111,194.5945946,215.6521739,2652.173913,191.6508539,171.1711712,178.5063752,166.6666667,142.8571429,149.0467938,133.7907376,146.2184874,1617.021277,1913.043478,408.5257549,2777.777778,2177.777778,1933.333333,1777.777778,1659.574468,156.3573883,1782.608696,1630.434783,1739.130435,1595.744681,1760.869565,2022.222222,2733.333333,2177.777778,1933.333333,161.5384615,1644.444444,1739.130435,153.5836177,241.7962003,119.1222571,129.5681063,139.3034826,462.5,662.9464286,2200,137.9310345,128.5475793,128.5211268,127.399651,126.4559068,128.3783784,121.64297,350.6261181,262.4356775,185.9205776,235.4124748,177.7777778,347.826087,1760.869565,132.7586207,190.7308378,115.58669,293.135436,142.3895254,398.1481481,161.971831,197.053407,214.559387,192.4460432,1765.957447,139.4557823,1723.404255,194.7368421,1869.565217,308.3941606,153.5836177,289.5683453,168.9419795,616.4383562,277.2466539,240.917782,212.2370937,200.7434944,194.6050096,2311.111111,2173.913043,2282.608696,2239.130435,2297.87234,2521.73913,2533.333333
4:49:46,327.4336283,2489.795918,246.5208748,236.9942197,2282.608696,216.1654135,196.2962963,2311.111111,198.1818182,187.0503597,174.688057,208.6956522,2978.26087,211.3207547,181.9787986,181.3285458,160.8391608,164.9484536,147.008547,137.0558376,138.8429752,1574.468085,1888.888889,408.1272085,2711.111111,2288.888889,1866.666667,2000,1638.297872,145.5160745,1913.043478,1673.913043,1869.565217,1659.574468,1717.391304,2288.888889,3111.111111,2133.333333,1955.555556,179.584121,1777.777778,1652.173913,144.7811448,247.8632479,120.1848998,118.226601,126.4367816,498.2206406,697.9865772,2022.222222,160.6837607,132.4503311,136.915078,148.020654,121.7105263,146.6666667,119.7511664,376.7605634,274.1116751,196.0784314,258.4493042,176.6848816,346.4285714,1891.304348,141.6382253,176.882662,133.2179931,315.1183971,137.7633712,411.3345521,181.184669,185.1179673,226.8431002,208.8495575,1765.957447,153.7162162,2042.553191,209.7053726,1760.869565,345.2593918,151.7706577,297.6827094,170.3204047,639.6917148,280,235.7414449,208.7286528,218.3486239,197.7186312,2377.777778,2369.565217,2369.565217,2413.043478,2446.808511,2369.565217,2555.555556
4:59:46,361.8421053,2448.979592,261.3861386,234.8484848,2347.826087,214.0221402,207.6502732,2377.777778,175.0902527,181.4946619,174.0674956,175.3472222,2956.521739,225.7462687,173.0103806,156.6901408,160.899654,146.2184874,147.1571906,148.7603306,123.3766234,1851.06383,1888.888889,392.3611111,2711.111111,2155.555556,2044.444444,1911.111111,1914.893617,156.9282137,1760.869565,1608.695652,1586.956522,1744.680851,1847.826087,2022.222222,2911.111111,2288.888889,2022.222222,174.3970315,1866.666667,1934.782609,149.2537313,259.6964587,105.9001513,97.75641026,103.0595813,522.8873239,750,2155.555556,135.1351351,132.137031,134.8122867,128.8135593,115.2597403,118.4210526,105.9907834,377.5862069,280.26534,170.7746479,271.1198428,174.0674956,342.1052632,1760.869565,136.3636364,195.2054795,134.1256367,308.3778966,124.2038217,424.7311828,171.8213058,182.6401447,243.4456929,195.164076,1936.170213,143.572621,1702.12766,215.0170648,1782.608696,366.3716814,168.0532446,306.3380282,167.2297297,606.5259117,289.2720307,229.601518,225.8064516,206.5813528,182.1631879,2400,2347.826087,2239.130435,2326.086957,2340.425532,2369.565217,2600
5:09:46,347.826087,2367.346939,242.6035503,225.8064516,2586.956522,197.4169742,182.9710145,2260.869565,182.6401447,163.410302,178.1305115,166.3747811,3000,201.4787431,179.7945205,169.8440208,142.3728814,148.5809683,128.9256198,124.5901639,122.7786753,1574.468085,1888.888889,412.173913,2511.111111,2222.222222,1911.111111,2044.444444,1638.297872,153.3442088,1804.347826,1565.217391,1869.565217,1510.638298,1521.73913,2155.555556,2911.111111,2288.888889,1911.111111,189.7810219,1711.111111,1717.391304,133.5504886,244.5923461,121.6216216,104.4303797,118.858954,504.3478261,744.4933921,2066.666667,136.8948247,123.9935588,118.5308848,105.785124,113.2376396,98.07073955,114.1552511,391.1564626,277.5041051,183.0985915,267.1905697,166.6666667,390.625,1891.304348,128.7128713,175.0841751,125.2086811,323.9929947,112.5198098,437.1681416,181.3559322,165.7754011,246.728972,185.3741497,1936.170213,150.6622517,1808.510638,208.4033613,1934.782609,373.9130435,150.6622517,321.7391304,163.5750422,664.1221374,283.8095238,202.6515152,215.0943396,208.4095064,220.3389831,2288.888889,2478.26087,2456.521739,2391.304348,2340.425532,2543.478261,2600
5:19:46,363.8344227,2571.428571,261.8110236,231.9391635,2326.086957,190.3881701,176.8953069,2422.222222,175.4068716,159.2920354,152.8998243,198.9528796,2739.130435,206.2615101,161.2349914,171.8213058,145.9731544,144.0397351,129.7208539,125.6117455,112.7214171,1914.893617,2000,424.8704663,2888.888889,2111.111111,1844.444444,1866.666667,1851.06383,144.2463533,1760.869565,1521.73913,1521.73913,1617.021277,1717.391304,2222.222222,2711.111111,2222.222222,2088.888889,176.5765766,1844.444444,1804.347826,129.0322581,256.1174551,118.2634731,95.91194969,123.6133122,545.7685665,791.3043478,2288.888889,135.7615894,105.7692308,116.9686985,110.7491857,105.1805338,109.6979332,105.7401813,387.9598662,262.295082,157.8014184,243.6647173,171.8213058,390.4109589,1956.521739,128.8743883,178.2178218,125.4125413,343.1542461,125.7861635,443.4782609,154.8821549,168.7388988,232.2097378,177.0657673,1914.893617,123.7623762,1957.446809,198.6644407,1782.608696,372.8522337,134.6469622,326.4248705,166.1129568,697.7186312,249.5238095,215.6133829,199.6233522,211.9565217,192.0903955,2444.444444,2521.73913,2521.73913,2456.521739,2638.297872,2500,2733.333333
5:29:46,363.0434783,2469.387755,275.2475248,221.3740458,2347.826087,206.6420664,185.9205776,2266.666667,172.972973,173.1448763,170.1754386,207.7464789,3239.130435,228.7822878,162.3931624,157.2649573,145.7286432,133.4431631,130.9328969,123.7785016,115.755627,1851.06383,1911.111111,455.3264605,2777.777778,2311.111111,2000,1866.666667,1680.851064,147.0113086,1717.391304,1717.391304,1652.173913,1723.404255,1822.222222,2688.888889,2755.555556,2333.333333,2066.666667,189.9641577,1933.333333,1760.869565,144.2307692,273.1707317,114.0740741,117.0046802,112.164297,560.5536332,790.9482759,2244.444444,134.6469622,124.2038217,125.8169935,101.6129032,96.72386895,107.2555205,105.1051051,401.9769357,278.5016287,198.5940246,280.9430255,165.5290102,367.1742809,1739.130435,132.6860841,163.3986928,113.1147541,331.6151203,111.1111111,474.137931,156.5656566,181.1722913,237.7358491,188.9632107,1936.170213,138.6138614,1808.510638,190.4761905,2021.73913,369.8630137,143.0894309,332.7586207,161.9834711,728.8135593,258.126195,189.9441341,194.3396226,207.9566004,211.7202268,2600,2695.652174,2500,2565.217391,2382.978723,2586.956522,2977.777778
5:39:46,367.3913043,2653.061224,254.473161,228.1368821,2739.130435,212.5693161,178.700361,2333.333333,184.9192101,165.202109,168.1260946,251.7605634,3086.956522,230.4832714,162.3931624,142.1319797,130.2170284,127.4509804,124.386252,139.3841167,129.6,1787.234043,1911.111111,454.5454545,2844.444444,2311.111111,2266.666667,1822.222222,1744.680851,141.7069243,1869.565217,1630.434783,1630.434783,1765.957447,1755.555556,2266.666667,2733.333333,2466.666667,2088.888889,178.7610619,1822.222222,1804.347826,146.031746,261.6372392,121.1225997,99.84399376,111.9873817,579.5847751,878.7878788,2244.444444,130.9328969,116.2420382,115.4471545,112.3595506,102.1671827,104.6875,101.4925373,392.7986907,298.5318108,184.5342707,282.9076621,158.4327087,384.2281879,1847.826087,124.1935484,184.8184818,123.3766234,340.1015228,124.8049922,485.4700855,173.9130435,186.6197183,227.8719397,181.3643927,1978.723404,132.7868852,1744.680851,195.7585644,2065.217391,392.1232877,135.0482315,328.2051282,157.2123177,733.0827068,302.1032505,212.962963,196.5973535,196.7509025,192.8166352,2400,2565.217391,2413.043478,2630.434783,2319.148936,2434.782609,2822.222222
5:49:46,350.6493506,2714.285714,254,225.6214149,2260.869565,226.3450835,206.1482821,2377.777778,189.9641577,173.9894552,169.5804196,195.4225352,3239.130435,220.754717,161.2349914,134.9072513,145.6953642,127.8317152,126.4181524,130.4347826,125,1765.957447,1911.111111,473.5945486,2622.222222,2088.888889,2222.222222,2044.444444,1914.893617,152.2435897,1717.391304,1739.130435,1782.608696,1787.234043,1913.043478,2200,2888.888889,2244.444444,1977.777778,178.3216783,1800,1782.608696,127.9620853,274.3221691,133.2357247,95.9752322,115.0855365,606.8965517,853.7634409,2311.111111,125.203252,129.5418641,115.942029,105.0955414,103.2357473,104.1990669,105.1851852,412.3376623,301.6129032,200,249.5126706,177.9661017,415.4103853,2043.478261,130.6451613,174.0558292,128.2467532,347.3154362,122.4806202,488.0546075,177.4461028,181.0193322,243.4456929,170.5298013,2106.382979,141.9249592,1808.510638,206.4516129,2043.478261,419.0800681,139.6825397,356.0477002,162.0745543,764.8148148,295.5854127,226.7657993,210.2272727,189.9641577,212.5237192,2488.888889,2413.043478,2521.73913,2565.217391,2510.638298,2717.391304,2600
5:59:46,368.7635575,2612.244898,251.984127,232.3809524,2608.695652,220.7792208,197.4637681,2600,192.8571429,177.5043937,180.8695652,237.1681416,2956.521739,229.3233083,185.2487136,150.5016722,140.2640264,125.4019293,131.8327974,126.2135922,125.984252,1872.340426,2044.444444,464.4067797,2755.555556,2488.888889,2222.222222,2133.333333,1872.340426,138.3147854,1804.347826,1608.695652,1782.608696,1510.638298,1847.826087,2288.888889,2844.444444,2377.777778,2222.222222,176.4705882,1800,1760.869565,145.9968603,302.6941363,120.8151383,99.3883792,109.7372488,657.4870912,888.172043,2288.888889,139.3841167,124.4094488,124.8,113.5646688,116.2079511,106.3174114,107.6696165,444.2649435,305.4662379,191.6376307,236.7906067,178.1512605,431.6666667,1913.043478,124.8,198.6863711,124.3941842,376.6666667,123.8390093,494.9324324,174.3421053,205.2631579,230.7692308,206.2706271,2065.217391,136.8078176,1936.170213,195.5128205,2021.73913,424.1908007,155.3090333,338.9830508,171.7495987,782.122905,293.8931298,220.7792208,213.2075472,227.1914132,233.8403042,2533.333333,2500,2391.304348,2760.869565,2680.851064,2608.695652,2622.222222
6:09:46,377.9697624,2673.469388,238.9558233,245.7142857,2456.521739,221.6014898,210.5263158,2355.555556,201.7857143,190.8931699,184.8013817,223.9858907,3347.826087,224.1054614,178.3876501,143.0948419,140.7528642,146.9648562,138.5350318,124.1935484,130.0940439,1893.617021,1844.444444,489.8648649,2800,2200,2177.777778,1955.555556,1765.957447,156.8938193,1652.173913,1695.652174,1739.130435,1702.12766,1630.434783,2266.666667,2800,2333.333333,2066.666667,181.3471503,2133.333333,1913.043478,144.6345257,298.2731554,121.037464,112.804878,121.3517665,674.6575342,944.0860215,2422.222222,139.3841167,128.7284144,112.6984127,122.2570533,110.9422492,110.5990783,107.0381232,441.4125201,324.8,187.5,254.8638132,174.4966443,450.4950495,2021.73913,122.2222222,192.5566343,130.2250804,377.076412,119.6319018,535.3535354,170.771757,182.9268293,237.3831776,207.2368421,2021.276596,154.2207792,2000,210.8626198,1934.782609,415.959253,144.2155309,362.5632378,169.3290735,929.2364991,281.9047619,223.2472325,232.0754717,199.6434938,224.3346008,2600,2565.217391,2739.130435,2630.434783,2595.744681,2630.434783,2888.888889
6:19:46,387.4458874,2673.469388,257.0281124,247.6190476,2608.695652,223.6598891,222.2222222,2533.333333,195.035461,194.1074523,194.1580756,229.1296625,3195.652174,222.6415094,166.380789,160.0660066,144.9511401,146.031746,137.4407583,128.7758347,124.6105919,1914.893617,2111.111111,515.1515152,2822.222222,2533.333333,2333.333333,2200,1957.446809,150.2347418,1826.086957,1717.391304,1695.652174,1787.234043,1822.222222,2266.666667,2977.777778,2466.666667,2288.888889,179.0017212,1911.111111,1760.869565,135.5932203,305.1643192,121.7765043,109.939759,104.7040971,689.5368782,969.9570815,2355.555556,118.7800963,135.3032659,128.164557,105.7542768,103.6036036,104.387292,115.1603499,476.9475358,322.2222222,178.8194444,277.1317829,188.9632107,432.0785597,2021.73913,119.873817,202.8753994,136.7249603,407.2847682,123.6641221,554.0765391,191.4893617,196.5217391,250.9363296,209.8360656,2130.434783,146.3022508,1934.782609,208.5308057,2217.391304,462.7118644,152.9968454,391.959799,177.7777778,888.4758364,307.5471698,243.9926063,237.7358491,225.8064516,235.2941176,2577.777778,2586.956522,2500,2652.173913,2531.914894,2782.608696,2822.222222
6:29:46,380.6451613,2571.428571,263.1578947,219.6969697,2673.913043,229.6296296,220.2486679,2555.555556,202.1276596,192.3743501,177.8929188,234.1549296,3130.434783,237.6425856,183.8487973,163.0971993,150.2423263,145.5696203,133.4379906,139.7174254,126.9349845,1829.787234,1934.782609,556.302521,2955.555556,2511.111111,2244.444444,2044.444444,1914.893617,156.25,1652.173913,1804.347826,1782.608696,1744.680851,1717.391304,2400,3288.888889,2600,2155.555556,186.0068259,1844.444444,1847.826087,153.1393568,300.3095975,138.1766382,114.2857143,119.3353474,705.982906,987.0967742,2333.333333,152.2435897,145.7364341,118.5647426,119.0108192,116.0714286,114.8036254,114.8255814,503.9370079,343.3544304,232.7586207,253.384913,170,479.6747967,1913.043478,142.4100156,198.4126984,130.1587302,386.2520458,134.6444781,566.1641541,181.8181818,202.0725389,261.1111111,189.5424837,2042.553191,144,1936.170213,217.5273865,2195.652174,459.7315436,146.875,385.3820598,182.3899371,861.1111111,290.5660377,236.6972477,210.1313321,229.5373665,215.9090909,2644.444444,2478.26087,2673.913043,2673.913043,2510.638298,2630.434783,2955.555556
6:39:46,396.1456103,2591.836735,259.0361446,238.1852552,2652.173913,244.0366972,222.8163993,2644.444444,219.858156,185.8864028,184.6153846,265.4867257,3543.478261,241.9659735,182.444062,164.2276423,142.4,143.525741,142.6356589,126.1682243,130.6376361,1936.170213,2111.111111,558.7248322,2977.777778,2466.666667,2222.222222,2044.444444,1723.404255,155.8641975,1826.086957,1760.869565,1673.913043,1680.851064,1933.333333,2266.666667,3088.888889,2622.222222,2266.666667,179.357022,1955.555556,1891.304348,151.0574018,300.6134969,125.528914,105.3412463,117.1171171,727.739726,993.8271605,2533.333333,151.2738854,125.7668712,114.5510836,110.5990783,110.619469,118.2634731,102.6011561,496.0876369,340.6593407,191.0499139,269.2307692,180.7628524,512.9032258,2021.73913,136.0123648,210.1105845,118.75,395.4619125,135.9516616,597.359736,189.0145396,206.8965517,254.1436464,201.6260163,2065.217391,157.6433121,2170.212766,228.4820031,2130.434783,510,161.7418351,416.8039539,177.672956,885.3974122,311.3207547,250.4604052,233.0827068,226.3814617,208.7286528,2577.777778,2739.130435,2695.652174,2717.391304,2446.808511,2804.347826,2777.777778
6:49:46,375,2734.693878,282.8685259,241.509434,2543.478261,250.9157509,237.5886525,2622.222222,214.5390071,198.2758621,197.9522184,246.9135802,3021.73913,227.2727273,186.3247863,166.1237785,154.4585987,145.9627329,141.7565485,137.5579598,129.0322581,2021.276596,1866.666667,571.1892797,2733.333333,2355.555556,2288.888889,2088.888889,1936.170213,152.9051988,1782.608696,1891.304348,1760.869565,1936.170213,1847.826087,2444.444444,3288.888889,2422.222222,2377.777778,202.7027027,1977.777778,1869.565217,140.4833837,317.5572519,135.021097,116.1764706,123.3283804,749.5741056,1006.147541,2488.888889,127.9620853,136.2940276,121.3517665,122.1374046,106.5693431,98.36065574,118.1556196,506.25,349.4539782,181.3471503,294.7976879,181.3643927,506.3897764,2065.217391,136.0856269,196.875,130.4347826,404.494382,142.2155689,621.4876033,183.2797428,199.3127148,260.6284658,215.9090909,2000,154.8183254,2063.829787,228.9719626,2130.434783,489.291598,172.0930233,407.2249589,178.4037559,928.3088235,298.8721805,244.9355433,228.3018868,251.3274336,239.5437262,2644.444444,2652.173913,2739.130435,2891.304348,2617.021277,2913.043478,3000
6:59:46,375,2734.693878,299.1967871,261.7702448,2695.652174,244.0366972,221.8309859,2488.888889,217.3144876,199.6557659,199.318569,271.7584369,3043.478261,244.7817837,189.4197952,168.8311688,180.952381,146.1538462,131.9018405,129.6296296,120.2435312,1914.893617,2000,565,2911.111111,2622.222222,2155.555556,2111.111111,1957.446809,160.3053435,1891.304348,1869.565217,1673.913043,1765.957447,1652.173913,2666.666667,2844.444444,2466.666667,2355.555556,185.8108108,1866.666667,1913.043478,150.7462687,326.2839879,152.6610644,116.1764706,123.7113402,767.0068027,1040.899796,2377.777778,155.1724138,133.9421613,127.1056662,118.0866966,111.2716763,107.8286558,104.7345768,506.2111801,368.4210526,201.7241379,305.7692308,190,512.6984127,1913.043478,130.5007587,200.927357,129.6296296,433.6,135.8208955,642.5041186,192.6163724,202.7491409,275.4158965,229.4022617,2234.042553,147.7987421,2000,239.1304348,2195.652174,513.9573071,158.1395349,427.1685761,190.625,1047.97048,342.1052632,253.7313433,256.6037736,243.3862434,252.851711,2755.555556,2586.956522,2782.608696,2652.173913,2723.404255,2717.391304,2911.111111
7:09:46,406.8522484,2673.469388,286.8686869,276.3157895,2695.652174,249.0842491,224.9560633,2755.555556,222.2222222,208.9810017,202.725724,265.8450704,3086.956522,252.851711,205.7823129,168.0129241,146.2264151,140.6727829,139.3939394,131.9018405,134.1463415,1978.723404,2088.888889,589.3155259,2866.666667,2444.444444,2244.444444,2244.444444,1893.617021,146.969697,1826.086957,2021.73913,1782.608696,1765.957447,1866.666667,2266.666667,3222.222222,2600,2333.333333,187.6046901,2088.888889,1891.304348,147.5409836,325.8258258,134.0782123,118.0758017,120.0585652,785.7142857,1038.854806,2555.555556,125.9720062,127.0801815,126.1398176,111.2759644,119.5965418,111.2737921,118.4022825,539.5348837,365.5913978,204.467354,279.6934866,194.3521595,511.0410095,2065.217391,141.1411411,202.764977,122.7272727,449.6,129.657228,636.2153344,204.4728435,206.5404475,260.6284658,224.7191011,2255.319149,148.9028213,2170.212766,248.8408037,2152.173913,533.4420881,166.6666667,455.1386623,192.5465839,1011.009174,312.1495327,261.5955473,251.8939394,235.0877193,249.0494297,2777.777778,2739.130435,2956.521739,2956.521739,2893.617021,3065.217391,2955.555556
7:19:46,381.663113,2714.285714,304.6092184,283.8345865,2630.434783,253.1876138,237.258348,2822.222222,231.8584071,208.9810017,198.6417657,250,3434.782609,272.7272727,212.2241087,185.483871,154.4461778,154.7799697,147.5903614,142.2018349,136.9863014,1936.170213,2244.444444,590,3244.444444,2533.333333,2333.333333,2200,2021.276596,163.141994,1913.043478,1934.782609,1934.782609,1680.851064,1934.782609,2711.111111,3511.111111,2466.666667,2400,187.3963516,1733.333333,1934.782609,156.5731167,332.3397914,132.3119777,104.4992743,113.7026239,800,1048.879837,2688.888889,162.037037,141.3533835,117.8247734,111.7647059,118.4022825,119.1860465,116.3120567,536.3214838,387.195122,216.1234991,299.4241843,180.4635762,529.8742138,2000,133.4332834,211.8902439,130.8980213,450.6369427,143.2791728,684.5528455,204.4728435,230.5084746,287.2928177,223.4726688,2148.93617,144.6345257,2106.382979,244.9922958,2173.913043,525.8899676,160.7963247,444.2649435,182.9457364,1027.573529,347.6635514,265.3061224,257.5757576,259.6491228,258.979206,2644.444444,2804.347826,2978.26087,2956.521739,2851.06383,2826.086957,3177.777778
7:29:46,410.6382979,2857.142857,306,274.6212121,2543.478261,263.5379061,236.013986,2711.111111,230.4964539,214.532872,217.6870748,260.5633803,3152.173913,287.8787879,202.3809524,169.0821256,159.1962906,150.4559271,144.1441441,144.3768997,140.2714932,1978.723404,2111.111111,589.4039735,3177.777778,2644.444444,2311.111111,2133.333333,2021.276596,166.6666667,1978.26087,1891.304348,1869.565217,1872.340426,1911.111111,2444.444444,3177.777778,2355.555556,2355.555556,200.9884679,2133.333333,1804.347826,153.2846715,327.8931751,141.6666667,116.5467626,130.8139535,842.6395939,1105.691057,2311.111111,145.2599388,133.4332834,131.934033,114.5374449,117.7304965,125.5411255,108.7570621,556.5749235,391.8305598,219.9312715,286.5384615,191.1037891,538.4615385,2086.956522,126.3001486,212.7659574,132.7300151,464.7887324,125.1840943,705.5016181,198.7281399,221.6582064,287.037037,244.3729904,2130.434783,153.0139104,2191.489362,252.6799387,2239.130435,550.3246753,163.8591118,464.6302251,191.9504644,1012.867647,368.4210526,257.8849722,269.8113208,260.5633803,244.7817837,2866.666667,2804.347826,2956.521739,3065.217391,2872.340426,2847.826087,3000
7:39:46,396.1864407,3062.5,316.5322581,284.3691149,2717.391304,268.2481752,243.006993,2755.555556,217.9261863,223.183391,195.911414,277.385159,3282.608696,275.4716981,217.3174873,184.5906902,155.624037,153.3834586,146.0506706,143.5045317,144.5783133,2106.382979,2155.555556,617.5496689,3177.777778,2711.111111,2400,2377.777778,1957.446809,165.9192825,1869.565217,1695.652174,1673.913043,1893.617021,1717.391304,2333.333333,3244.444444,2622.222222,2288.888889,199.0212072,1933.333333,1934.782609,173.4104046,349.0427099,149.5844875,112.6961484,121.037464,861.4864865,1141.393443,2733.333333,127.4658574,134.529148,122.2056632,113.8686131,109.8591549,101.7191977,119.3820225,558.778626,386.1236802,229.8456261,318.7022901,202.3026316,567.6100629,2086.956522,146.0176991,221.719457,127.6276276,482.0592824,133.8235294,723.4726688,193.3438986,220.3389831,275.4158965,241.2140575,2212.765957,147.2392638,2106.382979,250.764526,2369.565217,540.7166124,171.2538226,458.0645161,200,994.5054945,328.3302064,278.2931354,267.9245283,253.9404553,269.4497154,2888.888889,2717.391304,2782.608696,2978.26087,2765.957447,3108.695652,2955.555556
7:49:46,398.3228512,2938.77551,323.2323232,270.3213611,2608.695652,264.5985401,234.676007,2800,231.8584071,234.8877375,226.1904762,292.7689594,3543.478261,264.1509434,218.0579216,181.3804173,159.2649311,157.9731744,153.0460624,146.0843373,151.4242879,2000,2311.111111,638.0165289,3111.111111,2622.222222,2377.777778,2355.555556,2021.276596,169.8956781,1869.565217,1847.826087,1760.869565,1914.893617,2044.444444,2688.888889,3311.111111,2733.333333,2555.555556,214.9837134,2000,2000,155.1724138,350.9544787,139.8891967,115.2204836,134.8637016,848.4848485,1138.77551,2511.111111,164.3835616,149.0312966,124.6290801,123.3671988,110.3351955,119.6581197,110.799439,568.597561,389.7280967,214.7766323,320.537428,197.6744186,583.2037325,2043.478261,134.2182891,227.7526395,140.5082212,466.3536776,136.3636364,707.8651685,219.2429022,226.3513514,298.1481481,238.4,2255.319149,160.5504587,2042.553191,247.7203647,2239.130435,586.4297254,169.9544765,451.7684887,208.6553323,1062.5,333.3333333,291.7431193,259.8870056,257.8947368,262.2641509,2844.444444,2760.869565,2934.782609,2869.565217,2638.297872,3065.217391,2911.111111
7:59:46,385.7442348,2897.959184,324.5436105,290.0188324,2913.043478,271.8978102,243.4325744,2688.888889,242.9078014,237.4350087,222.7891156,284.9557522,3173.913043,292.7756654,214.2857143,184.2948718,160.7963247,159.9402093,149.851632,150.9715994,135.6184799,2042.553191,2133.333333,618.8118812,3200,2688.888889,2488.888889,2244.444444,1914.893617,180.4733728,1913.043478,1717.391304,1804.347826,2063.829787,1934.782609,2555.555556,3266.666667,2755.555556,2288.888889,218.8006483,1911.111111,2217.391304,167.6217765,349.4152047,147.9944675,115.819209,118.5714286,878.3783784,1160.89613,2688.888889,151.7450683,137.9821958,121.7008798,124.4573082,116.0220994,112.8349788,110.799439,568.3890578,388.5542169,223.3676976,296.9348659,200.3311258,586.9565217,2108.695652,151.9174041,211.1613876,137.1087928,484.375,145.9854015,720.4472843,205.0473186,236.9747899,292.3649907,246.7948718,2297.87234,150.4559271,2063.829787,248.4848485,2108.695652,584.5410628,180.0302572,467.8456592,218.1259601,1202.925046,366.0377358,298.1481481,257.518797,275.7417103,264.5403377,2888.888889,2739.130435,3000,2934.782609,2765.957447,2869.565217,3088.888889
8:09:46,397.9166667,2857.142857,310.6212425,284.6441948,2826.086957,292.7272727,261.3240418,2688.888889,257.95053,246.0732984,238.0952381,277.385159,3413.043478,299.047619,231.5608919,194.5337621,168.9497717,163.4472511,165.4357459,146.2686567,139.6731055,1978.723404,2133.333333,643.5643564,3444.444444,2577.777778,2377.777778,2111.111111,1872.340426,180.2067947,1956.521739,1934.782609,1543.478261,1765.957447,2022.222222,2644.444444,3800,2488.888889,2422.222222,220.2572347,2044.444444,1913.043478,161.7021277,350.3649635,137.7410468,119.7183099,123.9316239,895.6228956,1167.689162,2511.111111,166.4145234,137.1681416,134.8148148,114.7058824,111.7241379,122.0196353,117.6470588,590.9090909,408.1325301,223.3676976,319.3116635,216.1716172,613.2075472,2021.73913,150.4424779,235.0299401,126.4880952,507.0202808,140.3508772,725.6778309,206.9510269,231.8104907,306.5420561,257.6,2369.565217,154.5454545,2106.382979,259.8187311,2260.869565,613.1621188,168.1818182,524.1157556,211.9815668,1087.751371,366.8528864,308.411215,294.3396226,275.7417103,290.2621723,3177.777778,2891.304348,2956.521739,2913.043478,2893.617021,2717.391304,3111.111111
