RBS,Rep1,Rep2,Rep3,AVERAGE,STD,PERC
ATGTATATCTCCTTCTTAAA,1194.44444444444,1160.37735849057,1486.11111111111,1280.31097134871,146.185760207156,11.42%
ATGTATATCTCCTTCTTAAG,793.981481481482,732.608695652174,1054.58515283843,860.391776657361,139.582604514468,16.22%
ATGTATATCTCCTTCTTAAC,453.362255965293,426.636568848759,661.943319838057,513.980714884036,105.192727684466,20.47%
ATGTATATCTCCTTCTTAAT,803.493449781659,707.414829659319,1012.12121212121,841.00983052073,127.193039631558,15.12%
ATGTATATCTCCTTCTTAGA,833.688699360341,737.270875763747,946.938775510204,839.299450211431,85.6884567871982,10.21%
ATGTATATCTCCTTCTTACA,368.852459016393,342.685370741483,521.317829457364,410.95188640508,78.768268427338,19.17%
ATGTATATCTCCTTCTTATA,633.620689655172,554.455445544554,773.547094188377,653.874409796034,90.5831018495367,13.85%
ATGTATATCTCCTTCTTCAA,783.838383838384,772.540983606557,nan,703.600519366609,92.9783366658443,13.21%
ATGTATATCTCCTTCTTTAA,443.339960238569,393.65671641791,968.565815324165,601.854163993548,260.096370082779,43.22%
ATGTATATCTCCTTCTGAAA,750.487329434698,658.928571428571,613.152804642166,674.189568501812,57.0956300064474,8.47%
ATGTATATCTCCTTCTCAAA,955.223880597015,777.358490566038,928.716904276986,887.099758480013,78.349704789628,8.83%
ATGTATATCTCCTTCTAAAA,747.663551401869,742.009132420091,958.498023715415,816.056902512458,100.747532213522,12.35%
ATGTATATCTCCTTCGTAAA,771.241830065359,659.380692167577,1102.34541577825,844.322646003729,188.07807037599,22.28%
ATGTATATCTCCTTCCTAAA,612.033195020747,565.302144249513,985.743380855397,721.026240041886,188.152989624412,26.10%
ATGTATATCTCCTTCATAAA,402.366863905325,348.375451263538,763.915547024952,504.885954064605,184.483089887513,36.54%
ATGTATATCTCCTTGTTAAA,512.820512820513,449.152542372881,538.878842676311,500.283965956568,37.6879821427575,7.53%
ATGTATATCTCCTTTTTAAA,448.473282442748,368.421052631579,511.864406779661,442.919580617996,58.6920304941066,13.25%
ATGTATATCTCCTTATTAAA,449.416342412451,403.010033444816,468.013468013468,440.146614623578,27.3350509589197,6.21%
ATGTATATCTCCTGCTTAAA,426.923076923077,346.830985915493,512.19512195122,428.649728263263,67.5206653074869,15.75%
ATGTATATCTCCTCCTTAAA,477.313974591652,439.868204283361,511.669658886894,476.283945920635,29.3218682907842,6.16%
ATGTATATCTCCTACTTAAA,307.964601769912,276.295133437991,595.113438045375,393.124391084426,143.411808266152,36.48%
ATGTATATCTCCGTCTTAAA,442.244224422442,426.179604261796,428.571428571429,432.331752418556,7.07686521010134,1.64%
ATGTATATCTCCCTCTTAAA,228.136882129278,160,562.607204116638,316.914695415305,175.943675268613,55.52%
ATGTATATCTCCATCTTAAA,557.077625570776,473.333333333333,377.289377289377,469.233445397829,73.4554757016624,15.65%
ATGTATATCTCGTTCTTAAA,602.484472049689,503.55871886121,732.365145228216,612.802778713038,93.6943462399918,15.29%
ATGTATATCTCTTTCTTAAA,244.258872651357,206.500956022944,722.935779816514,391.231869496938,235.05606162219,60.08%
ATGTATATCTCATTCTTAAA,242.971887550201,181.818181818182,371.841155234657,265.543741534346,79.2014269682931,29.83%
ATGTATATCTGCTTCTTAAA,178.637200736648,143.790849673203,348.672566371682,223.700205593844,89.5065556794536,40.01%
ATGTATATCTTCTTCTTAAA,154.128440366973,131.36288998358,281.666666666667,189.052665672406,66.1441983154399,34.99%
ATGTATATCTACTTCTTAAA,152.899824253076,117.834394904459,248.756218905473,173.163479354336,55.3359002726997,31.96%
ATGTATATCGCCTTCTTAAA,129.370629370629,105.343511450382,254.125412541254,162.946517787422,65.2151247042494,40.02%
ATGTATATCCCCTTCTTAAA,203.900709219858,196.899224806201,249.146757679181,216.64889723508,23.1565454545341,10.69%
ATGTATATCACCTTCTTAAA,235,181.159420289855,340.20618556701,252.121868618955,66.0496640164818,26.20%
ATGTATATGTCCTTCTTAAA,295.025728987993,254.211332312404,350.993377483444,300.076812927947,39.6722081865767,13.22%
ATGTATATTTCCTTCTTAAA,267.790262172285,178.628389154705,360.927152317881,269.115267881623,74.4290556740814,27.66%
ATGTATATATCCTTCTTAAA,579.831932773109,471.774193548387,441.340782122905,497.648969481467,59.4254587658338,11.94%
ATGTATAGCTCCTTCTTAAA,329.875518672199,242.070116861436,716,429.315211844545,205.86172214473,47.95%
ATGTATACCTCCTTCTTAAA,322.200392927308,289.424860853432,460.144927536232,357.256727105658,73.9731717879888,20.71%
ATGTATAACTCCTTCTTAAA,309.751434034417,218.487394957983,442.857142857143,323.698657283181,92.1279534862474,28.46%
ATGTATGTCTCCTTCTTAAA,372.822299651568,363.025210084034,411.558669001751,382.468726245784,20.9549408359565,5.48%
ATGTATCTCTCCTTCTTAAA,408.273381294964,349.606299212598,435.064935064935,397.648205190833,35.6881435574751,8.97%
ATGTATTTCTCCTTCTTAAA,137.630662020906,106.583072100314,434.343434343434,226.185722821551,147.73447546074,65.32%
ATGTAGATCTCCTTCTTAAA,151.943462897527,119.685039370079,224.590163934426,165.406222067344,43.8725859986521,26.52%
ATGTACATCTCCTTCTTAAA,474.63768115942,429.429429429429,232.40589198036,378.824334189737,105.165636562475,27.76%
ATGTAAATCTCCTTCTTAAA,369.676320272572,309.063893016345,584.040747028863,420.926986772593,117.963386051711,28.02%
ATGTGTATCTCCTTCTTAAA,458.699472759227,375.586854460094,504.215851602024,446.167392940448,53.2550122515732,11.94%
ATGTCTATCTCCTTCTTAAA,648.393194706994,569.983136593592,533.106960950764,583.827764083783,48.0727518536969,8.23%
ATGTTTATCTCCTTCTTAAA,947.939262472885,836.653386454183,775.925925925926,853.506191617665,71.2280832673604,8.35%
ATGGATATCTCCTTCTTAAA,582.822085889571,520.868113522538,1075.51020408163,726.400134497914,248.150430433606,34.16%
ATGCATATCTCCTTCTTAAA,350.409836065574,306.985294117647,724.014336917563,460.469822366928,187.195452354207,40.65%
ATGAATATCTCCTTCTTAAA,485.772357723577,424.242424242424,455.172413793104,455.062398586368,25.1196106134638,5.52%
ATTTATATCTCCTTCTTAAA,448.695652173913,407.176287051482,558.669001751314,471.513646992236,63.9166452886252,13.56%
ATCTATATCTCCTTCTTAAA,425.862068965517,409.090909090909,472.817133443163,435.923370499863,26.9713460172362,6.19%
ATATATATCTCCTTCTTAAA,429.840142095915,401.639344262295,495.755517826825,442.411668061678,39.437680631921,8.91%
AGGTATATCTCCTTCTTAAA,451.83887915937,444.444444444445,486.622073578595,460.96846572747,18.3893105367007,3.99%
ACGTATATCTCCTTCTTAAA,456.204379562044,442.372881355932,533.557046979866,477.378102632614,40.123832706885,8.41%
AAGTATATCTCCTTCTTAAA,504.761904761905,406.752411575563,567.986230636833,493.166848991434,66.3320942481133,13.45%
GTGTATATCTCCTTCTTAAA,583.025830258303,497.528830313015,594.276094276094,558.276918282471,43.2002295833101,7.74%
CTGTATATCTCCTTCTTAAA,250.474383301708,162.207357859532,647.686832740214,353.456191300484,211.150056778946,59.74%
TTGTATATCTCCTTCTTAAA,942.307692307692,855.913978494624,437.735849056604,745.319173286307,220.335493365231,29.56%
ATGTATAGTCAACTCTTAAA,577.868852459016,478.849407783418,1105.57768924303,720.765316495154,275.089845045641,38.17%
ATGTATACAGGTATCTTAAA,228.515625,164.601769911504,714.285714285714,369.134369732406,245.449700486387,66.49%
ATGTATACGCTTCTCTTAAA,174.721189591078,144.620811287478,354.497354497354,224.613118458637,92.6604707953575,41.25%
ATGTATAGCATACTCTTAAA,182.341650671785,122.549019607843,278.768233387358,194.552967888995,64.3581017412569,33.08%
ATGTATAAAGTGATCTTAAA,202.173913043478,116.385911179173,228.209191759113,182.256338660588,47.7747760984703,26.21%
ATGTATAGGCTTCTCTTAAA,160.220994475138,119.868637110016,249.594813614263,176.561481733139,54.206265692411,30.70%
ATGTATATTCTATTCTTAAA,164.579606440072,140.625,265.758091993186,190.320899477752,54.2311921522574,28.49%
ATGTATAGTCAGATCTTAAA,180.112570356473,138.40830449827,281.786941580756,200.1026054785,60.2166063531908,30.09%
ATGTATATACTTATCTTAAA,165.137614678899,118.971061093248,280.201342281879,188.103339351342,67.7956206812758,36.04%
ATGTATATTTATCTCTTAAA,183.364839319471,149.078726968174,279.109589041096,203.851051776247,55.0258723903276,26.99%
ATGTATATTGACCTCTTAAA,233.576642335766,202.020202020202,327.03213610586,254.209660153943,53.0803603615821,20.88%
ATGTATAGGATCGTCTTAAA,298.804780876494,276.923076923077,446.529080675422,340.752312824998,75.3270456283274,22.11%
ATGTATAGTCTGTTCTTAAA,206.378986866792,151.219512195122,476.635514018691,278.078004360202,142.195769728098,51.14%
ATGTATATATAACTCTTAAA,222.868217054264,163.763066202091,360.967184801382,249.199489352579,82.6331976216453,33.16%
ATGTATATGTTCCTCTTAAA,203.007518796992,147.727272727273,321.180555555556,223.97178235994,72.3470137187414,32.30%
ATGTATATTCGGGTCTTAAA,470.149253731343,369.951534733441,307.692307692308,382.597698719031,66.9228856059736,17.49%
ATGTATAGACATTTCTTAAA,177.858439201452,131.795716639209,429.951690821256,246.535282220639,131.051205794842,53.16%
ATGTATAGGTACGTCTTAAA,183.520599250936,139.802631578947,265.238879736409,196.187370188764,51.9865264752871,26.50%
ATGTATACACGGTTCTTAAA,213.147410358566,147.208121827411,301.369863013699,220.575131733225,63.1550414720875,28.63%
ATGTATAGTGTCCTCTTAAA,198.076923076923,161.921708185053,296.551724137931,218.850118466636,56.8914436091076,26.00%
ATGTATATGGGATTCTTAAA,224.137931034483,142.857142857143,304.123711340206,223.706261743944,65.8375084652001,29.43%
ATGTATATCGCTCTCTTAAA,212.237093690249,147.540983606557,342.013888888889,233.930655395232,80.8615511716316,34.57%
ATGTATAGCATATTCTTAAA,478.764478764479,425.992779783394,367.941712204007,424.232990250627,45.2603140468477,10.67%
ATGTATAATGTTGTCTTAAA,407.643312101911,272.015655577299,663.551401869159,447.736789849456,162.33848460239,36.26%
ATGTATATGTAGCTCTTAAA,489.837398373984,448.275862068966,603.921568627451,514.011609690133,65.8011695037453,12.80%
ATGTATAGTCTTCTCTTAAA,293.388429752066,280.665280665281,657.19696969697,410.416893371439,174.577154259652,42.54%
ATGTATAACGGAGTCTTAAA,330.645161290323,313.092979127135,450.467289719626,364.735143379028,61.0438119266087,16.74%
ATGTATATAGTAATCTTAAA,259.920634920635,178.890876565295,489.795918367347,309.535809951092,131.685826748012,42.54%
ATGTATAGTCTCGTCTTAAA,258.75486381323,231.075697211155,387.5,292.443520341462,68.1583196670415,23.31%
